natgas_SE,ethane_SE,natgas_demand_SE,biowood_SE,bioherb_SE,elec_SE,ethylene_SE,h2_SE,co2_captured_SE,gasoline_SE,gasoline_demand_SE,jetfuel_SE,jetfuel_demand_SE,diesel_SE,diesel_demand_SE
14.058029999999999,0.0,26.614711219999997,86.55,86.4192,12.952084172065252,5000.0,14.809897722455895,-6.1,94.95991,94.95991,75.68131,75.68131,97.34841,97.34841
14.058029999999999,0.0,26.614711219999997,86.55,86.4192,9.972880001280538,5000.0,14.839689764163744,58.06537833231503,94.95991,94.95991,75.68131,75.68131,97.34841,97.34841
14.058029999999999,0.0,26.614711219999997,86.55,86.4192,9.972880001280538,5000.0,14.839689764163744,58.06537833231503,94.95991,94.95991,75.68131,75.68131,97.34841,97.34841
14.058029999999999,0.0,26.614711219999997,86.55,86.4192,9.972880001280538,5000.0,14.839689764163744,-6.1,94.95991,94.95991,75.68131,75.68131,97.34841,97.34841
14.058029999999999,0.0,26.614711219999997,86.55,86.4192,9.972880001280538,5000.0,14.839689764163744,58.06537833231503,94.95991,94.95991,75.68131,75.68131,97.34841,97.34841
14.058029999999999,0.0,26.614711219999997,86.55,86.4192,9.972880001280538,47.2,14.839689764163744,-6.1,94.95991,94.95991,75.68131,75.68131,97.34841,97.34841
14.058029999999999,0.0,26.614711219999997,86.55,86.4192,13.297953481644974,47.2,15.20537763380945,-6.1,94.95991,94.95991,75.68131,75.68131,97.34841,97.34841
14.058029999999999,0.0,26.614711219999997,86.55,86.4192,0.0,47.2,14.93941856417655,-6.1,94.95991,94.95991,75.68131,75.68131,97.34841,97.34841
14.058029999999999,0.0,26.614711219999997,86.55,86.4192,0.0,47.2,14.93941856417655,-6.1,94.95991,94.95991,75.68131,75.68131,97.34841,97.34841
14.058029999999999,0.0,26.614711219999997,86.55,86.4192,9.972880001280538,47.2,14.839689764163744,-5.2446639141191325,94.95991,94.95991,75.68131,75.68131,97.34841,97.34841
14.058029999999999,0.0,26.614711219999997,86.55,86.4192,9.972880001280538,47.2,14.839689764163744,-4.700476796691511,94.95991,94.95991,75.68131,75.68131,97.34841,97.34841
14.058029999999999,0.0,26.614711219999997,86.55,86.4192,9.972880001280538,47.2,14.839689764163744,58.06537833231503,94.95991,94.95991,75.68131,75.68131,97.34841,97.34841
14.058029999999999,0.0,26.614711219999997,86.55,86.4192,9.972880001280538,47.2,14.839689764163744,-6.1,94.95991,94.95991,75.68131,75.68131,97.34841,97.34841
14.058029999999999,0.0,26.614711219999997,86.55,86.4192,0.0,47.2,14.93941856417655,-6.1,94.95991,94.95991,75.68131,75.68131,97.34841,97.34841
14.058029999999999,0.0,26.614711219999997,86.55,86.4192,0.0,47.2,14.93941856417655,-6.1,94.95991,94.95991,75.68131,75.68131,97.34841,97.34841
14.058029999999999,0.0,26.614711219999997,86.55,86.4192,0.0,47.2,14.93941856417655,-6.1,94.95991,94.95991,75.68131,75.68131,97.34841,97.34841
14.058029999999999,0.0,26.614711219999997,86.55,86.4192,13.297953481644974,47.2,15.20537763380945,70.1487579827064,94.95991,94.95991,75.68131,75.68131,97.34841,97.34841
14.058029999999999,0.0,26.614711219999997,86.55,86.4192,13.297953481644974,47.2,15.20537763380945,57.50652164611216,94.95991,94.95991,75.68131,75.68131,97.34841,97.34841
14.058029999999999,0.0,26.614711219999997,86.55,86.4192,13.297953481644974,47.2,15.20537763380945,70.1487579827064,94.95991,94.95991,75.68131,75.68131,97.34841,97.34841
14.058029999999999,0.0,26.614711219999997,86.55,86.4192,12.952084172065252,47.2,14.809897722455899,-6.1,94.95991,94.95991,75.68131,75.68131,97.34841,97.34841
14.058029999999999,0.0,26.614711219999997,86.55,86.4192,9.972880001280538,47.2,14.839689764163744,-6.1,94.95991,94.95991,75.68131,75.68131,97.34841,97.34841
14.058029999999999,0.0,26.614711219999997,86.55,86.4192,9.972880001280538,47.2,14.839689764163744,-6.1,94.95991,94.95991,75.68131,75.68131,97.34841,97.34841
14.058029999999999,0.0,26.614711219999997,86.55,86.4192,12.952084172065252,47.2,14.809897722455899,-6.1,94.95991,94.95991,75.68131,75.68131,97.34841,97.34841
14.058029999999999,0.0,26.614711219999997,86.55,86.4192,12.952084172065252,47.2,14.809897722455899,-6.1,94.95991,94.95991,75.68131,75.68131,97.34841,97.34841
14.058029999999999,0.0,26.614711219999997,86.55,86.4192,13.297953481644974,47.2,15.20537763380945,57.50652164611216,94.95991,94.95991,75.68131,75.68131,97.34841,97.34841
14.058029999999999,0.0,26.614711219999997,86.55,86.4192,13.297953481644974,47.2,15.20537763380945,-6.1,94.95991,94.95991,75.68131,75.68131,97.34841,97.34841
14.058029999999999,0.0,26.614711219999997,86.55,86.4192,13.297953481644974,47.2,15.20537763380945,-6.1,94.95991,94.95991,75.68131,75.68131,97.34841,97.34841
14.058029999999999,0.0,26.614711219999997,86.55,86.4192,13.297953481644974,47.2,15.20537763380945,-6.1,94.95991,94.95991,75.68131,75.68131,97.34841,97.34841
14.058029999999999,0.0,26.614711219999997,86.55,86.4192,13.297953481644974,47.2,15.20537763380945,-6.1,94.95991,94.95991,75.68131,75.68131,97.34841,97.34841
14.058029999999999,0.0,26.614711219999997,160.69631667973303,160.69631667973303,151.8173983449609,47.2,17.975766531075767,-6.1,94.95991,94.95991,75.68131,75.68131,97.34841,97.34841
14.058029999999999,0.0,26.614711219999997,86.55,86.4192,151.8173983449609,47.2,17.975766531075767,-6.1,94.95991,94.95991,75.68131,75.68131,97.34841,97.34841
14.058029999999999,0.0,26.614711219999997,86.55,86.4192,9.972880001280538,47.2,14.086752481329214,-6.1,94.95991,94.95991,75.68131,75.68131,97.34841,97.34841
14.058029999999999,0.0,26.614711219999997,86.55,86.4192,0.0,47.2,14.18648128134202,-6.1,94.95991,94.95991,75.68131,75.68131,97.34841,97.34841
14.058029999999999,0.0,26.614711219999997,86.55,86.4192,0.0,47.2,14.18648128134202,24.64,94.95991,94.95991,75.68131,75.68131,97.34841,97.34841
14.058029999999999,0.0,26.614711219999997,86.55,86.4192,0.0,47.2,14.18648128134202,24.64,94.95991,94.95991,75.68131,75.68131,97.34841,97.34841
14.058029999999999,0.0,26.614711219999997,86.55,86.4192,0.0,47.2,14.18648128134202,24.64,94.95991,94.95991,75.68131,75.68131,97.34841,97.34841
14.058029999999999,0.0,26.614711219999997,86.55,86.4192,0.0,47.2,14.18648128134202,-6.1,94.95991,94.95991,75.68131,75.68131,97.34841,97.34841
14.058029999999999,0.0,26.614711219999997,86.55,86.4192,0.0,47.2,14.18648128134202,-6.1,94.95991,94.95991,75.68131,75.68131,97.34841,97.34841
14.058029999999999,0.0,26.614711219999997,86.55,86.4192,0.0,47.2,14.18648128134202,-6.1,94.95991,94.95991,75.68131,75.68131,97.34841,97.34841
14.058029999999999,0.0,26.614711219999997,86.55,86.4192,0.0,47.2,14.18648128134202,-6.1,94.95991,94.95991,75.68131,75.68131,97.34841,97.34841
14.058029999999999,0.0,26.614711219999997,86.55,86.4192,0.0,47.2,14.18648128134202,58.83395195755094,94.95991,94.95991,75.68131,75.68131,97.34841,97.34841
14.058029999999999,0.0,26.614711219999997,86.55,86.4192,12.627745004740865,47.2,14.439036181436839,59.125603274011354,94.95991,94.95991,75.68131,75.68131,97.34841,97.34841
14.058029999999999,0.0,26.614711219999997,86.55,86.4192,12.627745004740865,47.2,14.439036181436839,-6.1,94.95991,94.95991,75.68131,75.68131,97.34841,97.34841
14.058029999999999,0.0,26.614711219999997,86.55,86.4192,9.972880001280538,47.2,14.086752481329214,59.6058916075144,94.95991,94.95991,75.68131,75.68131,97.34841,97.34841
14.058029999999999,0.0,26.614711219999997,86.55,86.4192,9.972880001280538,47.2,14.086752481329214,59.69519920733169,94.95991,94.95991,75.68131,75.68131,97.34841,97.34841
14.058029999999999,0.0,26.614711219999997,86.55,86.4192,9.972880001280538,47.2,14.086752481329214,59.6058916075144,94.95991,94.95991,75.68131,75.68131,97.34841,97.34841
14.058029999999999,0.0,26.614711219999997,86.55,86.4192,9.972880001280538,47.2,14.086752481329214,-6.1,94.95991,94.95991,75.68131,75.68131,97.34841,97.34841
14.058029999999999,0.0,26.614711219999997,86.55,86.4192,9.972880001280538,47.2,14.086752481329214,-6.1,94.95991,94.95991,75.68131,75.68131,97.34841,97.34841
14.058029999999999,0.0,26.614711219999997,86.55,86.4192,9.972880001280538,47.2,14.086752481329214,-6.1,94.95991,94.95991,75.68131,75.68131,97.34841,97.34841
14.058029999999999,0.0,26.614711219999997,86.55,86.4192,9.972880001280538,47.2,14.086752481329214,-6.1,94.95991,94.95991,75.68131,75.68131,97.34841,97.34841
14.058029999999999,0.0,26.614711219999997,86.55,86.4192,9.972880001280538,47.2,14.086752481329214,59.6058916075144,94.95991,94.95991,75.68131,75.68131,97.34841,97.34841
14.058029999999999,0.0,26.614711219999997,86.55,86.4192,9.972880001280538,47.2,14.086752481329214,-6.1,94.95991,94.95991,75.68131,75.68131,97.34841,97.34841
14.058029999999999,0.0,26.614711219999997,86.55,86.4192,9.972880001280538,47.2,14.086752481329214,-6.1,94.95991,94.95991,75.68131,75.68131,97.34841,97.34841
14.058029999999999,0.0,26.614711219999997,86.55,86.4192,9.972880001280538,47.2,14.086752481329214,-6.1,94.95991,94.95991,75.68131,75.68131,97.34841,97.34841
14.058029999999999,0.0,26.614711219999997,86.55,86.4192,9.972880001280538,47.2,14.086752481329214,-6.1,94.95991,94.95991,75.68131,75.68131,97.34841,97.34841
14.058029999999999,0.0,26.614711219999997,86.55,86.4192,0.0,47.2,14.18648128134202,-6.1,94.95991,94.95991,75.68131,75.68131,97.34841,97.34841
14.058029999999999,0.0,26.614711219999997,86.55,86.4192,0.0,47.2,14.18648128134202,58.83395195755094,94.95991,94.95991,75.68131,75.68131,97.34841,97.34841
14.058029999999999,0.0,26.614711219999997,86.55,86.4192,0.0,47.2,14.18648128134202,-6.1,94.95991,94.95991,75.68131,75.68131,97.34841,97.34841
14.058029999999999,0.0,26.614711219999997,86.55,86.4192,0.0,47.2,14.18648128134202,-6.1,94.95991,94.95991,75.68131,75.68131,97.34841,97.34841
14.058029999999999,0.0,26.614711219999997,86.55,86.4192,0.0,47.2,14.18648128134202,24.64,94.95991,94.95991,75.68131,75.68131,97.34841,97.34841
14.058029999999999,0.0,26.614711219999997,86.55,86.4192,0.0,47.2,14.18648128134202,24.64,94.95991,94.95991,75.68131,75.68131,97.34841,97.34841
14.058029999999999,0.0,26.614711219999997,86.55,86.4192,0.0,47.2,14.18648128134202,-6.1,94.95991,94.95991,75.68131,75.68131,97.34841,97.34841
14.058029999999999,0.0,26.614711219999997,86.55,86.4192,0.0,47.2,14.18648128134202,-6.1,94.95991,94.95991,75.68131,75.68131,97.34841,97.34841
14.058029999999999,0.0,26.614711219999997,139.03994726949819,86.4192,0.0,47.2,14.18648128134202,94.76233604953107,94.95991,94.95991,75.68131,75.68131,97.34841,97.34841
14.058029999999999,0.0,26.614711219999997,86.55,86.4192,0.0,47.2,14.18648128134202,-6.1,94.95991,94.95991,75.68131,75.68131,97.34841,97.34841
14.058029999999999,0.0,26.614711219999997,86.55,86.4192,12.627745004740863,47.2,14.439036181436835,59.12560327401136,94.95991,94.95991,75.68131,75.68131,97.34841,97.34841
14.058029999999999,0.0,26.614711219999997,86.55,86.4192,9.972880001280538,47.2,14.086752481329214,-6.1,94.95991,94.95991,75.68131,75.68131,97.34841,97.34841
14.058029999999999,0.0,26.614711219999997,86.55,86.4192,9.972880001280538,47.2,14.086752481329214,-6.1,94.95991,94.95991,75.68131,75.68131,97.34841,97.34841
14.058029999999999,0.0,26.614711219999997,86.55,86.4192,9.972880001280538,47.2,14.086752481329214,-6.1,94.95991,94.95991,75.68131,75.68131,97.34841,97.34841
14.058029999999999,0.0,26.614711219999997,86.55,86.4192,9.972880001280538,47.2,14.086752481329214,-6.1,94.95991,94.95991,75.68131,75.68131,97.34841,97.34841
14.058029999999999,0.0,26.614711219999997,86.55,86.4192,13.297953481644974,47.2,15.20537763380945,-6.1,94.95991,94.95991,75.68131,75.68131,97.34841,97.34841
14.058029999999999,0.0,26.614711219999997,86.55,86.4192,13.65305880125366,47.2,15.611418344650975,56.78528907239954,94.95991,94.95991,75.68131,75.68131,97.34841,97.34841
14.058029999999999,0.0,26.614711219999997,86.55,86.4192,13.65305880125366,47.2,15.611418344650975,-6.1,94.95991,94.95991,75.68131,75.68131,97.34841,97.34841
14.058029999999999,0.0,26.614711219999997,86.55,86.4192,13.65305880125366,47.2,15.611418344650975,-6.1,94.95991,94.95991,75.68131,75.68131,97.34841,97.34841
14.058029999999999,0.0,26.614711219999997,86.55,86.4192,13.65305880125366,47.2,15.611418344650975,-6.1,94.95991,94.95991,75.68131,75.68131,97.34841,97.34841
14.058029999999999,0.0,26.614711219999997,86.55,86.4192,13.65305880125366,47.2,15.611418344650975,-6.1,94.95991,94.95991,75.68131,75.68131,97.34841,97.34841
14.058029999999999,0.0,26.614711219999997,86.55,86.4192,13.65305880125366,47.2,15.611418344650975,56.69598147258224,94.95991,94.95991,75.68131,75.68131,97.34841,97.34841
14.058029999999999,0.0,26.614711219999997,86.55,86.4192,13.65305880125366,47.2,15.611418344650975,-6.1,94.95991,94.95991,75.68131,75.68131,97.34841,97.34841
14.058029999999999,0.0,26.614711219999997,86.55,86.4192,13.65305880125366,47.2,15.611418344650975,-6.1,94.95991,94.95991,75.68131,75.68131,97.34841,97.34841
14.058029999999999,0.0,26.614711219999997,86.55,86.4192,9.972880001280538,47.2,15.238628368613094,-6.1,94.95991,94.95991,75.68131,75.68131,97.34841,97.34841
14.058029999999999,0.0,26.614711219999997,86.55,86.4192,9.972880001280538,47.2,15.238628368613094,57.338455642897465,94.95991,94.95991,75.68131,75.68131,97.34841,97.34841
14.058029999999999,0.0,26.614711219999997,86.55,86.4192,9.972880001280538,47.2,15.238628368613094,57.24914804308016,94.95991,94.95991,75.68131,75.68131,97.34841,97.34841
14.058029999999999,0.0,26.614711219999997,86.55,86.4192,9.972880001280538,47.2,15.238628368613094,-6.1,94.95991,94.95991,75.68131,75.68131,97.34841,97.34841
14.058029999999999,0.0,26.614711219999997,86.55,86.4192,9.972880001280538,47.2,15.238628368613094,-6.1,94.95991,94.95991,75.68131,75.68131,97.34841,97.34841
14.058029999999999,0.0,26.614711219999997,86.55,86.4192,9.972880001280538,47.2,15.238628368613094,-6.1,94.95991,94.95991,75.68131,75.68131,97.34841,97.34841
14.058029999999999,0.0,26.614711219999997,86.55,86.4192,9.972880001280538,47.2,15.238628368613094,57.249148043080176,94.95991,94.95991,75.68131,75.68131,97.34841,97.34841
14.058029999999999,0.0,26.614711219999997,86.55,86.4192,9.972880001280538,47.2,15.238628368613094,-6.1,94.95991,94.95991,75.68131,75.68131,97.34841,97.34841
14.058029999999999,0.0,26.614711219999997,86.55,86.4192,9.972880001280604,47.2,15.238628368613094,-6.1,94.95991,94.95991,75.68131,75.68131,97.34841,97.34841
14.058029999999999,0.0,26.614711219999997,86.55,86.4192,13.65305880125366,47.2,15.611418344650975,56.69598147258224,94.95991,94.95991,75.68131,75.68131,97.34841,97.34841
14.058029999999999,0.0,26.614711219999997,86.55,86.4192,263.87406507150615,47.2,20.615838470056023,-6.1,94.95991,94.95991,75.68131,75.68131,97.34841,97.34841
14.058029999999999,0.0,26.614711219999997,86.55,86.4192,13.65305880125366,47.2,15.611418344650975,-6.1,94.95991,94.95991,75.68131,75.68131,97.34841,97.34841
14.058029999999999,0.0,26.614711219999997,86.55,86.4192,13.297953481644974,47.2,15.20537763380945,57.595829245929465,94.95991,94.95991,75.68131,75.68131,97.34841,97.34841
14.058029999999999,0.0,26.614711219999997,86.55,86.4192,9.972880001280538,47.2,15.238628368613094,-6.1,94.95991,94.95991,75.68131,75.68131,97.34841,97.34841
14.058029999999999,0.0,26.614711219999997,86.55,86.4192,9.972880001280538,47.2,15.238628368613094,57.249148043080176,94.95991,94.95991,75.68131,75.68131,97.34841,97.34841
14.058029999999999,0.0,26.614711219999997,86.55,86.4192,9.972880001280538,47.2,15.238628368613094,-6.1,94.95991,94.95991,75.68131,75.68131,97.34841,97.34841
14.058029999999999,0.0,26.614711219999997,86.55,86.4192,9.972880001280538,47.2,15.238628368613094,-6.1,94.95991,94.95991,75.68131,75.68131,97.34841,97.34841
14.058029999999999,0.0,26.614711219999997,86.55,86.4192,9.972880001280538,47.2,15.238628368613094,-6.1,94.95991,94.95991,75.68131,75.68131,97.34841,97.34841
14.058029999999999,0.0,26.614711219999997,86.55,86.4192,9.972880001280538,47.2,15.238628368613094,-6.1,94.95991,94.95991,75.68131,75.68131,97.34841,97.34841
14.058029999999999,0.0,26.614711219999997,86.55,86.4192,9.972880001280538,47.2,15.238628368613094,-6.1,94.95991,94.95991,75.68131,75.68131,97.34841,97.34841
14.058029999999999,0.0,26.614711219999997,86.55,86.4192,13.297953481644974,47.2,15.20537763380945,57.50652164611216,94.95991,94.95991,75.68131,75.68131,97.34841,97.34841
14.058029999999999,0.0,26.614711219999997,86.55,86.4192,13.297953481644974,47.2,15.20537763380945,-6.1,94.95991,94.95991,75.68131,75.68131,97.34841,97.34841
14.058029999999999,0.0,26.614711219999997,86.55,86.4192,13.297953481644974,47.2,15.20537763380945,-6.1,94.95991,94.95991,75.68131,75.68131,97.34841,97.34841
14.058029999999999,0.0,26.614711219999997,86.55,86.4192,13.297953481644974,47.2,15.20537763380945,-6.1,94.95991,94.95991,75.68131,75.68131,97.34841,97.34841
14.058029999999999,0.0,26.614711219999997,86.55,86.4192,8.981300001699678,47.2,15.248544168608904,-6.1,94.95991,94.95991,75.68131,75.68131,97.34841,97.34841
14.058029999999999,0.0,26.614711219999997,86.55,86.4192,9.972880001280538,47.2,15.238628368613094,-6.1,94.95991,94.95991,75.68131,75.68131,97.34841,97.34841
14.058029999999999,0.0,26.614711219999997,86.55,86.4192,9.972880001280538,47.2,15.238628368613094,-6.1,94.95991,94.95991,75.68131,75.68131,97.34841,97.34841
14.058029999999999,0.0,26.614711219999997,86.55,86.4192,9.972880001280538,47.2,15.238628368613094,-6.1,94.95991,94.95991,75.68131,75.68131,97.34841,97.34841
14.058029999999999,0.0,26.614711219999997,86.55,86.4192,9.972880001280538,47.2,15.238628368613094,-6.1,94.95991,94.95991,75.68131,75.68131,97.34841,97.34841
14.058029999999999,0.0,26.614711219999997,86.55,86.4192,9.972880001280538,47.2,15.238628368613094,-6.1,94.95991,94.95991,75.68131,75.68131,97.34841,97.34841
14.058029999999999,0.0,26.614711219999997,86.55,86.4192,9.972880001280538,47.2,15.238628368613094,-6.1,94.95991,94.95991,75.68131,75.68131,97.34841,97.34841
14.058029999999999,0.0,26.614711219999997,86.55,86.4192,0.0,47.2,15.338357168625901,-6.1,94.95991,94.95991,75.68131,75.68131,97.34841,97.34841
14.058029999999999,0.0,26.614711219999997,86.55,86.4192,0.0,47.2,15.338357168625901,-6.1,94.95991,94.95991,75.68131,75.68131,97.34841,97.34841
14.058029999999999,0.0,26.614711219999997,86.55,86.4192,32.50042634420825,47.2,37.162203680860266,13.676213208668258,94.95991,94.95991,75.68131,75.68131,97.34841,97.34841
14.058029999999999,0.0,26.614711219999997,86.55,86.4192,149.30329820924487,47.2,39.744083840491164,-6.1,94.95991,94.95991,75.68131,75.68131,97.34841,97.34841
14.058029999999999,0.0,26.614711219999997,86.55,86.4192,60.24901377937241,47.2,37.96299815189372,-6.1,94.95991,94.95991,75.68131,75.68131,97.34841,97.34841
14.058029999999999,0.0,26.614711219999997,86.55,86.4192,32.71923935304358,47.2,37.41240266336714,-6.1,94.95991,94.95991,75.68131,75.68131,97.34841,97.34841
14.058029999999999,0.0,26.614711219999997,86.55,86.4192,32.71923935304358,47.2,37.41240266336714,13.176764948227,94.95991,94.95991,75.68131,75.68131,97.34841,97.34841
14.058029999999999,0.0,26.614711219999997,86.55,86.4192,32.71923935304358,47.2,37.41240266336714,13.176764948227,94.95991,94.95991,75.68131,75.68131,97.34841,97.34841
14.058029999999999,0.0,26.614711219999997,86.55,86.4192,32.65297063395866,47.2,37.336628530122816,13.41733319129765,94.95991,94.95991,75.68131,75.68131,97.34841,97.34841
14.058029999999999,0.0,26.614711219999997,86.55,86.4192,32.65297063395866,47.2,37.336628530122816,13.328025591480351,94.95991,94.95991,75.68131,75.68131,97.34841,97.34841
14.058029999999999,0.0,26.614711219999997,86.55,86.4192,32.719239353043584,47.2,37.412402663367146,13.26607254804429,94.95991,94.95991,75.68131,75.68131,97.34841,97.34841
14.058029999999999,0.0,26.614711219999997,86.55,86.4192,32.71923935304358,47.2,37.41240266336714,-6.1,94.95991,94.95991,75.68131,75.68131,97.34841,97.34841
14.058029999999999,0.0,26.614711219999997,86.55,86.4192,32.71923935304359,47.2,37.41240266336715,13.17676494822698,94.95991,94.95991,75.68131,75.68131,97.34841,97.34841
14.058029999999999,0.0,26.614711219999997,86.55,86.4192,58.50475658493932,47.2,37.92811300800505,3.2043002792695128,94.95991,94.95991,75.68131,75.68131,97.34841,97.34841
14.058029999999999,0.0,26.614711219999997,86.55,86.4192,60.24901377937241,47.2,37.96299815189372,-6.1,94.95991,94.95991,75.68131,75.68131,97.34841,97.34841
14.058029999999999,0.0,26.614711219999997,86.55,86.4192,147.14269194331203,47.2,39.70087171517251,15.010256728395257,94.95991,94.95991,75.68131,75.68131,97.34841,97.34841
14.058029999999999,0.0,26.614711219999997,86.55,115.26275569312266,107.20007407709984,47.2,38.90201935784827,-6.1,94.95991,94.95991,75.68131,75.68131,97.34841,97.34841
14.058029999999999,0.0,26.614711219999997,86.55,86.4192,13.297953481644974,47.2,36.62503834148982,13.681793580813583,94.95991,94.95991,75.68131,75.68131,97.34841,97.34841
14.058029999999999,0.0,26.614711219999997,86.55,86.4192,0.0,47.2,36.75801787630627,12.65248032781812,94.95991,94.95991,75.68131,75.68131,97.34841,97.34841
14.058029999999999,0.0,26.614711219999997,86.55,86.4192,0.0,47.2,36.75801787630627,12.65248032781812,94.95991,94.95991,75.68131,75.68131,97.34841,97.34841
14.058029999999999,0.0,26.614711219999997,86.55,86.4192,0.0,47.2,36.75801787630627,21.1441119170576,94.95991,94.95991,75.68131,75.68131,97.34841,97.34841
14.058029999999999,0.0,26.614711219999997,86.55,86.4192,0.0,47.2,36.75801787630627,20.965869257511297,94.95991,94.95991,75.68131,75.68131,97.34841,97.34841
14.058029999999999,0.0,26.614711219999997,86.55,86.4192,0.0,47.2,36.75801787630627,12.65248032781812,94.95991,94.95991,75.68131,75.68131,97.34841,97.34841
14.058029999999999,0.0,26.614711219999997,86.55,86.4192,0.0,47.2,36.75801787630627,12.74178792763542,94.95991,94.95991,75.68131,75.68131,97.34841,97.34841
14.058029999999999,0.0,26.614711219999997,86.55,86.4192,0.0,47.2,36.75801787630627,20.965869257511297,94.95991,94.95991,75.68131,75.68131,97.34841,97.34841
14.058029999999999,0.0,26.614711219999997,86.55,86.4192,0.0,47.2,36.75801787630627,-6.1,94.95991,94.95991,75.68131,75.68131,97.34841,97.34841
14.058029999999999,0.0,26.614711219999997,86.55,86.4192,0.0,47.2,36.75801787630627,-6.1,94.95991,94.95991,75.68131,75.68131,97.34841,97.34841
14.058029999999999,0.0,26.614711219999997,86.55,86.4192,32.71923935304358,47.2,37.41240266336714,-6.1,94.95991,94.95991,75.68131,75.68131,97.34841,97.34841
14.058029999999999,0.0,26.614711219999997,86.55,86.4192,32.71923935304357,47.2,37.41240266336714,13.17676494822701,94.95991,94.95991,75.68131,75.68131,97.34841,97.34841
14.058029999999999,0.0,26.614711219999997,86.55,86.4192,32.71923935304357,47.2,37.41240266336714,13.26607254804431,94.95991,94.95991,75.68131,75.68131,97.34841,97.34841
14.058029999999999,0.0,26.614711219999997,86.55,86.4192,31.868237675181568,47.2,36.43933549955445,15.119205710332844,94.95991,94.95991,75.68131,75.68131,97.34841,97.34841
14.058029999999999,0.0,26.614711219999997,86.55,86.4192,13.297953481644974,47.2,36.62503834148982,13.681793580813583,94.95991,94.95991,75.68131,75.68131,97.34841,97.34841
14.058029999999999,0.0,26.614711219999997,86.55,86.4192,13.297953481644974,47.2,36.62503834148982,-4.654446695105925,94.95991,94.95991,75.68131,75.68131,97.34841,97.34841
14.058029999999999,0.0,26.614711219999997,86.55,86.4192,13.297953481644974,47.2,36.62503834148982,13.681793580813583,94.95991,94.95991,75.68131,75.68131,97.34841,97.34841
14.058029999999999,0.0,26.614711219999997,86.55,86.4192,31.868237675181568,47.2,36.43933549955445,15.119205710332844,94.95991,94.95991,75.68131,75.68131,97.34841,97.34841
14.058029999999999,0.0,26.614711219999997,86.55,86.4192,31.868237675181568,47.2,36.43933549955445,15.119205710332844,94.95991,94.95991,75.68131,75.68131,97.34841,97.34841
14.058029999999999,0.0,26.614711219999997,86.55,86.55000000000001,32.71923935304357,47.2,37.41240266336714,13.26607254804431,94.95991,94.95991,75.68131,75.68131,97.34841,97.34841
14.058029999999999,0.0,26.614711219999997,86.55,86.4192,32.71923935304357,47.2,37.41240266336714,13.17676494822701,94.95991,94.95991,75.68131,75.68131,97.34841,97.34841
14.058029999999999,0.0,26.614711219999997,86.55,86.4192,32.71923935304357,47.2,37.41240266336714,13.26607254804431,94.95991,94.95991,75.68131,75.68131,97.34841,97.34841
14.058029999999999,0.0,26.614711219999997,86.55,86.4192,120.68367941353092,47.2,39.17169146457689,-6.1,94.95991,94.95991,75.68131,75.68131,97.34841,97.34841
14.058029999999999,0.0,26.614711219999997,86.55,86.4192,120.68367941353092,47.2,39.17169146457689,-6.1,94.95991,94.95991,75.68131,75.68131,97.34841,97.34841
14.058029999999999,0.0,26.614711219999997,86.55,86.4192,9.972880001280538,47.2,36.658289076293464,13.424419977781591,94.95991,94.95991,75.68131,75.68131,97.34841,97.34841
14.058029999999999,0.0,26.614711219999997,86.55,86.4192,9.972880001280538,47.2,36.658289076293464,-6.1,94.95991,94.95991,75.68131,75.68131,97.34841,97.34841
14.058029999999999,0.0,26.614711219999997,86.55,86.4192,13.297953481644974,47.2,36.62503834148982,13.771101180630883,94.95991,94.95991,75.68131,75.68131,97.34841,97.34841
14.058029999999999,0.0,26.614711219999997,86.55,86.55,13.297953481644974,47.2,36.62503834148982,13.771101180630883,94.95991,94.95991,75.68131,75.68131,97.34841,97.34841
14.058029999999999,0.0,26.614711219999997,86.55,86.55000000000001,11.009169758689643,47.2,36.64792617871937,13.59394043010412,94.95991,94.95991,75.68131,75.68131,97.34841,97.34841
14.058029999999999,0.0,26.614711219999997,86.55,101.70691301304565,9.972880001280538,47.2,36.658289076293464,23.862561842388843,94.95991,94.95991,75.68131,75.68131,97.34841,97.34841
14.058029999999999,0.0,26.614711219999997,86.55,86.4192,9.972880001280538,47.2,36.658289076293464,13.424419977781579,94.95991,94.95991,75.68131,75.68131,97.34841,97.34841
14.058029999999999,0.0,26.614711219999997,86.55,100.45748514622413,9.972880001280538,47.2,36.658289076293464,23.009477714478567,94.95991,94.95991,75.68131,75.68131,97.34841,97.34841
14.058029999999999,0.0,26.614711219999997,86.55,86.4192,9.972880001280538,47.2,36.658289076293464,13.424419977781579,94.95991,94.95991,75.68131,75.68131,97.34841,97.34841
14.058029999999999,0.0,26.614711219999997,86.55,86.4192,32.71923935304358,47.2,37.41240266336714,13.2660725480443,94.95991,94.95991,75.68131,75.68131,97.34841,97.34841
14.058029999999999,0.0,26.614711219999997,86.55,86.55000000000001,32.71923935304358,47.2,37.41240266336714,13.2660725480443,94.95991,94.95991,75.68131,75.68131,97.34841,97.34841
14.058029999999999,0.0,26.614711219999997,86.55,86.4192,32.71923935304358,47.2,37.41240266336714,45.388705277005776,94.95991,94.95991,75.68131,75.68131,97.34841,97.34841
14.058029999999999,0.0,26.614711219999997,86.55,86.4192,32.71923935304358,47.2,37.41240266336714,13.2660725480443,94.95991,94.95991,75.68131,75.68131,97.34841,97.34841
14.058029999999999,0.0,26.614711219999997,86.55,86.4192,32.71923935304358,47.2,37.41240266336714,17.373477721138958,94.95991,94.95991,75.68131,75.68131,97.34841,97.34841
14.058029999999999,0.0,26.614711219999997,86.55,86.4192,32.71923935304358,47.2,37.41240266336714,13.2660725480443,94.95991,94.95991,75.68131,75.68131,97.34841,97.34841
14.058029999999999,0.0,26.614711219999997,86.55,86.55000000000001,32.71923935304358,47.2,37.41240266336714,13.2660725480443,94.95991,94.95991,75.68131,75.68131,97.34841,97.34841
14.058029999999999,0.0,26.614711219999997,86.55,86.4192,32.71923935304358,47.2,37.41240266336714,-6.1,94.95991,94.95991,75.68131,75.68131,97.34841,97.34841
14.05803,0.0,26.614711220000004,86.55,86.4192,57.813213210684765,47.2,46.33550994682586,-6.1,94.95991,94.95991,75.68131,75.68131,97.34841,97.34841
14.05803,0.0,26.614711220000004,86.55,86.4192,57.813213210684765,47.2,46.33550994682586,-6.1,94.95991,94.95991,75.68131,75.68131,97.34841,97.34841
14.05803,0.0,26.614711220000004,86.55,86.4192,57.813213210684765,47.2,46.33550994682586,-6.1,94.95991,94.95991,75.68131,75.68131,97.34841,97.34841
14.05803,0.0,26.614711220000004,86.55,86.4192,57.813213210684765,47.2,46.33550994682586,-6.1,94.95991,94.95991,75.68131,75.68131,97.34841,97.34841
14.05803,0.0,26.614711220000004,86.55,86.4192,57.813213210684765,47.2,46.33550994682586,-6.1,94.95991,94.95991,75.68131,75.68131,97.34841,97.34841
14.05803,0.0,26.614711220000004,86.55,86.4192,57.813213210684765,47.2,46.33550994682586,-6.1,94.95991,94.95991,75.68131,75.68131,97.34841,97.34841
14.05803,0.0,26.614711220000004,86.55,86.4192,6.594645633083849,47.2,36.809729804688985,22.422133140816353,94.95991,94.95991,75.68131,75.68131,97.34841,97.34841
14.05803,0.0,26.614711220000004,86.55,86.4192,9.97288000128054,47.2,36.77594746100702,13.183690360956943,94.95991,94.95991,75.68131,75.68131,97.34841,97.34841
14.05803,0.0,26.614711220000004,86.55,86.4192,9.97288000128054,47.2,36.77594746100702,13.272997960774239,94.95991,94.95991,75.68131,75.68131,97.34841,97.34841
14.05803,0.0,26.614711220000004,86.55,86.4192,9.97288000128054,47.2,36.77594746100702,24.588639607098976,94.95991,94.95991,75.68131,75.68131,97.34841,97.34841
14.05803,0.0,26.614711220000004,86.55,86.4192,0.0,47.2,36.87567626101983,12.41175071099347,94.95991,94.95991,75.68131,75.68131,97.34841,97.34841
14.05803,0.0,26.614711220000004,86.55,86.4192,0.0,47.2,36.87567626101983,21.870189681767712,94.95991,94.95991,75.68131,75.68131,97.34841,97.34841
14.05803,0.0,26.614711220000004,86.55,86.4192,0.0,47.2,36.87567626101983,20.62453666652398,94.95991,94.95991,75.68131,75.68131,97.34841,97.34841
14.05803,0.0,26.614711220000004,86.55,86.4192,0.0,47.2,36.87567626101983,12.41175071099347,94.95991,94.95991,75.68131,75.68131,97.34841,97.34841
14.05803,0.0,26.614711220000004,86.55,86.4192,0.0,47.2,36.87567626101983,21.94346338854676,94.95991,94.95991,75.68131,75.68131,97.34841,97.34841
14.05803,0.0,26.614711220000004,86.55,86.4192,0.0,47.2,36.87567626101983,20.62453666652398,94.95991,94.95991,75.68131,75.68131,97.34841,97.34841
14.05803,0.0,26.614711220000004,86.55,86.4192,0.0,47.2,36.87567626101983,12.41175071099347,94.95991,94.95991,75.68131,75.68131,97.34841,97.34841
14.05803,0.0,26.614711220000004,86.55,86.4192,43.62821199249501,47.2,37.784517073441144,27.822537608949443,94.95991,94.95991,75.68131,75.68131,97.34841,97.34841
14.05803,0.0,26.614711220000004,86.55,86.4192,217.13242449090865,47.2,41.25460132340942,-6.1,94.95991,94.95991,75.68131,75.68131,97.34841,97.34841
14.05803,0.0,26.614711220000004,86.55,86.4192,32.85626074329257,47.2,37.569078048457136,-6.1,94.95991,94.95991,75.68131,75.68131,97.34841,97.34841
14.05803,0.0,26.614711220000004,86.55,86.4192,32.71923935304359,47.2,37.412402663367146,13.176764948226989,94.95991,94.95991,75.68131,75.68131,97.34841,97.34841
14.05803,0.0,26.614711220000004,86.55,86.4192,32.67506020698697,47.2,37.3618865745376,-3.907513742831043,94.95991,94.95991,75.68131,75.68131,97.34841,97.34841
14.05803,0.0,26.614711220000004,86.55,86.4192,32.67506020698697,47.2,37.36188657453759,24.622309882680554,94.95991,94.95991,75.68131,75.68131,97.34841,97.34841
14.05803,0.0,26.614711220000004,86.55,86.4192,32.67506020698697,47.2,37.3618865745376,20.80975137908405,94.95991,94.95991,75.68131,75.68131,97.34841,97.34841
14.05803,0.0,26.614711220000004,86.55,86.4192,32.71923935304359,47.2,37.412402663367146,25.72825095311959,94.95991,94.95991,75.68131,75.68131,97.34841,97.34841
14.05803,0.0,26.614711220000004,86.55,86.4192,32.71923935304359,47.2,37.412402663367146,32.17866290076162,94.95991,94.95991,75.68131,75.68131,97.34841,97.34841
14.05803,0.0,26.614711220000004,86.55,86.4192,32.71923935304359,47.2,37.41240266336715,13.266072548044258,94.95991,94.95991,75.68131,75.68131,97.34841,97.34841
14.05803,0.0,26.614711220000004,86.55,151.1527465963936,32.856260743292545,47.2,37.5690780484571,23.748750347534504,94.95991,94.95991,75.68131,75.68131,97.34841,97.34841
14.05803,0.0,26.614711220000004,86.55,86.55000000000003,43.62821199249501,47.2,37.784517073441144,13.125923443804787,94.95991,94.95991,75.68131,75.68131,97.34841,97.34841
14.05803,0.0,26.614711220000004,86.55,86.4192,43.62821199249501,47.2,37.784517073441144,13.125923443804787,94.95991,94.95991,75.68131,75.68131,97.34841,97.34841
14.05803,0.0,26.614711220000004,86.55,86.4192,32.7192393530436,47.2,37.41240266336716,26.973903968363285,94.95991,94.95991,75.68131,75.68131,97.34841,97.34841
14.05803,0.0,26.614711220000004,86.55,86.4192,19.94576000256108,47.2,36.71249523356564,13.88140797025504,94.95991,94.95991,75.68131,75.68131,97.34841,97.34841
14.05803,0.0,26.614711220000004,86.55,169.9262060605,0.0,47.2,36.91195283359125,20.464340609709296,94.95991,94.95991,75.68131,75.68131,97.34841,97.34841
14.05803,0.0,26.614711220000004,86.55,86.4192,0.0,47.2,36.91195283359125,12.33752867032811,94.95991,94.95991,75.68131,75.68131,97.34841,97.34841
14.05803,0.0,26.614711220000004,86.55,86.4192,0.0,47.2,36.91195283359125,20.464340609709275,94.95991,94.95991,75.68131,75.68131,97.34841,97.34841
14.05803,0.0,26.614711220000004,86.55,86.4192,0.0,47.2,36.91195283359125,12.33752867032811,94.95991,94.95991,75.68131,75.68131,97.34841,97.34841
14.05803,0.0,26.614711220000004,86.55,86.4192,0.0,47.2,36.91195283359125,20.399400869618443,94.95991,94.95991,75.68131,75.68131,97.34841,97.34841
14.05803,0.0,26.614711220000004,86.55,86.4192,9.97288000128054,47.2,36.812224033578445,13.198775920108883,94.95991,94.95991,75.68131,75.68131,97.34841,97.34841
14.05803,0.0,26.614711220000004,86.55,86.4192,9.97288000128054,47.2,36.812224033578445,11.950231252170735,94.95991,94.95991,75.68131,75.68131,97.34841,97.34841
14.05803,0.0,26.614711220000004,86.55,86.4192,6.594645633083849,47.2,36.84600637726041,34.116118310844655,94.95991,94.95991,75.68131,75.68131,97.34841,97.34841
14.05803,0.0,26.614711220000004,86.55,86.4192,32.71923935304359,47.2,37.41240266336715,13.176764948226975,94.95991,94.95991,75.68131,75.68131,97.34841,97.34841
14.05803,0.0,26.614711220000004,86.55,86.4192,60.24901377937242,47.2,38.90635692226744,23.012142203362526,94.95991,94.95991,75.68131,75.68131,97.34841,97.34841
14.05803,0.0,26.614711220000004,86.55,169.9262060605,186.32116387499278,47.2,41.42779992417985,-6.1,94.95991,94.95991,75.68131,75.68131,97.34841,97.34841
14.05803,0.0,26.614711220000004,86.55,86.4192,43.62821199249501,47.2,38.57394088652989,23.090817056221095,94.95991,94.95991,75.68131,75.68131,97.34841,97.34841
14.05803,0.0,26.614711220000004,86.55,86.4192,33.558946801565895,47.2,38.372555582711314,11.260103655206487,94.95991,94.95991,75.68131,75.68131,97.34841,97.34841
14.05803,0.0,26.614711220000004,86.55,86.4192,32.71923935304359,47.2,37.41240266336715,25.72825095311957,94.95991,94.95991,75.68131,75.68131,97.34841,97.34841
14.05803,0.0,26.614711220000004,86.55,86.4192,32.71923935304359,47.2,37.41240266336715,23.749802328299623,94.95991,94.95991,75.68131,75.68131,97.34841,97.34841
14.05803,0.0,26.614711220000004,86.55,86.4192,33.558946801565895,47.2,38.372555582711314,11.260103655206487,94.95991,94.95991,75.68131,75.68131,97.34841,97.34841
14.05803,0.0,26.614711220000004,86.55,86.4192,43.62821199249501,47.2,38.57394088652989,12.704247681105638,94.95991,94.95991,75.68131,75.68131,97.34841,97.34841
14.05803,0.0,26.614711220000004,86.55,86.4192,43.62821199249501,47.2,38.57394088652989,11.510758553518714,94.95991,94.95991,75.68131,75.68131,97.34841,97.34841
14.05803,0.0,26.614711220000004,86.55,86.4192,60.24901377937242,47.2,38.90635692226744,10.879375561596937,94.95991,94.95991,75.68131,75.68131,97.34841,97.34841
14.05803,0.0,26.614711220000004,86.55,86.4192,60.24901377937242,47.2,38.90635692226744,-1.8977931196162903,94.95991,94.95991,75.68131,75.68131,97.34841,97.34841
14.05803,0.0,26.614711220000004,86.55,86.4192,86.93908075717894,47.2,39.440158261823576,-3.783406699687788,94.95991,94.95991,75.68131,75.68131,97.34841,97.34841
14.05803,0.0,26.614711220000004,86.55,86.4192,86.93908075717894,47.2,39.440158261823576,-3.7016691646618662,94.95991,94.95991,75.68131,75.68131,97.34841,97.34841
14.05803,0.0,26.614711220000004,86.55,86.4192,33.558946801565895,47.2,38.372555582711314,21.68005957716907,94.95991,94.95991,75.68131,75.68131,97.34841,97.34841
14.05803,0.0,26.614711220000004,86.55,86.4192,33.558946801565895,47.2,38.372555582711314,11.349411255023766,94.95991,94.95991,75.68131,75.68131,97.34841,97.34841
14.05803,0.0,26.614711220000004,86.55,86.4192,32.71923935304359,47.2,37.41240266336715,17.3734777211389,94.95991,94.95991,75.68131,75.68131,97.34841,97.34841
14.05803,0.0,26.614711220000004,86.55,86.4192,32.68610499350113,47.2,37.37451559674499,13.252395269853656,94.95991,94.95991,75.68131,75.68131,97.34841,97.34841
14.05803,0.0,26.614711220000004,86.55,86.4192,32.686104993501125,47.2,37.374515596744985,50.68398247623496,94.95991,94.95991,75.68131,75.68131,97.34841,97.34841
14.05803,0.0,26.614711220000004,86.55,104.92530495828835,32.686104993501125,47.2,37.374515596744985,25.887990191807397,94.95991,94.95991,75.68131,75.68131,97.34841,97.34841
14.05803,0.0,26.614711220000004,86.55,86.4192,32.686104993501125,47.2,37.374515596744985,14.571321991876431,94.95991,94.95991,75.68131,75.68131,97.34841,97.34841
14.05803,0.0,26.614711220000004,86.55,86.4192,9.97288000128054,47.2,37.60164784666719,18.377796275533168,94.95991,94.95991,75.68131,75.68131,97.34841,97.34841
14.05803,0.0,26.614711220000004,86.55,86.4192,9.97288000128054,47.2,37.60164784666719,19.69672299755595,94.95991,94.95991,75.68131,75.68131,97.34841,97.34841
14.05803,0.0,26.614711220000004,86.55,86.4192,9.97288000128054,47.2,37.07454027456083,23.270064341192835,94.95991,94.95991,75.68131,75.68131,97.34841,97.34841
14.05803,0.0,26.614711220000004,86.55,86.4192,32.686104993501125,47.2,37.374515596744985,25.88799019180741,94.95991,94.95991,75.68131,75.68131,97.34841,97.34841
14.05803,0.0,26.614711220000004,86.55,86.4192,43.62821199249501,47.2,38.5739408865299,11.510758553518707,94.95991,94.95991,75.68131,75.68131,97.34841,97.34841
14.05803,0.0,26.614711220000004,86.55,86.4192,215.6897046899973,47.2,42.01517074047994,14.17851976610657,94.95991,94.95991,75.68131,75.68131,97.34841,97.34841
14.05803,0.0,26.614711220000004,86.55,86.4192,33.558946801565895,47.2,38.372555582711314,11.349411255023766,94.95991,94.95991,75.68131,75.68131,97.34841,97.34841
14.05803,0.0,26.614711220000004,86.82100371584355,86.4192,32.71923935304359,47.2,37.41240266336715,13.451108415043912,94.95991,94.95991,75.68131,75.68131,97.34841,97.34841
14.05803,0.0,26.614711220000004,86.55,86.4192,32.71923935304359,47.2,37.412402663367146,13.176764948226989,94.95991,94.95991,75.68131,75.68131,97.34841,97.34841
14.05803,0.0,26.614711220000004,86.55,86.4192,32.71923935304359,47.2,37.41240266336715,25.728250953119556,94.95991,94.95991,75.68131,75.68131,97.34841,97.34841
14.05803,0.0,26.614711220000004,86.55,86.4192,32.71923935304359,47.2,37.41240266336715,25.728250953119556,94.95991,94.95991,75.68131,75.68131,97.34841,97.34841
14.05803,0.0,26.614711220000004,86.55,86.4192,32.71923935304359,47.2,37.41240266336715,24.40932423109677,94.95991,94.95991,75.68131,75.68131,97.34841,97.34841
14.05803,0.0,26.614711220000004,106.6265036060307,86.4192,32.71923935304359,47.2,37.41240266336715,26.973903968363302,94.95991,94.95991,75.68131,75.68131,97.34841,97.34841
14.05803,0.0,26.614711220000004,86.55,86.4192,32.71923935304359,47.2,37.41240266336715,24.40932423109677,94.95991,94.95991,75.68131,75.68131,97.34841,97.34841
14.05803,0.0,26.614711220000004,86.55,86.4192,32.71923935304359,47.2,37.41240266336715,26.973903968363302,94.95991,94.95991,75.68131,75.68131,97.34841,97.34841
14.05803,0.0,26.614711220000004,86.55,86.4192,33.558946801565895,47.2,38.372555582711314,21.68005957716907,94.95991,94.95991,75.68131,75.68131,97.34841,97.34841
14.05803,0.0,26.614711220000004,86.55,86.4192,33.558946801565895,47.2,38.372555582711314,11.349411255023766,94.95991,94.95991,75.68131,75.68131,97.34841,97.34841
14.05803,0.0,26.614711220000004,86.55,86.4192,32.686104993501125,47.2,37.374515596744985,27.13364320705114,94.95991,94.95991,75.68131,75.68131,97.34841,97.34841
14.05803,0.0,26.614711220000004,86.55,86.4192,32.686104993501125,47.2,37.374515596744985,13.341702869670966,94.95991,94.95991,75.68131,75.68131,97.34841,97.34841
14.05803,0.0,26.614711220000004,86.55,86.4192,32.71923935304359,47.2,37.41240266336715,13.26607254804427,94.95991,94.95991,75.68131,75.68131,97.34841,97.34841
14.05803,0.0,26.614711220000004,86.55,106.74968961006735,32.686104993501125,47.2,37.374515596744985,27.13364320705114,94.95991,94.95991,75.68131,75.68131,97.34841,97.34841
14.05803,0.0,26.614711220000004,102.99360356228705,86.4192,32.686104993501125,47.2,37.374515596744985,24.569063469784613,94.95991,94.95991,75.68131,75.68131,97.34841,97.34841
14.05803,0.0,26.614711220000004,86.55,86.4192,32.71923935304359,47.2,37.412402663367146,13.266072548044285,94.95991,94.95991,75.68131,75.68131,97.34841,97.34841
14.05803,0.0,26.614711220000004,86.55,86.4192,32.71923935304359,47.2,37.41240266336715,-6.1,94.95991,94.95991,75.68131,75.68131,97.34841,97.34841
14.05803,0.0,26.614711220000004,86.55,86.4192,32.71923935304359,47.2,37.41240266336715,17.3734777211389,94.95991,94.95991,75.68131,75.68131,97.34841,97.34841
14.05803,0.0,26.614711220000004,86.55,86.4192,32.71923935304359,47.2,37.41240266336715,25.728250953119556,94.95991,94.95991,75.68131,75.68131,97.34841,97.34841
14.05803,0.0,26.614711220000004,86.55,86.4192,33.558946801565895,47.2,38.372555582711314,-6.1,94.95991,94.95991,75.68131,75.68131,97.34841,97.34841
14.05803,0.0,26.614711220000004,86.55,86.4192,43.62821199249501,47.2,38.5739408865299,11.421450953701404,94.95991,94.95991,75.68131,75.68131,97.34841,97.34841
14.05803,0.0,26.614711220000004,86.55,86.4192,57.81321321068477,47.2,38.85764091089369,11.648747740736475,94.95991,94.95991,75.68131,75.68131,97.34841,97.34841
14.05803,0.0,26.614711220000004,86.55,86.4192,179.66173845273977,47.2,41.29461141573479,13.601216962731717,94.95991,94.95991,75.68131,75.68131,97.34841,97.34841
14.05803,0.0,26.614711220000004,86.55,86.4192,57.813213210684765,47.2,38.85764091089369,5.2271205927464175,94.95991,94.95991,75.68131,75.68131,97.34841,97.34841
14.05803,0.0,26.614711220000004,86.55,86.4192,57.813213210684765,47.2,38.85764091089369,11.648747740736466,94.95991,94.95991,75.68131,75.68131,97.34841,97.34841
14.05803,0.0,26.614711220000004,86.55,86.4192,43.62821199249501,47.2,38.5739408865299,11.5107585535187,94.95991,94.95991,75.68131,75.68131,97.34841,97.34841
14.05803,0.0,26.614711220000004,86.55,86.4192,43.628211992495004,47.2,38.5739408865299,11.5107585535187,94.95991,94.95991,75.68131,75.68131,97.34841,97.34841
14.05803,0.0,26.614711220000004,86.55,86.4192,57.813213210684765,47.2,38.85764091089369,11.738055340553762,94.95991,94.95991,75.68131,75.68131,97.34841,97.34841
14.05803,0.0,26.614711220000004,86.55,86.4192,43.62821199249501,47.2,38.5739408865299,11.421450953701404,94.95991,94.95991,75.68131,75.68131,97.34841,97.34841
14.05803,0.0,26.614711220000004,86.55,86.55000000000003,43.62821199249501,47.2,38.5739408865299,11.5107585535187,94.95991,94.95991,75.68131,75.68131,97.34841,97.34841
14.05803,0.0,26.614711220000004,86.55,103.51016526311642,43.62821199249501,47.2,38.5739408865299,23.090817056221077,94.95991,94.95991,75.68131,75.68131,97.34841,97.34841
14.05803,0.0,26.614711220000004,101.57846386711515,86.4192,43.62821199249501,47.2,38.5739408865299,21.771890334198297,94.95991,94.95991,75.68131,75.68131,97.34841,97.34841
14.05803,0.0,26.614711220000004,86.55,86.4192,43.62821199249501,47.2,38.5739408865299,24.336470071464827,94.95991,94.95991,75.68131,75.68131,97.34841,97.34841
14.05803,0.0,26.614711220000004,92.94644974703718,86.4192,32.58670191487376,47.2,37.2608543968785,17.93596061023742,94.95991,94.95991,75.68131,75.68131,97.34841,97.34841
14.05803,0.0,26.614711220000004,86.55,86.4192,0.0,47.2,36.87567626101982,21.870189681767744,94.95991,94.95991,75.68131,75.68131,97.34841,97.34841
14.05803,0.0,26.614711220000004,86.55,86.4192,0.0,47.2,36.87567626101982,20.624536666523998,94.95991,94.95991,75.68131,75.68131,97.34841,97.34841
14.05803,0.0,26.614711220000004,86.55,86.55000000000001,0.0,47.2,36.87567626101982,12.50105831081078,94.95991,94.95991,75.68131,75.68131,97.34841,97.34841
14.05803,0.0,26.614711220000004,86.55,86.4192,0.0,47.2,36.87567626101982,20.624536666523998,94.95991,94.95991,75.68131,75.68131,97.34841,97.34841
14.05803,0.0,26.614711220000004,86.55,86.4192,0.0,47.2,36.87567626101982,20.624536666523998,94.95991,94.95991,75.68131,75.68131,97.34841,97.34841
14.05803,0.0,26.614711220000004,86.55,86.4192,0.0,47.2,36.87567626101982,20.624536666523998,94.95991,94.95991,75.68131,75.68131,97.34841,97.34841
14.05803,0.0,26.614711220000004,86.55,86.4192,0.0,47.2,36.87567626101982,20.624536666523998,94.95991,94.95991,75.68131,75.68131,97.34841,97.34841
14.05803,0.0,26.614711220000004,86.55,98.44765452325595,0.0,47.2,36.87567626101982,20.624536666523998,94.95991,94.95991,75.68131,75.68131,97.34841,97.34841
14.05803,0.0,26.614711220000004,86.55,86.4192,0.0,47.2,36.87567626101982,12.50105831081078,94.95991,94.95991,75.68131,75.68131,97.34841,97.34841
14.05803,0.0,26.614711220000004,86.55,86.4192,0.0,47.2,36.87567626101982,12.50105831081078,94.95991,94.95991,75.68131,75.68131,97.34841,97.34841
14.05803,0.0,26.614711220000004,86.55,86.4192,0.0,47.2,36.87567626101983,-6.1,94.95991,94.95991,75.68131,75.68131,97.34841,97.34841
14.05803,0.0,26.614711220000004,86.55,86.4192,32.71923935304359,47.2,37.41240266336715,13.26607254804427,94.95991,94.95991,75.68131,75.68131,97.34841,97.34841
14.05803,0.0,26.614711220000004,86.55,86.4192,162.70864680976695,47.2,40.44464068493107,14.37488705565751,94.95991,94.95991,75.68131,75.68131,97.34841,97.34841
14.05803,0.0,26.614711220000004,86.55,86.4192,57.813213210684765,47.2,38.34673201294943,25.457569309657178,94.95991,94.95991,75.68131,75.68131,97.34841,97.34841
14.05803,0.0,26.614711220000004,86.55,86.4192,57.813213210684765,47.2,38.34673201294943,25.457569309657178,94.95991,94.95991,75.68131,75.68131,97.34841,97.34841
14.05803,0.0,26.614711220000004,86.55,86.4192,57.813213210684765,47.2,38.34673201294943,12.783377384824998,94.95991,94.95991,75.68131,75.68131,97.34841,97.34841
14.05803,0.0,26.614711220000004,86.55,86.4192,57.813213210684765,47.2,38.34673201294943,12.694069785007702,94.95991,94.95991,75.68131,75.68131,97.34841,97.34841
14.05803,0.0,26.614711220000004,86.55,86.4192,57.813213210684765,47.2,38.34673201294943,25.457569309657178,94.95991,94.95991,75.68131,75.68131,97.34841,97.34841
14.05803,0.0,26.614711220000004,86.55,86.4192,57.813213210684765,47.2,38.34673201294943,12.694069785007702,94.95991,94.95991,75.68131,75.68131,97.34841,97.34841
14.05803,0.0,26.614711220000004,86.55,86.4192,57.813213210684765,47.2,38.34673201294943,5.2271205927464175,94.95991,94.95991,75.68131,75.68131,97.34841,97.34841
14.05803,0.0,26.614711220000004,86.55,86.4192,57.813213210684765,47.2,38.34673201294943,25.457569309657178,94.95991,94.95991,75.68131,75.68131,97.34841,97.34841
14.05803,0.0,26.614711220000004,86.55,86.4192,57.813213210684765,47.2,38.34673201294943,12.783377384824998,94.95991,94.95991,75.68131,75.68131,97.34841,97.34841
14.05803,0.0,26.614711220000004,86.55,86.4192,71.9982144288745,47.2,38.63043203731322,30.567413497469207,94.95991,94.95991,75.68131,75.68131,97.34841,97.34841
14.05803,0.0,26.614711220000004,86.55,86.4192,43.62821199249501,47.2,38.063031988585635,25.346972614496973,94.95991,94.95991,75.68131,75.68131,97.34841,97.34841
14.05803,0.0,26.614711220000004,86.55,86.4192,0.0,47.2,36.87567626101983,12.501058310810764,94.95991,94.95991,75.68131,75.68131,97.34841,97.34841
14.05803,0.0,26.614711220000004,86.55,86.4192,0.0,47.2,36.87567626101983,20.53289576866707,94.95991,94.95991,75.68131,75.68131,97.34841,97.34841
14.05803,0.0,26.614711220000004,86.55,86.4192,0.0,47.2,37.19046774873573,19.234428630500574,94.95991,94.95991,75.68131,75.68131,97.34841,97.34841
14.05803,0.0,26.614711220000004,86.55,86.4192,9.97288000128054,47.2,37.03927138456083,12.73423595607566,94.95991,94.95991,75.68131,75.68131,97.34841,97.34841
14.05803,0.0,26.614711220000004,86.55,86.4192,9.97288000128054,47.2,37.06786447576199,11.131903157093712,94.95991,94.95991,75.68131,75.68131,97.34841,97.34841
14.05803,0.0,26.614711220000004,86.55,86.4192,9.97288000128054,47.2,37.09073894872292,21.952878555831848,94.95991,94.95991,75.68131,75.68131,97.34841,97.34841
14.05803,0.0,26.614711220000004,86.55,86.4192,32.243160375408756,47.2,36.868036144981644,26.704479305550613,94.95991,94.95991,75.68131,75.68131,97.34841,97.34841
14.05803,0.0,26.614711220000004,86.55,86.4192,32.71923935304359,47.2,37.41240266336715,25.728250953119556,94.95991,94.95991,75.68131,75.68131,97.34841,97.34841
14.05803,0.0,26.614711220000004,86.55,86.4192,32.764905757608425,47.2,37.464619339229735,26.753748311228932,94.95991,94.95991,75.68131,75.68131,97.34841,97.34841
14.05803,0.0,26.614711220000004,86.55,86.4192,33.10417389798631,47.2,37.85255122669546,23.872499038706056,94.95991,94.95991,75.68131,75.68131,97.34841,97.34841
14.05803,0.0,26.614711220000004,86.55,86.4192,57.813213210684765,47.2,38.34673201294943,5.195402226011246,94.95991,94.95991,75.68131,75.68131,97.34841,97.34841
14.05803,0.0,26.614711220000004,86.55,86.4192,57.813213210684765,47.2,38.34673201294943,4.62772275740322,94.95991,94.95991,75.68131,75.68131,97.34841,97.34841
14.05803,0.0,26.614711220000004,86.55,86.4192,168.18505226883107,47.2,40.55416879411235,-6.1,94.95991,94.95991,75.68131,75.68131,97.34841,97.34841
14.05803,0.0,26.614711220000004,86.55,86.4192,60.24901377937242,47.2,38.39544802432318,-1.8977931196163011,94.95991,94.95991,75.68131,75.68131,97.34841,97.34841
14.05803,0.0,26.614711220000004,86.55,86.4192,60.24901377937242,47.2,38.39544802432318,-1.8977931196163011,94.95991,94.95991,75.68131,75.68131,97.34841,97.34841
14.05803,0.0,26.614711220000004,86.55,86.4192,57.813213210684765,47.2,38.34673201294943,12.694069785007702,94.95991,94.95991,75.68131,75.68131,97.34841,97.34841
14.05803,0.0,26.614711220000004,86.55,86.4192,57.813213210684765,47.2,38.34673201294943,12.694069785007702,94.95991,94.95991,75.68131,75.68131,97.34841,97.34841
14.05803,0.0,26.614711220000004,86.55,86.4192,57.813213210684765,47.2,38.34673201294943,25.457569309657178,94.95991,94.95991,75.68131,75.68131,97.34841,97.34841
14.05803,0.0,26.614711220000004,86.55,86.4192,57.813213210684765,47.2,38.34673201294943,12.694069785007702,94.95991,94.95991,75.68131,75.68131,97.34841,97.34841
14.05803,0.0,26.614711220000004,86.55,86.4192,57.813213210684765,47.2,38.34673201294943,12.694069785007702,94.95991,94.95991,75.68131,75.68131,97.34841,97.34841
14.05803,0.0,26.614711220000004,86.55,86.4192,57.813213210684765,47.2,38.34673201294943,12.783377384824998,94.95991,94.95991,75.68131,75.68131,97.34841,97.34841
14.05803,0.0,26.614711220000004,86.55,86.4192,57.813213210684765,47.2,38.34673201294943,5.2271205927464175,94.95991,94.95991,75.68131,75.68131,97.34841,97.34841
14.05803,0.0,26.614711220000004,86.55,86.4192,57.813213210684765,47.2,38.34673201294943,-6.1,94.95991,94.95991,75.68131,75.68131,97.34841,97.34841
14.05803,0.0,26.614711220000004,86.55,86.4192,57.813213210684765,47.2,38.34673201294943,13.026917063992423,94.95991,94.95991,75.68131,75.68131,97.34841,97.34841
14.05803,0.0,26.614711220000004,86.55,86.4192,32.71923935304359,47.2,37.412402663367146,25.72825095311959,94.95991,94.95991,75.68131,75.68131,97.34841,97.34841
14.05803,0.0,26.614711220000004,96.89354609793169,86.4192,32.71923935304359,47.2,37.41240266336715,20.32843704044301,94.95991,94.95991,75.68131,75.68131,97.34841,97.34841
14.05803,0.0,26.614711220000004,86.55,86.4192,9.97288000128054,47.2,36.89695978781513,20.093595101618288,94.95991,94.95991,75.68131,75.68131,97.34841,97.34841
14.05803,0.0,26.614711220000004,86.55,86.4192,9.97288000128054,47.2,36.89695978781513,30.360746762838104,94.95991,94.95991,75.68131,75.68131,97.34841,97.34841
14.05803,0.0,26.614711220000004,86.55,86.4192,0.0,47.2,36.99668858782793,12.253466512448957,94.95991,94.95991,75.68131,75.68131,97.34841,97.34841
14.05803,0.0,26.614711220000004,86.55,86.4192,0.0,47.2,36.902462401256614,20.50625002202991,94.95991,94.95991,75.68131,75.68131,97.34841,97.34841
14.05803,0.0,26.614711220000004,86.55,86.4192,0.0,47.2,36.87567626101983,20.62453666652398,94.95991,94.95991,75.68131,75.68131,97.34841,97.34841
14.05803,0.0,26.614711220000004,86.55,86.4192,0.0,47.2,36.87567626101983,21.870189681767712,94.95991,94.95991,75.68131,75.68131,97.34841,97.34841
14.05803,0.0,26.614711220000004,86.55,86.4192,0.0,47.2,36.99668858782793,20.09015052675117,94.95991,94.95991,75.68131,75.68131,97.34841,97.34841
14.05803,0.0,26.614711220000004,86.55,86.4192,0.0,47.2,36.99668858782793,20.09015052675117,94.95991,94.95991,75.68131,75.68131,97.34841,97.34841
14.05803,0.0,26.614711220000004,86.55,86.4192,19.94576000256108,47.2,36.79723098780232,13.797345812375887,94.95991,94.95991,75.68131,75.68131,97.34841,97.34841
14.05803,0.0,26.614711220000004,86.55,86.4192,45.14011591725237,47.2,37.89949090617298,37.49257458393496,94.95991,94.95991,75.68131,75.68131,97.34841,97.34841
14.05803,0.0,26.614711220000004,86.55,86.4192,70.48631050411714,47.2,38.40641479791027,12.734386615449115,94.95991,94.95991,75.68131,75.68131,97.34841,97.34841
14.05803,0.0,26.614711220000004,86.55,86.4192,57.813213210684765,47.2,38.15295285204163,5.2271205927464175,94.95991,94.95991,75.68131,75.68131,97.34841,97.34841
14.05803,0.0,26.614711220000004,86.55,86.4192,57.813213210684765,47.2,38.15295285204163,5.2271205927464175,94.95991,94.95991,75.68131,75.68131,97.34841,97.34841
14.05803,0.0,26.614711220000004,86.55,86.4192,57.813213210684765,47.2,38.15295285204163,13.179850473143382,94.95991,94.95991,75.68131,75.68131,97.34841,97.34841
14.05803,0.0,26.614711220000004,86.55,86.4192,60.24901377937242,47.2,38.201668863415385,13.129573511011987,94.95991,94.95991,75.68131,75.68131,97.34841,97.34841
14.05803,0.0,26.614711220000004,86.55,86.4192,162.510070569722,47.2,40.246889999222375,41.01488042354023,94.95991,94.95991,75.68131,75.68131,97.34841,97.34841
14.058029999999999,0.0,26.614711219999997,86.55,88.20387125134832,90.35741390532135,47.2,69.49314493701061,-6.1,94.95991,94.95991,75.68131,75.68131,97.34841,97.34841
14.058029999999999,0.0,26.614711219999997,133.85890771552323,86.4192,90.35741390532135,47.2,69.49314493701061,-6.1,94.95991,94.95991,75.68131,75.68131,97.34841,97.34841
14.058029999999999,0.0,26.614711219999997,149.51193817226994,86.4192,90.35741390532135,47.2,69.49314493701061,-6.1,94.95991,94.95991,75.68131,75.68131,97.34841,97.34841
14.058029999999999,0.0,26.614711219999997,150.21853376560256,86.4192,60.249013779372405,47.2,68.89097693449163,-6.1,94.95991,94.95991,75.68131,75.68131,97.34841,97.34841
14.058029999999999,0.0,26.614711219999997,138.08300277435546,86.4192,60.249013779372405,47.2,68.89097693449163,-6.1,94.95991,94.95991,75.68131,75.68131,97.34841,97.34841
14.058029999999999,0.0,26.614711219999997,86.55,86.4192,60.249013779372405,47.2,68.89097693449163,-6.1,94.95991,94.95991,75.68131,75.68131,97.34841,97.34841
14.058029999999999,0.0,26.614711219999997,86.55,142.07564652947218,57.81321321068475,47.2,66.10579141412822,-6.1,94.95991,94.95991,75.68131,75.68131,97.34841,97.34841
14.058029999999999,0.0,26.614711219999997,86.55,137.48146848790992,57.81321321068475,47.2,66.10579141412822,-6.1,94.95991,94.95991,75.68131,75.68131,97.34841,97.34841
14.058029999999999,0.0,26.614711219999997,86.55,86.4192,47.432091489991514,47.2,54.23562836659167,-6.1,94.95991,94.95991,75.68131,75.68131,97.34841,97.34841
14.058029999999999,0.0,26.614711219999997,86.55,99.85652164480786,45.184109377923015,47.2,51.66520149788361,-6.1,94.95991,94.95991,75.68131,75.68131,97.34841,97.34841
14.058029999999999,0.0,26.614711219999997,86.55,115.79770949713686,45.184109377923015,47.2,51.66520149788361,-6.1,94.95991,94.95991,75.68131,75.68131,97.34841,97.34841
14.058029999999999,0.0,26.614711219999997,99.85652164480786,86.4192,45.184109377923015,47.2,51.66520149788361,-6.1,94.95991,94.95991,75.68131,75.68131,97.34841,97.34841
14.058029999999999,0.0,26.614711219999997,86.55,86.4192,9.97288000128054,47.2,37.03927138456082,-6.1,94.95991,94.95991,75.68131,75.68131,97.34841,97.34841
14.058029999999999,0.0,26.614711219999997,86.55,86.4192,9.97288000128054,47.2,37.03927138456082,14.977752505293497,94.95991,94.95991,75.68131,75.68131,97.34841,97.34841
14.058029999999999,0.0,26.614711219999997,99.85652164480786,115.79770949713686,45.184109377923015,47.2,51.66520149788361,-6.1,94.95991,94.95991,75.68131,75.68131,97.34841,97.34841
14.058029999999999,0.0,26.614711219999997,86.55,86.4192,47.432091489991514,47.2,54.23562836659167,-6.1,94.95991,94.95991,75.68131,75.68131,97.34841,97.34841
14.058029999999999,0.0,26.614711219999997,86.55,86.4192,48.698706539556134,47.2,55.683923412282695,-6.1,94.95991,94.95991,75.68131,75.68131,97.34841,97.34841
14.058029999999999,0.0,26.614711219999997,86.55,111.39192574766265,57.81321321068475,47.2,55.86621354570527,-6.1,94.95991,94.95991,75.68131,75.68131,97.34841,97.34841
14.058029999999999,0.0,26.614711219999997,86.55,86.4192,60.249013779372405,47.2,55.91492955707903,-6.1,94.95991,94.95991,75.68131,75.68131,97.34841,97.34841
14.058029999999999,0.0,26.614711219999997,86.55,86.4192,60.249013779372405,47.2,55.91492955707903,-6.1,94.95991,94.95991,75.68131,75.68131,97.34841,97.34841
14.058029999999999,0.0,26.614711219999997,86.55,86.4192,60.249013779372405,47.2,55.91492955707903,-6.1,94.95991,94.95991,75.68131,75.68131,97.34841,97.34841
14.058029999999999,0.0,26.614711219999997,86.55,86.4192,60.249013779372405,47.2,55.91492955707903,-6.1,94.95991,94.95991,75.68131,75.68131,97.34841,97.34841
14.058029999999999,0.0,26.614711219999997,86.55,86.4192,60.249013779372405,47.2,55.91492955707903,-6.1,94.95991,94.95991,75.68131,75.68131,97.34841,97.34841
14.058029999999999,0.0,26.614711219999997,86.55,86.4192,60.249013779372405,47.2,55.91492955707903,-6.1,94.95991,94.95991,75.68131,75.68131,97.34841,97.34841
14.058029999999999,0.0,26.614711219999997,111.33476143667728,86.4192,60.249013779372405,47.2,55.91492955707903,-6.1,94.95991,94.95991,75.68131,75.68131,97.34841,97.34841
14.058029999999999,0.0,26.614711219999997,86.55,86.4192,102.33621871012997,47.2,56.75667365569418,-6.1,94.95991,94.95991,75.68131,75.68131,97.34841,97.34841
14.058029999999999,0.0,26.614711219999997,107.44863969398449,86.4192,102.33621871012997,47.2,56.75667365569418,-6.1,94.95991,94.95991,75.68131,75.68131,97.34841,97.34841
14.058029999999999,0.0,26.614711219999997,111.33476143667728,86.4192,60.249013779372405,47.2,55.91492955707903,-6.1,94.95991,94.95991,75.68131,75.68131,97.34841,97.34841
14.058029999999999,0.0,26.614711219999997,86.55,86.4192,60.249013779372405,47.2,55.91492955707903,-6.1,94.95991,94.95991,75.68131,75.68131,97.34841,97.34841
14.058029999999999,0.0,26.614711219999997,86.55,86.4192,60.249013779372405,47.2,55.91492955707903,-6.1,94.95991,94.95991,75.68131,75.68131,97.34841,97.34841
14.058029999999999,0.0,26.614711219999997,86.55,86.4192,57.81321321068475,47.2,55.86621354570527,-6.1,94.95991,94.95991,75.68131,75.68131,97.34841,97.34841
14.058029999999999,0.0,26.614711219999997,86.55,86.4192,57.81321321068475,47.2,55.86621354570527,-6.1,94.95991,94.95991,75.68131,75.68131,97.34841,97.34841
14.058029999999999,0.0,26.614711219999997,86.55,86.4192,32.84466527770446,47.2,37.55581935918961,12.890475937260305,94.95991,94.95991,75.68131,75.68131,97.34841,97.34841
14.058029999999999,0.0,26.614711219999997,86.55,86.55,32.32109407441537,47.2,36.957148452783805,14.17485291659818,94.95991,94.95991,75.68131,75.68131,97.34841,97.34841
14.058029999999999,0.0,26.614711219999997,86.55,86.4192,9.97288000128054,47.2,37.18063059351516,20.23699352116933,94.95991,94.95991,75.68131,75.68131,97.34841,97.34841
14.058029999999999,0.0,26.614711219999997,86.55,86.4192,9.97288000128054,47.2,37.18063059351516,22.801573258435855,94.95991,94.95991,75.68131,75.68131,97.34841,97.34841
14.058029999999999,0.0,26.614711219999997,86.55,86.4192,9.97288000128054,47.2,37.03927138456082,12.644928356258395,94.95991,94.95991,75.68131,75.68131,97.34841,97.34841
14.058029999999999,0.0,26.614711219999997,86.55,86.4192,0.0,47.2,36.87567626101981,20.53289576866709,94.95991,94.95991,75.68131,75.68131,97.34841,97.34841
14.058029999999999,0.0,26.614711219999997,86.55,86.4192,0.0,47.2,36.87567626101981,12.501058310810768,94.95991,94.95991,75.68131,75.68131,97.34841,97.34841
14.058029999999999,0.0,26.614711219999997,86.55,86.4192,0.0,47.2,36.87567626101981,19.305609944501196,94.95991,94.95991,75.68131,75.68131,97.34841,97.34841
14.058029999999999,0.0,26.614711219999997,86.55,86.4192,0.0,47.2,36.87567626101981,20.624536666523976,94.95991,94.95991,75.68131,75.68131,97.34841,97.34841
14.058029999999999,0.0,26.614711219999997,86.55,86.4192,33.54760707775551,47.2,38.35958931816256,13.857922588446126,94.95991,94.95991,75.68131,75.68131,97.34841,97.34841
14.058029999999999,0.0,26.614711219999997,86.55,86.4192,171.0629204406631,47.2,41.10989558542071,13.489496745719773,94.95991,94.95991,75.68131,75.68131,97.34841,97.34841
14.058029999999999,0.0,26.614711219999997,86.55,86.4192,60.249013779372405,47.2,38.893617452194896,-1.8977931196162745,94.95991,94.95991,75.68131,75.68131,97.34841,97.34841
14.058029999999999,0.0,26.614711219999997,86.55,86.4192,57.81321321068475,47.2,38.84490144082115,5.227120592746444,94.95991,94.95991,75.68131,75.68131,97.34841,97.34841
14.058029999999999,0.0,26.614711219999997,86.55,86.4192,57.81321321068475,47.2,38.84490144082115,5.227120592746444,94.95991,94.95991,75.68131,75.68131,97.34841,97.34841
14.058029999999999,0.0,26.614711219999997,86.55,86.4192,52.31631736291453,47.2,38.734963523865744,11.58673192140025,94.95991,94.95991,75.68131,75.68131,97.34841,97.34841
14.058029999999999,0.0,26.614711219999997,86.55,86.4192,57.81321321068475,47.2,38.84490144082115,-6.1,94.95991,94.95991,75.68131,75.68131,97.34841,97.34841
14.058029999999999,0.0,26.614711219999997,86.55,86.4192,49.14836526286081,47.2,38.67160448186467,11.535969477129196,94.95991,94.95991,75.68131,75.68131,97.34841,97.34841
14.058029999999999,0.0,26.614711219999997,86.55,86.4192,57.81321321068475,47.2,38.84490144082115,5.227120592746444,94.95991,94.95991,75.68131,75.68131,97.34841,97.34841
14.058029999999999,0.0,26.614711219999997,86.55,86.4192,57.81321321068475,47.2,38.84490144082115,11.674812757323085,94.95991,94.95991,75.68131,75.68131,97.34841,97.34841
14.058029999999999,0.0,26.614711219999997,86.55,86.4192,60.249013779372405,47.2,38.8936174521949,-1.9335438536518361,94.95991,94.95991,75.68131,75.68131,97.34841,97.34841
14.058029999999999,0.0,26.614711219999997,86.55,86.4192,60.249013779372405,47.2,38.8936174521949,11.713843395008965,94.95991,94.95991,75.68131,75.68131,97.34841,97.34841
14.058029999999999,0.0,26.614711219999997,86.55,86.4192,60.249013779372405,47.2,38.8936174521949,-1.8977931196162745,94.95991,94.95991,75.68131,75.68131,97.34841,97.34841
14.058029999999999,0.0,26.614711219999997,86.55,86.4192,33.54760707775551,47.2,38.35958931816256,11.2859869669946,94.95991,94.95991,75.68131,75.68131,97.34841,97.34841
14.058029999999999,0.0,26.614711219999997,86.55,86.4192,32.719239353043584,47.2,37.412402663367146,25.728250953119556,94.95991,94.95991,75.68131,75.68131,97.34841,97.34841
14.058029999999999,0.0,26.614711219999997,86.55,86.4192,32.675060206986956,47.2,37.36188657453758,17.560972017505172,94.95991,94.95991,75.68131,75.68131,97.34841,97.34841
14.058029999999999,0.0,26.614711219999997,86.55,86.4192,32.675060206986956,47.2,37.36188657453758,13.277605377062594,94.95991,94.95991,75.68131,75.68131,97.34841,97.34841
14.058029999999999,0.0,26.614711219999997,86.55,86.4192,32.675060206986956,47.2,37.36188657453758,13.277605377062594,94.95991,94.95991,75.68131,75.68131,97.34841,97.34841
14.058029999999999,0.0,26.614711219999997,86.55,86.4192,9.97288000128054,47.2,37.588908376594645,11.520368446592128,94.95991,94.95991,75.68131,75.68131,97.34841,97.34841
14.058029999999999,0.0,26.614711219999997,86.55,86.4192,9.97288000128054,47.2,37.03927138456082,12.644928356258395,94.95991,94.95991,75.68131,75.68131,97.34841,97.34841
14.058029999999999,0.0,26.614711219999997,86.55,86.4192,9.97288000128054,47.2,37.588908376594645,11.520368446592128,94.95991,94.95991,75.68131,75.68131,97.34841,97.34841
14.058029999999999,0.0,26.614711219999997,86.55,86.4192,9.97288000128054,47.2,37.03927138456082,12.644928356258395,94.95991,94.95991,75.68131,75.68131,97.34841,97.34841
14.058029999999999,0.0,26.614711219999997,86.55,86.54999999999998,9.97288000128054,47.2,37.03927138456082,12.734235956075665,94.95991,94.95991,75.68131,75.68131,97.34841,97.34841
14.058029999999999,0.0,26.614711219999997,86.55,86.4192,32.675060206986956,47.2,37.36188657453758,-6.1,94.95991,94.95991,75.68131,75.68131,97.34841,97.34841
14.058029999999999,0.0,26.614711219999997,86.55,86.4192,57.81321321068475,47.2,53.273306855876534,-6.1,94.95991,94.95991,75.68131,75.68131,97.34841,97.34841
14.058029999999999,0.0,26.614711219999997,86.55,103.56490745379581,60.249013779372405,47.2,53.32202286725028,-6.1,94.95991,94.95991,75.68131,75.68131,97.34841,97.34841
14.058029999999999,0.0,26.614711219999997,86.55,86.4192,57.81321321068475,47.2,53.273306855876534,-6.1,94.95991,94.95991,75.68131,75.68131,97.34841,97.34841
14.058029999999999,0.0,26.614711219999997,86.55,86.4192,57.81321321068475,47.2,53.273306855876534,-6.1,94.95991,94.95991,75.68131,75.68131,97.34841,97.34841
14.058029999999999,0.0,26.614711219999997,86.55,86.4192,57.81321321068475,47.2,53.273306855876534,-6.1,94.95991,94.95991,75.68131,75.68131,97.34841,97.34841
14.058029999999999,0.0,26.614711219999997,86.55,86.4192,58.970612561206686,47.2,53.29645484288698,-6.1,94.95991,94.95991,75.68131,75.68131,97.34841,97.34841
14.058029999999999,0.0,26.614711219999997,103.56490745379581,86.4192,60.249013779372405,47.2,53.32202286725028,-6.1,94.95991,94.95991,75.68131,75.68131,97.34841,97.34841
14.058029999999999,0.0,26.614711219999997,86.55,86.4192,60.249013779372405,47.2,53.32202286725028,-6.1,94.95991,94.95991,75.68131,75.68131,97.34841,97.34841
14.058029999999999,0.0,26.614711219999997,86.55,86.4192,60.249013779372405,47.2,53.32202286725028,-6.1,94.95991,94.95991,75.68131,75.68131,97.34841,97.34841
14.058029999999999,0.0,26.614711219999997,86.55,86.4192,60.249013779372405,47.2,53.32202286725028,-6.1,94.95991,94.95991,75.68131,75.68131,97.34841,97.34841
14.058029999999999,0.0,26.614711219999997,86.55,86.4192,60.249013779372405,47.2,53.32202286725028,-6.1,94.95991,94.95991,75.68131,75.68131,97.34841,97.34841
14.058029999999999,0.0,26.614711219999997,86.55,86.4192,145.42210187404953,47.2,55.02548462914383,-6.1,94.95991,94.95991,75.68131,75.68131,97.34841,97.34841
14.058029999999999,0.0,26.614711219999997,86.55,103.56490745379581,60.249013779372405,47.2,53.32202286725028,-6.1,94.95991,94.95991,75.68131,75.68131,97.34841,97.34841
14.058029999999999,0.0,26.614711219999997,86.55,86.4192,55.37741264199709,47.2,53.22459084450278,-6.1,94.95991,94.95991,75.68131,75.68131,97.34841,97.34841
14.058029999999999,0.0,26.614711219999997,99.85652164480786,99.85652164480786,45.184109377923015,47.2,51.66520149788361,-6.1,94.95991,94.95991,75.68131,75.68131,97.34841,97.34841
14.058029999999999,0.0,26.614711219999997,86.55,86.4192,31.583775382486785,47.2,37.393776512394126,11.101702244286578,94.95991,94.95991,75.68131,75.68131,97.34841,97.34841
14.058029999999999,0.0,26.614711219999997,86.55,86.4192,9.97288000128054,47.2,37.03927138456082,-6.1,94.95991,94.95991,75.68131,75.68131,97.34841,97.34841
14.058029999999999,0.0,26.614711219999997,86.55,86.4192,31.583775382486785,47.2,37.393776512394126,-6.1,94.95991,94.95991,75.68131,75.68131,97.34841,97.34841
14.058029999999999,0.0,26.614711219999997,86.55,86.4192,45.184109377923015,47.2,51.66520149788361,-6.1,94.95991,94.95991,75.68131,75.68131,97.34841,97.34841
14.058029999999999,0.0,26.614711219999997,86.55,99.85652164480786,45.184109377923015,47.2,51.66520149788361,-6.1,94.95991,94.95991,75.68131,75.68131,97.34841,97.34841
14.058029999999999,0.0,26.614711219999997,99.85652164480786,86.4192,45.184109377923015,47.2,51.66520149788361,-6.1,94.95991,94.95991,75.68131,75.68131,97.34841,97.34841
14.058029999999999,0.0,26.614711219999997,86.55,99.85652164480786,45.184109377923015,47.2,51.66520149788361,-6.1,94.95991,94.95991,75.68131,75.68131,97.34841,97.34841
14.058029999999999,0.0,26.614711219999997,86.55,99.85652164480786,45.184109377923015,47.2,51.66520149788361,-6.1,94.95991,94.95991,75.68131,75.68131,97.34841,97.34841
14.058029999999999,0.0,26.614711219999997,86.55,86.4192,55.37741264199709,47.2,63.32060589376483,-6.1,94.95991,94.95991,75.68131,75.68131,97.34841,97.34841
14.058029999999999,0.0,26.614711219999997,86.55,86.4192,60.249013779372405,47.2,63.41803791651233,-6.1,94.95991,94.95991,75.68131,75.68131,97.34841,97.34841
14.058029999999999,0.0,26.614711219999997,86.55,86.4192,689.6010828046749,47.2,76.00507929701838,-6.1,94.95991,94.95991,75.68131,75.68131,97.34841,97.34841
14.058029999999999,0.0,26.614711219999997,86.55,86.4192,134.77059351428684,47.2,64.90846951121063,-6.1,94.95991,94.95991,75.68131,75.68131,97.34841,97.34841
14.058029999999999,0.0,26.614711219999997,133.81843067137106,86.4192,60.249013779372405,47.2,63.41803791651233,-6.1,94.95991,94.95991,75.68131,75.68131,97.34841,97.34841
14.058029999999999,0.0,26.614711219999997,133.81843067137106,86.4192,60.249013779372405,47.2,63.41803791651233,-6.1,94.95991,94.95991,75.68131,75.68131,97.34841,97.34841
14.058029999999999,0.0,26.614711219999997,86.55,133.81843067137106,60.249013779372405,47.2,63.41803791651233,-6.1,94.95991,94.95991,75.68131,75.68131,97.34841,97.34841
14.058029999999999,0.0,26.614711219999997,133.81843067137106,86.4192,60.249013779372405,47.2,63.41803791651233,-6.1,94.95991,94.95991,75.68131,75.68131,97.34841,97.34841
14.058029999999999,0.0,26.614711219999997,86.55,86.4192,60.249013779372405,47.2,63.41803791651233,-6.1,94.95991,94.95991,75.68131,75.68131,97.34841,97.34841
14.058029999999999,0.0,26.614711219999997,86.55,86.4192,60.249013779372405,47.2,63.41803791651233,-6.1,94.95991,94.95991,75.68131,75.68131,97.34841,97.34841
14.058029999999999,0.0,26.614711219999997,133.81843067137106,133.81843067137106,60.249013779372405,47.2,63.41803791651233,-6.1,94.95991,94.95991,75.68131,75.68131,97.34841,97.34841
14.058029999999999,0.0,26.614711219999997,133.81843067137106,86.4192,60.249013779372405,47.2,63.41803791651233,-6.1,94.95991,94.95991,75.68131,75.68131,97.34841,97.34841
14.058029999999999,0.0,26.614711219999997,133.81843067137106,86.4192,60.249013779372405,47.2,63.41803791651233,-6.1,94.95991,94.95991,75.68131,75.68131,97.34841,97.34841
14.058029999999999,0.0,26.614711219999997,86.55,86.4192,57.81321321068475,47.2,63.369321905138584,-6.1,94.95991,94.95991,75.68131,75.68131,97.34841,97.34841
14.058029999999999,0.0,26.614711219999997,86.55,86.4192,57.81321321068475,47.2,63.369321905138584,-6.1,94.95991,94.95991,75.68131,75.68131,97.34841,97.34841
14.058029999999999,0.0,26.614711219999997,86.55,86.4192,57.81321321068475,47.2,63.369321905138584,-6.1,94.95991,94.95991,75.68131,75.68131,97.34841,97.34841
14.058029999999999,0.0,26.614711219999997,86.55,86.4192,45.184109377923015,47.2,51.66520149788361,-6.1,94.95991,94.95991,75.68131,75.68131,97.34841,97.34841
14.058029999999999,0.0,26.614711219999997,86.55,99.85652164480786,45.184109377923015,47.2,51.66520149788361,-6.1,94.95991,94.95991,75.68131,75.68131,97.34841,97.34841
14.058029999999999,0.0,26.614711219999997,86.55,99.85652164480786,45.184109377923015,47.2,51.66520149788361,-6.1,94.95991,94.95991,75.68131,75.68131,97.34841,97.34841
14.058029999999999,0.0,26.614711219999997,86.55,99.85652164480786,45.184109377923015,47.2,51.66520149788361,-6.1,94.95991,94.95991,75.68131,75.68131,97.34841,97.34841
14.058029999999999,0.0,26.614711219999997,86.55,86.4192,45.184109377923015,47.2,51.66520149788361,-6.1,94.95991,94.95991,75.68131,75.68131,97.34841,97.34841
14.058029999999999,0.0,26.614711219999997,86.55,86.4192,17.983441387050572,47.2,37.17067663353299,-5.178314394612333,94.95991,94.95991,75.68131,75.68131,97.34841,97.34841
14.058029999999999,0.0,26.614711219999997,86.55,86.4192,9.97288000128054,47.2,42.593519252366605,-2.347203940267579,94.95991,94.95991,75.68131,75.68131,97.34841,97.34841
14.058029999999999,0.0,26.614711219999997,86.55,86.4192,45.184109377923015,47.2,51.66520149788361,-6.1,94.95991,94.95991,75.68131,75.68131,97.34841,97.34841
14.058029999999999,0.0,26.614711219999997,86.55,86.4192,45.184109377923015,47.2,51.66520149788361,-6.1,94.95991,94.95991,75.68131,75.68131,97.34841,97.34841
14.058029999999999,0.0,26.614711219999997,86.55,86.4192,57.81321321068475,47.2,53.273306855876534,-6.1,94.95991,94.95991,75.68131,75.68131,97.34841,97.34841
14.058029999999999,0.0,26.614711219999997,86.55,86.4192,60.249013779372405,47.2,53.32202286725028,-6.1,94.95991,94.95991,75.68131,75.68131,97.34841,97.34841
14.058029999999999,0.0,26.614711219999997,86.55,86.4192,60.249013779372405,47.2,53.32202286725028,-6.1,94.95991,94.95991,75.68131,75.68131,97.34841,97.34841
14.058029999999999,0.0,26.614711219999997,86.55,86.4192,60.249013779372405,47.2,53.32202286725028,-6.1,94.95991,94.95991,75.68131,75.68131,97.34841,97.34841
14.058029999999999,0.0,26.614711219999997,86.55,86.4192,60.249013779372405,47.2,53.32202286725028,-6.1,94.95991,94.95991,75.68131,75.68131,97.34841,97.34841
14.058029999999999,0.0,26.614711219999997,86.55,86.4192,60.112679817216296,47.2,53.319296188007165,-6.1,94.95991,94.95991,75.68131,75.68131,97.34841,97.34841
14.058029999999999,0.0,26.614711219999997,86.55,86.4192,60.249013779372405,47.2,53.32202286725028,-6.1,94.95991,94.95991,75.68131,75.68131,97.34841,97.34841
14.058029999999999,0.0,26.614711219999997,86.55,86.4192,60.249013779372405,47.2,53.32202286725028,-6.1,94.95991,94.95991,75.68131,75.68131,97.34841,97.34841
14.058029999999999,0.0,26.614711219999997,103.56490745379581,86.4192,60.249013779372405,47.2,53.32202286725028,-6.1,94.95991,94.95991,75.68131,75.68131,97.34841,97.34841
14.058029999999999,0.0,26.614711219999997,86.55,86.4192,60.249013779372405,47.2,53.32202286725028,-6.1,94.95991,94.95991,75.68131,75.68131,97.34841,97.34841
14.058029999999999,0.0,26.614711219999997,103.56490745379581,86.4192,60.249013779372405,47.2,53.32202286725028,-6.1,94.95991,94.95991,75.68131,75.68131,97.34841,97.34841
14.058029999999999,0.0,26.614711219999997,101.7849070014923,156.81376823784652,136.09574470724942,47.2,54.838957485807825,-6.1,94.95991,94.95991,75.68131,75.68131,97.34841,97.34841
14.058029999999999,0.0,26.614711219999997,86.55,86.4192,60.249013779372405,47.2,53.32202286725028,-6.1,94.95991,94.95991,75.68131,75.68131,97.34841,97.34841
14.058029999999999,0.0,26.614711219999997,86.55,86.4192,57.81321321068475,47.2,53.273306855876534,-6.1,94.95991,94.95991,75.68131,75.68131,97.34841,97.34841
14.058029999999999,0.0,26.614711219999997,86.55,115.79770949713684,45.184109377923015,47.2,51.66520149788361,-6.1,94.95991,94.95991,75.68131,75.68131,97.34841,97.34841
14.058029999999999,0.0,26.614711219999997,86.55,86.4192,40.56556693093131,47.2,46.38418723345409,-4.732749118084476,94.95991,94.95991,75.68131,75.68131,97.34841,97.34841
14.058029999999999,0.0,26.614711219999997,86.55,86.4192,9.97288000128054,47.2,43.07043128564134,-6.1,94.95991,94.95991,75.68131,75.68131,97.34841,97.34841
14.058029999999999,0.0,26.614711219999997,86.55,86.4192,9.97288000128054,47.2,37.03927138456082,-6.1,94.95991,94.95991,75.68131,75.68131,97.34841,97.34841
14.058029999999999,0.0,26.614711219999997,86.55,86.4192,45.184109377923015,47.2,51.66520149788361,-6.1,94.95991,94.95991,75.68131,75.68131,97.34841,97.34841
14.058029999999999,0.0,26.614711219999997,86.55,86.4192,45.184109377923015,47.2,51.66520149788361,-6.1,94.95991,94.95991,75.68131,75.68131,97.34841,97.34841
14.058029999999999,0.0,26.614711219999997,99.85652164480786,86.4192,45.184109377923015,47.2,51.66520149788361,-6.1,94.95991,94.95991,75.68131,75.68131,97.34841,97.34841
14.058029999999999,0.0,26.614711219999997,99.85652164480786,86.4192,45.184109377923015,47.2,51.66520149788361,-6.1,94.95991,94.95991,75.68131,75.68131,97.34841,97.34841
14.058029999999999,0.0,26.614711219999997,86.55,86.4192,57.81321321068475,47.2,66.10579141412822,-6.1,94.95991,94.95991,75.68131,75.68131,97.34841,97.34841
14.058029999999999,0.0,26.614711219999997,86.55,86.4192,57.81321321068475,47.2,66.10579141412822,-6.1,94.95991,94.95991,75.68131,75.68131,97.34841,97.34841
14.058029999999999,0.0,26.614711219999997,86.55,86.4192,60.249013779372405,47.2,66.15450742550196,-6.1,94.95991,94.95991,75.68131,75.68131,97.34841,97.34841
14.058029999999999,0.0,26.614711219999997,86.55,138.08300277435546,60.249013779372405,47.2,66.15450742550196,-6.1,94.95991,94.95991,75.68131,75.68131,97.34841,97.34841
14.058029999999999,0.0,26.614711219999997,86.55,86.4192,60.249013779372405,47.2,66.15450742550196,-6.1,94.95991,94.95991,75.68131,75.68131,97.34841,97.34841
14.058029999999999,0.0,26.614711219999997,142.01848221848678,86.4192,60.249013779372405,47.2,66.15450742550196,-6.1,94.95991,94.95991,75.68131,75.68131,97.34841,97.34841
14.058029999999999,0.0,26.614711219999997,86.55,86.4192,60.249013779372405,47.2,66.15450742550196,-6.1,94.95991,94.95991,75.68131,75.68131,97.34841,97.34841
14.058029999999999,0.0,26.614711219999997,86.55,86.4192,60.249013779372405,47.2,66.15450742550196,-6.1,94.95991,94.95991,75.68131,75.68131,97.34841,97.34841
14.058029999999999,0.0,26.614711219999997,86.55,86.4192,60.249013779372405,47.2,66.15450742550196,-6.1,94.95991,94.95991,75.68131,75.68131,97.34841,97.34841
14.058029999999999,0.0,26.614711219999997,86.55,86.4192,60.249013779372405,47.2,66.15450742550196,-6.1,94.95991,94.95991,75.68131,75.68131,97.34841,97.34841
14.058029999999999,0.0,26.614711219999997,86.55,86.4192,60.249013779372405,47.2,66.15450742550196,-6.1,94.95991,94.95991,75.68131,75.68131,97.34841,97.34841
14.058029999999999,0.0,26.614711219999997,86.55,86.4192,60.249013779372405,47.2,66.15450742550196,-6.1,94.95991,94.95991,75.68131,75.68131,97.34841,97.34841
14.058029999999999,0.0,26.614711219999997,86.55,142.01848221848678,60.249013779372405,47.2,66.15450742550196,-6.1,94.95991,94.95991,75.68131,75.68131,97.34841,97.34841
14.058029999999999,0.0,26.614711219999997,86.55,86.4192,106.4486460805112,47.2,67.07850007152476,-6.1,94.95991,94.95991,75.68131,75.68131,97.34841,97.34841
14.058029999999999,0.0,26.614711219999997,114.05553527077657,114.05553527077657,106.4486460805112,47.2,67.07850007152476,-6.1,94.95991,94.95991,75.68131,75.68131,97.34841,97.34841
14.058029999999999,0.0,26.614711219999997,86.55,86.4192,57.81321321068475,47.2,66.10579141412822,-6.1,94.95991,94.95991,75.68131,75.68131,97.34841,97.34841
14.058029999999999,0.0,26.614711219999997,86.55,86.4192,57.81321321068475,970.7518904109698,66.10579141412822,-6.1,94.95991,94.95991,75.68131,75.68131,97.34841,97.34841
14.058029999999999,0.0,26.614711219999997,86.55,86.4192,41.04070084853215,47.2,46.92747313483162,-6.1,94.95991,94.95991,75.68131,75.68131,97.34841,97.34841
14.058029999999999,0.0,26.614711219999997,86.55,130.31895830205903,40.120735897354585,47.2,45.87555078363436,-6.1,94.95991,94.95991,75.68131,75.68131,97.34841,97.34841
14.058029999999999,0.0,26.614711219999997,86.55,86.4192,40.120735897354585,47.2,45.87555078363436,-6.1,94.95991,94.95991,75.68131,75.68131,97.34841,97.34841
14.058029999999999,0.0,26.614711219999997,86.55,130.31895830205903,40.120735897354585,5000.0,45.87555078363436,-6.1,94.95991,94.95991,75.68131,75.68131,97.34841,97.34841
14.058029999999999,0.0,26.614711219999997,86.55,86.4192,40.120735897354585,47.2,45.87555078363436,-3.7174068992067366,94.95991,94.95991,75.68131,75.68131,97.34841,97.34841
14.058029999999999,0.0,26.614711219999997,86.55,86.54999999999997,34.20023556616237,47.2,39.105829153826434,9.88564747048903,94.95991,94.95991,75.68131,75.68131,97.34841,97.34841
14.058029999999999,0.0,26.614711219999997,86.55,88.88510203748037,34.20023556616237,47.2,39.105829153826434,11.480008007918938,94.95991,94.95991,75.68131,75.68131,97.34841,97.34841
14.058029999999999,0.0,26.614711219999997,86.55,86.4192,34.20023556616237,47.2,45.93475578694628,-6.1,94.95991,94.95991,75.68131,75.68131,97.34841,97.34841
14.058029999999999,0.0,26.614711219999997,86.55,86.4192,40.120735897354585,47.2,45.87555078363436,-6.1,94.95991,94.95991,75.68131,75.68131,97.34841,97.34841
14.058029999999999,0.0,26.614711219999997,86.55,86.4192,57.81321321068475,47.2,47.4330224068216,-6.1,94.95991,94.95991,75.68131,75.68131,97.34841,97.34841
14.058029999999999,0.0,26.614711219999997,86.55,86.4192,57.81321321068475,47.2,47.4330224068216,-6.1,94.95991,94.95991,75.68131,75.68131,97.34841,97.34841
14.058029999999999,0.0,26.614711219999997,86.55,86.4192,57.81321321068475,47.2,47.4330224068216,-6.1,94.95991,94.95991,75.68131,75.68131,97.34841,97.34841
14.058029999999999,0.0,26.614711219999997,86.55,86.4192,57.81321321068475,5000.0,47.4330224068216,-6.1,94.95991,94.95991,75.68131,75.68131,97.34841,97.34841
14.058029999999999,0.0,26.614711219999997,86.55,86.4192,57.81321321068475,5000.0,47.4330224068216,-6.1,94.95991,94.95991,75.68131,75.68131,97.34841,97.34841
14.058029999999999,0.0,26.614711219999997,86.55,86.4192,57.81321321068475,5000.0,47.4330224068216,-5.89652373877299,94.95991,94.95991,75.68131,75.68131,97.34841,97.34841
14.058029999999999,0.0,26.614711219999997,86.55,86.4192,57.81321321068475,5000.0,47.4330224068216,-5.89652373877299,94.95991,94.95991,75.68131,75.68131,97.34841,97.34841
