Time_Index,natgas_fossil_CA,natgas_fossil_CEN,natgas_fossil_MIDAT,natgas_fossil_NCEN,natgas_fossil_NE,natgas_fossil_NW,natgas_fossil_SE,natgas_fossil_SW,natgas_fossil_TX,gasoline_fossil_global,diesel_fossil_global,jetfuel_fossil_global
1,16.44652268,15.04754461,12.21546705,14.97930178,15.01342319,15.55936586,12.55668122,13.27323096,13.40971663,94.95990171,97.34840085,75.68130147
2,16.44652268,15.04754461,12.21546705,14.97930178,15.01342319,15.55936586,12.55668122,13.27323096,13.40971663,94.95990171,97.34840085,75.68130147
3,16.44652268,15.04754461,12.21546705,14.97930178,15.01342319,15.55936586,12.55668122,13.27323096,13.40971663,94.95990171,97.34840085,75.68130147
4,16.44652268,15.04754461,12.21546705,14.97930178,15.01342319,15.55936586,12.55668122,13.27323096,13.40971663,94.95990171,97.34840085,75.68130147
5,16.44652268,15.04754461,12.21546705,14.97930178,15.01342319,15.55936586,12.55668122,13.27323096,13.40971663,94.95990171,97.34840085,75.68130147
6,16.44652268,15.04754461,12.21546705,14.97930178,15.01342319,15.55936586,12.55668122,13.27323096,13.40971663,94.95990171,97.34840085,75.68130147
7,16.44652268,15.04754461,12.21546705,14.97930178,15.01342319,15.55936586,12.55668122,13.27323096,13.40971663,94.95990171,97.34840085,75.68130147
8,16.44652268,15.04754461,12.21546705,14.97930178,15.01342319,15.55936586,12.55668122,13.27323096,13.40971663,94.95990171,97.34840085,75.68130147
9,16.44652268,15.04754461,12.21546705,14.97930178,15.01342319,15.55936586,12.55668122,13.27323096,13.40971663,94.95990171,97.34840085,75.68130147
10,16.44652268,15.04754461,12.21546705,14.97930178,15.01342319,15.55936586,12.55668122,13.27323096,13.40971663,94.95990171,97.34840085,75.68130147
11,16.44652268,15.04754461,12.21546705,14.97930178,15.01342319,15.55936586,12.55668122,13.27323096,13.40971663,94.95990171,97.34840085,75.68130147
12,16.44652268,15.04754461,12.21546705,14.97930178,15.01342319,15.55936586,12.55668122,13.27323096,13.40971663,94.95990171,97.34840085,75.68130147
13,16.44652268,15.04754461,12.21546705,14.97930178,15.01342319,15.55936586,12.55668122,13.27323096,13.40971663,94.95990171,97.34840085,75.68130147
14,16.44652268,15.04754461,12.21546705,14.97930178,15.01342319,15.55936586,12.55668122,13.27323096,13.40971663,94.95990171,97.34840085,75.68130147
15,16.44652268,15.04754461,12.21546705,14.97930178,15.01342319,15.55936586,12.55668122,13.27323096,13.40971663,94.95990171,97.34840085,75.68130147
16,16.44652268,15.04754461,12.21546705,14.97930178,15.01342319,15.55936586,12.55668122,13.27323096,13.40971663,94.95990171,97.34840085,75.68130147
17,16.44652268,15.04754461,12.21546705,14.97930178,15.01342319,15.55936586,12.55668122,13.27323096,13.40971663,94.95990171,97.34840085,75.68130147
18,16.44652268,15.04754461,12.21546705,14.97930178,15.01342319,15.55936586,12.55668122,13.27323096,13.40971663,94.95990171,97.34840085,75.68130147
19,16.44652268,15.04754461,12.21546705,14.97930178,15.01342319,15.55936586,12.55668122,13.27323096,13.40971663,94.95990171,97.34840085,75.68130147
20,16.44652268,15.04754461,12.21546705,14.97930178,15.01342319,15.55936586,12.55668122,13.27323096,13.40971663,94.95990171,97.34840085,75.68130147
21,16.44652268,15.04754461,12.21546705,14.97930178,15.01342319,15.55936586,12.55668122,13.27323096,13.40971663,94.95990171,97.34840085,75.68130147
22,16.44652268,15.04754461,12.21546705,14.97930178,15.01342319,15.55936586,12.55668122,13.27323096,13.40971663,94.95990171,97.34840085,75.68130147
23,16.44652268,15.04754461,12.21546705,14.97930178,15.01342319,15.55936586,12.55668122,13.27323096,13.40971663,94.95990171,97.34840085,75.68130147
24,16.44652268,15.04754461,12.21546705,14.97930178,15.01342319,15.55936586,12.55668122,13.27323096,13.40971663,94.95990171,97.34840085,75.68130147
25,16.44652268,15.04754461,12.21546705,14.97930178,15.01342319,15.55936586,12.55668122,13.27323096,13.40971663,94.95990171,97.34840085,75.68130147
26,16.44652268,15.04754461,12.21546705,14.97930178,15.01342319,15.55936586,12.55668122,13.27323096,13.40971663,94.95990171,97.34840085,75.68130147
27,16.44652268,15.04754461,12.21546705,14.97930178,15.01342319,15.55936586,12.55668122,13.27323096,13.40971663,94.95990171,97.34840085,75.68130147
28,16.44652268,15.04754461,12.21546705,14.97930178,15.01342319,15.55936586,12.55668122,13.27323096,13.40971663,94.95990171,97.34840085,75.68130147
29,16.44652268,15.04754461,12.21546705,14.97930178,15.01342319,15.55936586,12.55668122,13.27323096,13.40971663,94.95990171,97.34840085,75.68130147
30,16.44652268,15.04754461,12.21546705,14.97930178,15.01342319,15.55936586,12.55668122,13.27323096,13.40971663,94.95990171,97.34840085,75.68130147
31,16.44652268,15.04754461,12.21546705,14.97930178,15.01342319,15.55936586,12.55668122,13.27323096,13.40971663,94.95990171,97.34840085,75.68130147
32,16.44652268,15.04754461,12.21546705,14.97930178,15.01342319,15.55936586,12.55668122,13.27323096,13.40971663,94.95990171,97.34840085,75.68130147
33,16.44652268,15.04754461,12.21546705,14.97930178,15.01342319,15.55936586,12.55668122,13.27323096,13.40971663,94.95990171,97.34840085,75.68130147
34,16.44652268,15.04754461,12.21546705,14.97930178,15.01342319,15.55936586,12.55668122,13.27323096,13.40971663,94.95990171,97.34840085,75.68130147
35,16.44652268,15.04754461,12.21546705,14.97930178,15.01342319,15.55936586,12.55668122,13.27323096,13.40971663,94.95990171,97.34840085,75.68130147
36,16.44652268,15.04754461,12.21546705,14.97930178,15.01342319,15.55936586,12.55668122,13.27323096,13.40971663,94.95990171,97.34840085,75.68130147
37,16.44652268,15.04754461,12.21546705,14.97930178,15.01342319,15.55936586,12.55668122,13.27323096,13.40971663,94.95990171,97.34840085,75.68130147
38,16.44652268,15.04754461,12.21546705,14.97930178,15.01342319,15.55936586,12.55668122,13.27323096,13.40971663,94.95990171,97.34840085,75.68130147
39,16.44652268,15.04754461,12.21546705,14.97930178,15.01342319,15.55936586,12.55668122,13.27323096,13.40971663,94.95990171,97.34840085,75.68130147
40,16.44652268,15.04754461,12.21546705,14.97930178,15.01342319,15.55936586,12.55668122,13.27323096,13.40971663,94.95990171,97.34840085,75.68130147
41,16.44652268,15.04754461,12.21546705,14.97930178,15.01342319,15.55936586,12.55668122,13.27323096,13.40971663,94.95990171,97.34840085,75.68130147
42,16.44652268,15.04754461,12.21546705,14.97930178,15.01342319,15.55936586,12.55668122,13.27323096,13.40971663,94.95990171,97.34840085,75.68130147
43,16.44652268,15.04754461,12.21546705,14.97930178,15.01342319,15.55936586,12.55668122,13.27323096,13.40971663,94.95990171,97.34840085,75.68130147
44,16.44652268,15.04754461,12.21546705,14.97930178,15.01342319,15.55936586,12.55668122,13.27323096,13.40971663,94.95990171,97.34840085,75.68130147
45,16.44652268,15.04754461,12.21546705,14.97930178,15.01342319,15.55936586,12.55668122,13.27323096,13.40971663,94.95990171,97.34840085,75.68130147
46,16.44652268,15.04754461,12.21546705,14.97930178,15.01342319,15.55936586,12.55668122,13.27323096,13.40971663,94.95990171,97.34840085,75.68130147
47,16.44652268,15.04754461,12.21546705,14.97930178,15.01342319,15.55936586,12.55668122,13.27323096,13.40971663,94.95990171,97.34840085,75.68130147
48,16.44652268,15.04754461,12.21546705,14.97930178,15.01342319,15.55936586,12.55668122,13.27323096,13.40971663,94.95990171,97.34840085,75.68130147
49,16.44652268,15.04754461,12.21546705,14.97930178,15.01342319,15.55936586,12.55668122,13.27323096,13.40971663,94.95990171,97.34840085,75.68130147
50,16.44652268,15.04754461,12.21546705,14.97930178,15.01342319,15.55936586,12.55668122,13.27323096,13.40971663,94.95990171,97.34840085,75.68130147
51,16.44652268,15.04754461,12.21546705,14.97930178,15.01342319,15.55936586,12.55668122,13.27323096,13.40971663,94.95990171,97.34840085,75.68130147
52,16.44652268,15.04754461,12.21546705,14.97930178,15.01342319,15.55936586,12.55668122,13.27323096,13.40971663,94.95990171,97.34840085,75.68130147
53,16.44652268,15.04754461,12.21546705,14.97930178,15.01342319,15.55936586,12.55668122,13.27323096,13.40971663,94.95990171,97.34840085,75.68130147
54,16.44652268,15.04754461,12.21546705,14.97930178,15.01342319,15.55936586,12.55668122,13.27323096,13.40971663,94.95990171,97.34840085,75.68130147
55,16.44652268,15.04754461,12.21546705,14.97930178,15.01342319,15.55936586,12.55668122,13.27323096,13.40971663,94.95990171,97.34840085,75.68130147
56,16.44652268,15.04754461,12.21546705,14.97930178,15.01342319,15.55936586,12.55668122,13.27323096,13.40971663,94.95990171,97.34840085,75.68130147
57,16.44652268,15.04754461,12.21546705,14.97930178,15.01342319,15.55936586,12.55668122,13.27323096,13.40971663,94.95990171,97.34840085,75.68130147
58,16.44652268,15.04754461,12.21546705,14.97930178,15.01342319,15.55936586,12.55668122,13.27323096,13.40971663,94.95990171,97.34840085,75.68130147
59,16.44652268,15.04754461,12.21546705,14.97930178,15.01342319,15.55936586,12.55668122,13.27323096,13.40971663,94.95990171,97.34840085,75.68130147
60,16.44652268,15.04754461,12.21546705,14.97930178,15.01342319,15.55936586,12.55668122,13.27323096,13.40971663,94.95990171,97.34840085,75.68130147
61,16.44652268,15.04754461,12.21546705,14.97930178,15.01342319,15.55936586,12.55668122,13.27323096,13.40971663,94.95990171,97.34840085,75.68130147
62,16.44652268,15.04754461,12.21546705,14.97930178,15.01342319,15.55936586,12.55668122,13.27323096,13.40971663,94.95990171,97.34840085,75.68130147
63,16.44652268,15.04754461,12.21546705,14.97930178,15.01342319,15.55936586,12.55668122,13.27323096,13.40971663,94.95990171,97.34840085,75.68130147
64,16.44652268,15.04754461,12.21546705,14.97930178,15.01342319,15.55936586,12.55668122,13.27323096,13.40971663,94.95990171,97.34840085,75.68130147
65,16.44652268,15.04754461,12.21546705,14.97930178,15.01342319,15.55936586,12.55668122,13.27323096,13.40971663,94.95990171,97.34840085,75.68130147
66,16.44652268,15.04754461,12.21546705,14.97930178,15.01342319,15.55936586,12.55668122,13.27323096,13.40971663,94.95990171,97.34840085,75.68130147
67,16.44652268,15.04754461,12.21546705,14.97930178,15.01342319,15.55936586,12.55668122,13.27323096,13.40971663,94.95990171,97.34840085,75.68130147
68,16.44652268,15.04754461,12.21546705,14.97930178,15.01342319,15.55936586,12.55668122,13.27323096,13.40971663,94.95990171,97.34840085,75.68130147
69,16.44652268,15.04754461,12.21546705,14.97930178,15.01342319,15.55936586,12.55668122,13.27323096,13.40971663,94.95990171,97.34840085,75.68130147
70,16.44652268,15.04754461,12.21546705,14.97930178,15.01342319,15.55936586,12.55668122,13.27323096,13.40971663,94.95990171,97.34840085,75.68130147
71,16.44652268,15.04754461,12.21546705,14.97930178,15.01342319,15.55936586,12.55668122,13.27323096,13.40971663,94.95990171,97.34840085,75.68130147
72,16.44652268,15.04754461,12.21546705,14.97930178,15.01342319,15.55936586,12.55668122,13.27323096,13.40971663,94.95990171,97.34840085,75.68130147
73,16.44652268,15.04754461,12.21546705,14.97930178,15.01342319,15.55936586,12.55668122,13.27323096,13.40971663,94.95990171,97.34840085,75.68130147
74,16.44652268,15.04754461,12.21546705,14.97930178,15.01342319,15.55936586,12.55668122,13.27323096,13.40971663,94.95990171,97.34840085,75.68130147
75,16.44652268,15.04754461,12.21546705,14.97930178,15.01342319,15.55936586,12.55668122,13.27323096,13.40971663,94.95990171,97.34840085,75.68130147
76,16.44652268,15.04754461,12.21546705,14.97930178,15.01342319,15.55936586,12.55668122,13.27323096,13.40971663,94.95990171,97.34840085,75.68130147
77,16.44652268,15.04754461,12.21546705,14.97930178,15.01342319,15.55936586,12.55668122,13.27323096,13.40971663,94.95990171,97.34840085,75.68130147
78,16.44652268,15.04754461,12.21546705,14.97930178,15.01342319,15.55936586,12.55668122,13.27323096,13.40971663,94.95990171,97.34840085,75.68130147
79,16.44652268,15.04754461,12.21546705,14.97930178,15.01342319,15.55936586,12.55668122,13.27323096,13.40971663,94.95990171,97.34840085,75.68130147
80,16.44652268,15.04754461,12.21546705,14.97930178,15.01342319,15.55936586,12.55668122,13.27323096,13.40971663,94.95990171,97.34840085,75.68130147
81,16.44652268,15.04754461,12.21546705,14.97930178,15.01342319,15.55936586,12.55668122,13.27323096,13.40971663,94.95990171,97.34840085,75.68130147
82,16.44652268,15.04754461,12.21546705,14.97930178,15.01342319,15.55936586,12.55668122,13.27323096,13.40971663,94.95990171,97.34840085,75.68130147
83,16.44652268,15.04754461,12.21546705,14.97930178,15.01342319,15.55936586,12.55668122,13.27323096,13.40971663,94.95990171,97.34840085,75.68130147
84,16.44652268,15.04754461,12.21546705,14.97930178,15.01342319,15.55936586,12.55668122,13.27323096,13.40971663,94.95990171,97.34840085,75.68130147
85,16.44652268,15.04754461,12.21546705,14.97930178,15.01342319,15.55936586,12.55668122,13.27323096,13.40971663,94.95990171,97.34840085,75.68130147
86,16.44652268,15.04754461,12.21546705,14.97930178,15.01342319,15.55936586,12.55668122,13.27323096,13.40971663,94.95990171,97.34840085,75.68130147
87,16.44652268,15.04754461,12.21546705,14.97930178,15.01342319,15.55936586,12.55668122,13.27323096,13.40971663,94.95990171,97.34840085,75.68130147
88,16.44652268,15.04754461,12.21546705,14.97930178,15.01342319,15.55936586,12.55668122,13.27323096,13.40971663,94.95990171,97.34840085,75.68130147
89,16.44652268,15.04754461,12.21546705,14.97930178,15.01342319,15.55936586,12.55668122,13.27323096,13.40971663,94.95990171,97.34840085,75.68130147
90,16.44652268,15.04754461,12.21546705,14.97930178,15.01342319,15.55936586,12.55668122,13.27323096,13.40971663,94.95990171,97.34840085,75.68130147
91,16.44652268,15.04754461,12.21546705,14.97930178,15.01342319,15.55936586,12.55668122,13.27323096,13.40971663,94.95990171,97.34840085,75.68130147
92,16.44652268,15.04754461,12.21546705,14.97930178,15.01342319,15.55936586,12.55668122,13.27323096,13.40971663,94.95990171,97.34840085,75.68130147
93,16.44652268,15.04754461,12.21546705,14.97930178,15.01342319,15.55936586,12.55668122,13.27323096,13.40971663,94.95990171,97.34840085,75.68130147
94,16.44652268,15.04754461,12.21546705,14.97930178,15.01342319,15.55936586,12.55668122,13.27323096,13.40971663,94.95990171,97.34840085,75.68130147
95,16.44652268,15.04754461,12.21546705,14.97930178,15.01342319,15.55936586,12.55668122,13.27323096,13.40971663,94.95990171,97.34840085,75.68130147
96,16.44652268,15.04754461,12.21546705,14.97930178,15.01342319,15.55936586,12.55668122,13.27323096,13.40971663,94.95990171,97.34840085,75.68130147
97,16.44652268,15.04754461,12.21546705,14.97930178,15.01342319,15.55936586,12.55668122,13.27323096,13.40971663,94.95990171,97.34840085,75.68130147
98,16.44652268,15.04754461,12.21546705,14.97930178,15.01342319,15.55936586,12.55668122,13.27323096,13.40971663,94.95990171,97.34840085,75.68130147
99,16.44652268,15.04754461,12.21546705,14.97930178,15.01342319,15.55936586,12.55668122,13.27323096,13.40971663,94.95990171,97.34840085,75.68130147
100,16.44652268,15.04754461,12.21546705,14.97930178,15.01342319,15.55936586,12.55668122,13.27323096,13.40971663,94.95990171,97.34840085,75.68130147
101,16.44652268,15.04754461,12.21546705,14.97930178,15.01342319,15.55936586,12.55668122,13.27323096,13.40971663,94.95990171,97.34840085,75.68130147
102,16.44652268,15.04754461,12.21546705,14.97930178,15.01342319,15.55936586,12.55668122,13.27323096,13.40971663,94.95990171,97.34840085,75.68130147
103,16.44652268,15.04754461,12.21546705,14.97930178,15.01342319,15.55936586,12.55668122,13.27323096,13.40971663,94.95990171,97.34840085,75.68130147
104,16.44652268,15.04754461,12.21546705,14.97930178,15.01342319,15.55936586,12.55668122,13.27323096,13.40971663,94.95990171,97.34840085,75.68130147
105,16.44652268,15.04754461,12.21546705,14.97930178,15.01342319,15.55936586,12.55668122,13.27323096,13.40971663,94.95990171,97.34840085,75.68130147
106,16.44652268,15.04754461,12.21546705,14.97930178,15.01342319,15.55936586,12.55668122,13.27323096,13.40971663,94.95990171,97.34840085,75.68130147
107,16.44652268,15.04754461,12.21546705,14.97930178,15.01342319,15.55936586,12.55668122,13.27323096,13.40971663,94.95990171,97.34840085,75.68130147
108,16.44652268,15.04754461,12.21546705,14.97930178,15.01342319,15.55936586,12.55668122,13.27323096,13.40971663,94.95990171,97.34840085,75.68130147
109,16.44652268,15.04754461,12.21546705,14.97930178,15.01342319,15.55936586,12.55668122,13.27323096,13.40971663,94.95990171,97.34840085,75.68130147
110,16.44652268,15.04754461,12.21546705,14.97930178,15.01342319,15.55936586,12.55668122,13.27323096,13.40971663,94.95990171,97.34840085,75.68130147
111,16.44652268,15.04754461,12.21546705,14.97930178,15.01342319,15.55936586,12.55668122,13.27323096,13.40971663,94.95990171,97.34840085,75.68130147
112,16.44652268,15.04754461,12.21546705,14.97930178,15.01342319,15.55936586,12.55668122,13.27323096,13.40971663,94.95990171,97.34840085,75.68130147
113,16.44652268,15.04754461,12.21546705,14.97930178,15.01342319,15.55936586,12.55668122,13.27323096,13.40971663,94.95990171,97.34840085,75.68130147
114,16.44652268,15.04754461,12.21546705,14.97930178,15.01342319,15.55936586,12.55668122,13.27323096,13.40971663,94.95990171,97.34840085,75.68130147
115,16.44652268,15.04754461,12.21546705,14.97930178,15.01342319,15.55936586,12.55668122,13.27323096,13.40971663,94.95990171,97.34840085,75.68130147
116,16.44652268,15.04754461,12.21546705,14.97930178,15.01342319,15.55936586,12.55668122,13.27323096,13.40971663,94.95990171,97.34840085,75.68130147
117,16.44652268,15.04754461,12.21546705,14.97930178,15.01342319,15.55936586,12.55668122,13.27323096,13.40971663,94.95990171,97.34840085,75.68130147
118,16.44652268,15.04754461,12.21546705,14.97930178,15.01342319,15.55936586,12.55668122,13.27323096,13.40971663,94.95990171,97.34840085,75.68130147
119,16.44652268,15.04754461,12.21546705,14.97930178,15.01342319,15.55936586,12.55668122,13.27323096,13.40971663,94.95990171,97.34840085,75.68130147
120,16.44652268,15.04754461,12.21546705,14.97930178,15.01342319,15.55936586,12.55668122,13.27323096,13.40971663,94.95990171,97.34840085,75.68130147
121,16.44652268,15.04754461,12.21546705,14.97930178,15.01342319,15.55936586,12.55668122,13.27323096,13.40971663,94.95990171,97.34840085,75.68130147
122,16.44652268,15.04754461,12.21546705,14.97930178,15.01342319,15.55936586,12.55668122,13.27323096,13.40971663,94.95990171,97.34840085,75.68130147
123,16.44652268,15.04754461,12.21546705,14.97930178,15.01342319,15.55936586,12.55668122,13.27323096,13.40971663,94.95990171,97.34840085,75.68130147
124,16.44652268,15.04754461,12.21546705,14.97930178,15.01342319,15.55936586,12.55668122,13.27323096,13.40971663,94.95990171,97.34840085,75.68130147
125,16.44652268,15.04754461,12.21546705,14.97930178,15.01342319,15.55936586,12.55668122,13.27323096,13.40971663,94.95990171,97.34840085,75.68130147
126,16.44652268,15.04754461,12.21546705,14.97930178,15.01342319,15.55936586,12.55668122,13.27323096,13.40971663,94.95990171,97.34840085,75.68130147
127,16.44652268,15.04754461,12.21546705,14.97930178,15.01342319,15.55936586,12.55668122,13.27323096,13.40971663,94.95990171,97.34840085,75.68130147
128,16.44652268,15.04754461,12.21546705,14.97930178,15.01342319,15.55936586,12.55668122,13.27323096,13.40971663,94.95990171,97.34840085,75.68130147
129,16.44652268,15.04754461,12.21546705,14.97930178,15.01342319,15.55936586,12.55668122,13.27323096,13.40971663,94.95990171,97.34840085,75.68130147
130,16.44652268,15.04754461,12.21546705,14.97930178,15.01342319,15.55936586,12.55668122,13.27323096,13.40971663,94.95990171,97.34840085,75.68130147
131,16.44652268,15.04754461,12.21546705,14.97930178,15.01342319,15.55936586,12.55668122,13.27323096,13.40971663,94.95990171,97.34840085,75.68130147
132,16.44652268,15.04754461,12.21546705,14.97930178,15.01342319,15.55936586,12.55668122,13.27323096,13.40971663,94.95990171,97.34840085,75.68130147
133,16.44652268,15.04754461,12.21546705,14.97930178,15.01342319,15.55936586,12.55668122,13.27323096,13.40971663,94.95990171,97.34840085,75.68130147
134,16.44652268,15.04754461,12.21546705,14.97930178,15.01342319,15.55936586,12.55668122,13.27323096,13.40971663,94.95990171,97.34840085,75.68130147
135,16.44652268,15.04754461,12.21546705,14.97930178,15.01342319,15.55936586,12.55668122,13.27323096,13.40971663,94.95990171,97.34840085,75.68130147
136,16.44652268,15.04754461,12.21546705,14.97930178,15.01342319,15.55936586,12.55668122,13.27323096,13.40971663,94.95990171,97.34840085,75.68130147
137,16.44652268,15.04754461,12.21546705,14.97930178,15.01342319,15.55936586,12.55668122,13.27323096,13.40971663,94.95990171,97.34840085,75.68130147
138,16.44652268,15.04754461,12.21546705,14.97930178,15.01342319,15.55936586,12.55668122,13.27323096,13.40971663,94.95990171,97.34840085,75.68130147
139,16.44652268,15.04754461,12.21546705,14.97930178,15.01342319,15.55936586,12.55668122,13.27323096,13.40971663,94.95990171,97.34840085,75.68130147
140,16.44652268,15.04754461,12.21546705,14.97930178,15.01342319,15.55936586,12.55668122,13.27323096,13.40971663,94.95990171,97.34840085,75.68130147
141,16.44652268,15.04754461,12.21546705,14.97930178,15.01342319,15.55936586,12.55668122,13.27323096,13.40971663,94.95990171,97.34840085,75.68130147
142,16.44652268,15.04754461,12.21546705,14.97930178,15.01342319,15.55936586,12.55668122,13.27323096,13.40971663,94.95990171,97.34840085,75.68130147
143,16.44652268,15.04754461,12.21546705,14.97930178,15.01342319,15.55936586,12.55668122,13.27323096,13.40971663,94.95990171,97.34840085,75.68130147
144,16.44652268,15.04754461,12.21546705,14.97930178,15.01342319,15.55936586,12.55668122,13.27323096,13.40971663,94.95990171,97.34840085,75.68130147
145,16.44652268,15.04754461,12.21546705,14.97930178,15.01342319,15.55936586,12.55668122,13.27323096,13.40971663,94.95990171,97.34840085,75.68130147
146,16.44652268,15.04754461,12.21546705,14.97930178,15.01342319,15.55936586,12.55668122,13.27323096,13.40971663,94.95990171,97.34840085,75.68130147
147,16.44652268,15.04754461,12.21546705,14.97930178,15.01342319,15.55936586,12.55668122,13.27323096,13.40971663,94.95990171,97.34840085,75.68130147
148,16.44652268,15.04754461,12.21546705,14.97930178,15.01342319,15.55936586,12.55668122,13.27323096,13.40971663,94.95990171,97.34840085,75.68130147
149,16.44652268,15.04754461,12.21546705,14.97930178,15.01342319,15.55936586,12.55668122,13.27323096,13.40971663,94.95990171,97.34840085,75.68130147
150,16.44652268,15.04754461,12.21546705,14.97930178,15.01342319,15.55936586,12.55668122,13.27323096,13.40971663,94.95990171,97.34840085,75.68130147
151,16.44652268,15.04754461,12.21546705,14.97930178,15.01342319,15.55936586,12.55668122,13.27323096,13.40971663,94.95990171,97.34840085,75.68130147
152,16.44652268,15.04754461,12.21546705,14.97930178,15.01342319,15.55936586,12.55668122,13.27323096,13.40971663,94.95990171,97.34840085,75.68130147
153,16.44652268,15.04754461,12.21546705,14.97930178,15.01342319,15.55936586,12.55668122,13.27323096,13.40971663,94.95990171,97.34840085,75.68130147
154,16.44652268,15.04754461,12.21546705,14.97930178,15.01342319,15.55936586,12.55668122,13.27323096,13.40971663,94.95990171,97.34840085,75.68130147
155,16.44652268,15.04754461,12.21546705,14.97930178,15.01342319,15.55936586,12.55668122,13.27323096,13.40971663,94.95990171,97.34840085,75.68130147
156,16.44652268,15.04754461,12.21546705,14.97930178,15.01342319,15.55936586,12.55668122,13.27323096,13.40971663,94.95990171,97.34840085,75.68130147
157,16.44652268,15.04754461,12.21546705,14.97930178,15.01342319,15.55936586,12.55668122,13.27323096,13.40971663,94.95990171,97.34840085,75.68130147
158,16.44652268,15.04754461,12.21546705,14.97930178,15.01342319,15.55936586,12.55668122,13.27323096,13.40971663,94.95990171,97.34840085,75.68130147
159,16.44652268,15.04754461,12.21546705,14.97930178,15.01342319,15.55936586,12.55668122,13.27323096,13.40971663,94.95990171,97.34840085,75.68130147
160,16.44652268,15.04754461,12.21546705,14.97930178,15.01342319,15.55936586,12.55668122,13.27323096,13.40971663,94.95990171,97.34840085,75.68130147
161,16.44652268,15.04754461,12.21546705,14.97930178,15.01342319,15.55936586,12.55668122,13.27323096,13.40971663,94.95990171,97.34840085,75.68130147
162,16.44652268,15.04754461,12.21546705,14.97930178,15.01342319,15.55936586,12.55668122,13.27323096,13.40971663,94.95990171,97.34840085,75.68130147
163,16.44652268,15.04754461,12.21546705,14.97930178,15.01342319,15.55936586,12.55668122,13.27323096,13.40971663,94.95990171,97.34840085,75.68130147
164,16.44652268,15.04754461,12.21546705,14.97930178,15.01342319,15.55936586,12.55668122,13.27323096,13.40971663,94.95990171,97.34840085,75.68130147
165,16.44652268,15.04754461,12.21546705,14.97930178,15.01342319,15.55936586,12.55668122,13.27323096,13.40971663,94.95990171,97.34840085,75.68130147
166,16.44652268,15.04754461,12.21546705,14.97930178,15.01342319,15.55936586,12.55668122,13.27323096,13.40971663,94.95990171,97.34840085,75.68130147
167,16.44652268,15.04754461,12.21546705,14.97930178,15.01342319,15.55936586,12.55668122,13.27323096,13.40971663,94.95990171,97.34840085,75.68130147
168,16.44652268,15.04754461,12.21546705,14.97930178,15.01342319,15.55936586,12.55668122,13.27323096,13.40971663,94.95990171,97.34840085,75.68130147
169,16.44652268,15.04754461,12.21546705,14.97930178,15.01342319,15.55936586,12.55668122,13.27323096,13.40971663,94.95990171,97.34840085,75.68130147
170,16.44652268,15.04754461,12.21546705,14.97930178,15.01342319,15.55936586,12.55668122,13.27323096,13.40971663,94.95990171,97.34840085,75.68130147
171,16.44652268,15.04754461,12.21546705,14.97930178,15.01342319,15.55936586,12.55668122,13.27323096,13.40971663,94.95990171,97.34840085,75.68130147
172,16.44652268,15.04754461,12.21546705,14.97930178,15.01342319,15.55936586,12.55668122,13.27323096,13.40971663,94.95990171,97.34840085,75.68130147
173,16.44652268,15.04754461,12.21546705,14.97930178,15.01342319,15.55936586,12.55668122,13.27323096,13.40971663,94.95990171,97.34840085,75.68130147
174,16.44652268,15.04754461,12.21546705,14.97930178,15.01342319,15.55936586,12.55668122,13.27323096,13.40971663,94.95990171,97.34840085,75.68130147
175,16.44652268,15.04754461,12.21546705,14.97930178,15.01342319,15.55936586,12.55668122,13.27323096,13.40971663,94.95990171,97.34840085,75.68130147
176,16.44652268,15.04754461,12.21546705,14.97930178,15.01342319,15.55936586,12.55668122,13.27323096,13.40971663,94.95990171,97.34840085,75.68130147
177,16.44652268,15.04754461,12.21546705,14.97930178,15.01342319,15.55936586,12.55668122,13.27323096,13.40971663,94.95990171,97.34840085,75.68130147
178,16.44652268,15.04754461,12.21546705,14.97930178,15.01342319,15.55936586,12.55668122,13.27323096,13.40971663,94.95990171,97.34840085,75.68130147
179,16.44652268,15.04754461,12.21546705,14.97930178,15.01342319,15.55936586,12.55668122,13.27323096,13.40971663,94.95990171,97.34840085,75.68130147
180,16.44652268,15.04754461,12.21546705,14.97930178,15.01342319,15.55936586,12.55668122,13.27323096,13.40971663,94.95990171,97.34840085,75.68130147
181,16.44652268,15.04754461,12.21546705,14.97930178,15.01342319,15.55936586,12.55668122,13.27323096,13.40971663,94.95990171,97.34840085,75.68130147
182,16.44652268,15.04754461,12.21546705,14.97930178,15.01342319,15.55936586,12.55668122,13.27323096,13.40971663,94.95990171,97.34840085,75.68130147
183,16.44652268,15.04754461,12.21546705,14.97930178,15.01342319,15.55936586,12.55668122,13.27323096,13.40971663,94.95990171,97.34840085,75.68130147
184,16.44652268,15.04754461,12.21546705,14.97930178,15.01342319,15.55936586,12.55668122,13.27323096,13.40971663,94.95990171,97.34840085,75.68130147
185,16.44652268,15.04754461,12.21546705,14.97930178,15.01342319,15.55936586,12.55668122,13.27323096,13.40971663,94.95990171,97.34840085,75.68130147
186,16.44652268,15.04754461,12.21546705,14.97930178,15.01342319,15.55936586,12.55668122,13.27323096,13.40971663,94.95990171,97.34840085,75.68130147
187,16.44652268,15.04754461,12.21546705,14.97930178,15.01342319,15.55936586,12.55668122,13.27323096,13.40971663,94.95990171,97.34840085,75.68130147
188,16.44652268,15.04754461,12.21546705,14.97930178,15.01342319,15.55936586,12.55668122,13.27323096,13.40971663,94.95990171,97.34840085,75.68130147
189,16.44652268,15.04754461,12.21546705,14.97930178,15.01342319,15.55936586,12.55668122,13.27323096,13.40971663,94.95990171,97.34840085,75.68130147
190,16.44652268,15.04754461,12.21546705,14.97930178,15.01342319,15.55936586,12.55668122,13.27323096,13.40971663,94.95990171,97.34840085,75.68130147
191,16.44652268,15.04754461,12.21546705,14.97930178,15.01342319,15.55936586,12.55668122,13.27323096,13.40971663,94.95990171,97.34840085,75.68130147
192,16.44652268,15.04754461,12.21546705,14.97930178,15.01342319,15.55936586,12.55668122,13.27323096,13.40971663,94.95990171,97.34840085,75.68130147
193,16.44652268,15.04754461,12.21546705,14.97930178,15.01342319,15.55936586,12.55668122,13.27323096,13.40971663,94.95990171,97.34840085,75.68130147
194,16.44652268,15.04754461,12.21546705,14.97930178,15.01342319,15.55936586,12.55668122,13.27323096,13.40971663,94.95990171,97.34840085,75.68130147
195,16.44652268,15.04754461,12.21546705,14.97930178,15.01342319,15.55936586,12.55668122,13.27323096,13.40971663,94.95990171,97.34840085,75.68130147
196,16.44652268,15.04754461,12.21546705,14.97930178,15.01342319,15.55936586,12.55668122,13.27323096,13.40971663,94.95990171,97.34840085,75.68130147
197,16.44652268,15.04754461,12.21546705,14.97930178,15.01342319,15.55936586,12.55668122,13.27323096,13.40971663,94.95990171,97.34840085,75.68130147
198,16.44652268,15.04754461,12.21546705,14.97930178,15.01342319,15.55936586,12.55668122,13.27323096,13.40971663,94.95990171,97.34840085,75.68130147
199,16.44652268,15.04754461,12.21546705,14.97930178,15.01342319,15.55936586,12.55668122,13.27323096,13.40971663,94.95990171,97.34840085,75.68130147
200,16.44652268,15.04754461,12.21546705,14.97930178,15.01342319,15.55936586,12.55668122,13.27323096,13.40971663,94.95990171,97.34840085,75.68130147
201,16.44652268,15.04754461,12.21546705,14.97930178,15.01342319,15.55936586,12.55668122,13.27323096,13.40971663,94.95990171,97.34840085,75.68130147
202,16.44652268,15.04754461,12.21546705,14.97930178,15.01342319,15.55936586,12.55668122,13.27323096,13.40971663,94.95990171,97.34840085,75.68130147
203,16.44652268,15.04754461,12.21546705,14.97930178,15.01342319,15.55936586,12.55668122,13.27323096,13.40971663,94.95990171,97.34840085,75.68130147
204,16.44652268,15.04754461,12.21546705,14.97930178,15.01342319,15.55936586,12.55668122,13.27323096,13.40971663,94.95990171,97.34840085,75.68130147
205,16.44652268,15.04754461,12.21546705,14.97930178,15.01342319,15.55936586,12.55668122,13.27323096,13.40971663,94.95990171,97.34840085,75.68130147
206,16.44652268,15.04754461,12.21546705,14.97930178,15.01342319,15.55936586,12.55668122,13.27323096,13.40971663,94.95990171,97.34840085,75.68130147
207,16.44652268,15.04754461,12.21546705,14.97930178,15.01342319,15.55936586,12.55668122,13.27323096,13.40971663,94.95990171,97.34840085,75.68130147
208,16.44652268,15.04754461,12.21546705,14.97930178,15.01342319,15.55936586,12.55668122,13.27323096,13.40971663,94.95990171,97.34840085,75.68130147
209,16.44652268,15.04754461,12.21546705,14.97930178,15.01342319,15.55936586,12.55668122,13.27323096,13.40971663,94.95990171,97.34840085,75.68130147
210,16.44652268,15.04754461,12.21546705,14.97930178,15.01342319,15.55936586,12.55668122,13.27323096,13.40971663,94.95990171,97.34840085,75.68130147
211,16.44652268,15.04754461,12.21546705,14.97930178,15.01342319,15.55936586,12.55668122,13.27323096,13.40971663,94.95990171,97.34840085,75.68130147
212,16.44652268,15.04754461,12.21546705,14.97930178,15.01342319,15.55936586,12.55668122,13.27323096,13.40971663,94.95990171,97.34840085,75.68130147
213,16.44652268,15.04754461,12.21546705,14.97930178,15.01342319,15.55936586,12.55668122,13.27323096,13.40971663,94.95990171,97.34840085,75.68130147
214,16.44652268,15.04754461,12.21546705,14.97930178,15.01342319,15.55936586,12.55668122,13.27323096,13.40971663,94.95990171,97.34840085,75.68130147
215,16.44652268,15.04754461,12.21546705,14.97930178,15.01342319,15.55936586,12.55668122,13.27323096,13.40971663,94.95990171,97.34840085,75.68130147
216,16.44652268,15.04754461,12.21546705,14.97930178,15.01342319,15.55936586,12.55668122,13.27323096,13.40971663,94.95990171,97.34840085,75.68130147
217,16.44652268,15.04754461,12.21546705,14.97930178,15.01342319,15.55936586,12.55668122,13.27323096,13.40971663,94.95990171,97.34840085,75.68130147
218,16.44652268,15.04754461,12.21546705,14.97930178,15.01342319,15.55936586,12.55668122,13.27323096,13.40971663,94.95990171,97.34840085,75.68130147
219,16.44652268,15.04754461,12.21546705,14.97930178,15.01342319,15.55936586,12.55668122,13.27323096,13.40971663,94.95990171,97.34840085,75.68130147
220,16.44652268,15.04754461,12.21546705,14.97930178,15.01342319,15.55936586,12.55668122,13.27323096,13.40971663,94.95990171,97.34840085,75.68130147
221,16.44652268,15.04754461,12.21546705,14.97930178,15.01342319,15.55936586,12.55668122,13.27323096,13.40971663,94.95990171,97.34840085,75.68130147
222,16.44652268,15.04754461,12.21546705,14.97930178,15.01342319,15.55936586,12.55668122,13.27323096,13.40971663,94.95990171,97.34840085,75.68130147
223,16.44652268,15.04754461,12.21546705,14.97930178,15.01342319,15.55936586,12.55668122,13.27323096,13.40971663,94.95990171,97.34840085,75.68130147
224,16.44652268,15.04754461,12.21546705,14.97930178,15.01342319,15.55936586,12.55668122,13.27323096,13.40971663,94.95990171,97.34840085,75.68130147
225,16.44652268,15.04754461,12.21546705,14.97930178,15.01342319,15.55936586,12.55668122,13.27323096,13.40971663,94.95990171,97.34840085,75.68130147
226,16.44652268,15.04754461,12.21546705,14.97930178,15.01342319,15.55936586,12.55668122,13.27323096,13.40971663,94.95990171,97.34840085,75.68130147
227,16.44652268,15.04754461,12.21546705,14.97930178,15.01342319,15.55936586,12.55668122,13.27323096,13.40971663,94.95990171,97.34840085,75.68130147
228,16.44652268,15.04754461,12.21546705,14.97930178,15.01342319,15.55936586,12.55668122,13.27323096,13.40971663,94.95990171,97.34840085,75.68130147
229,16.44652268,15.04754461,12.21546705,14.97930178,15.01342319,15.55936586,12.55668122,13.27323096,13.40971663,94.95990171,97.34840085,75.68130147
230,16.44652268,15.04754461,12.21546705,14.97930178,15.01342319,15.55936586,12.55668122,13.27323096,13.40971663,94.95990171,97.34840085,75.68130147
231,16.44652268,15.04754461,12.21546705,14.97930178,15.01342319,15.55936586,12.55668122,13.27323096,13.40971663,94.95990171,97.34840085,75.68130147
232,16.44652268,15.04754461,12.21546705,14.97930178,15.01342319,15.55936586,12.55668122,13.27323096,13.40971663,94.95990171,97.34840085,75.68130147
233,16.44652268,15.04754461,12.21546705,14.97930178,15.01342319,15.55936586,12.55668122,13.27323096,13.40971663,94.95990171,97.34840085,75.68130147
234,16.44652268,15.04754461,12.21546705,14.97930178,15.01342319,15.55936586,12.55668122,13.27323096,13.40971663,94.95990171,97.34840085,75.68130147
235,16.44652268,15.04754461,12.21546705,14.97930178,15.01342319,15.55936586,12.55668122,13.27323096,13.40971663,94.95990171,97.34840085,75.68130147
236,16.44652268,15.04754461,12.21546705,14.97930178,15.01342319,15.55936586,12.55668122,13.27323096,13.40971663,94.95990171,97.34840085,75.68130147
237,16.44652268,15.04754461,12.21546705,14.97930178,15.01342319,15.55936586,12.55668122,13.27323096,13.40971663,94.95990171,97.34840085,75.68130147
238,16.44652268,15.04754461,12.21546705,14.97930178,15.01342319,15.55936586,12.55668122,13.27323096,13.40971663,94.95990171,97.34840085,75.68130147
239,16.44652268,15.04754461,12.21546705,14.97930178,15.01342319,15.55936586,12.55668122,13.27323096,13.40971663,94.95990171,97.34840085,75.68130147
240,16.44652268,15.04754461,12.21546705,14.97930178,15.01342319,15.55936586,12.55668122,13.27323096,13.40971663,94.95990171,97.34840085,75.68130147
241,16.44652268,15.04754461,12.21546705,14.97930178,15.01342319,15.55936586,12.55668122,13.27323096,13.40971663,94.95990171,97.34840085,75.68130147
242,16.44652268,15.04754461,12.21546705,14.97930178,15.01342319,15.55936586,12.55668122,13.27323096,13.40971663,94.95990171,97.34840085,75.68130147
243,16.44652268,15.04754461,12.21546705,14.97930178,15.01342319,15.55936586,12.55668122,13.27323096,13.40971663,94.95990171,97.34840085,75.68130147
244,16.44652268,15.04754461,12.21546705,14.97930178,15.01342319,15.55936586,12.55668122,13.27323096,13.40971663,94.95990171,97.34840085,75.68130147
245,16.44652268,15.04754461,12.21546705,14.97930178,15.01342319,15.55936586,12.55668122,13.27323096,13.40971663,94.95990171,97.34840085,75.68130147
246,16.44652268,15.04754461,12.21546705,14.97930178,15.01342319,15.55936586,12.55668122,13.27323096,13.40971663,94.95990171,97.34840085,75.68130147
247,16.44652268,15.04754461,12.21546705,14.97930178,15.01342319,15.55936586,12.55668122,13.27323096,13.40971663,94.95990171,97.34840085,75.68130147
248,16.44652268,15.04754461,12.21546705,14.97930178,15.01342319,15.55936586,12.55668122,13.27323096,13.40971663,94.95990171,97.34840085,75.68130147
249,16.44652268,15.04754461,12.21546705,14.97930178,15.01342319,15.55936586,12.55668122,13.27323096,13.40971663,94.95990171,97.34840085,75.68130147
250,16.44652268,15.04754461,12.21546705,14.97930178,15.01342319,15.55936586,12.55668122,13.27323096,13.40971663,94.95990171,97.34840085,75.68130147
251,16.44652268,15.04754461,12.21546705,14.97930178,15.01342319,15.55936586,12.55668122,13.27323096,13.40971663,94.95990171,97.34840085,75.68130147
252,16.44652268,15.04754461,12.21546705,14.97930178,15.01342319,15.55936586,12.55668122,13.27323096,13.40971663,94.95990171,97.34840085,75.68130147
253,16.44652268,15.04754461,12.21546705,14.97930178,15.01342319,15.55936586,12.55668122,13.27323096,13.40971663,94.95990171,97.34840085,75.68130147
254,16.44652268,15.04754461,12.21546705,14.97930178,15.01342319,15.55936586,12.55668122,13.27323096,13.40971663,94.95990171,97.34840085,75.68130147
255,16.44652268,15.04754461,12.21546705,14.97930178,15.01342319,15.55936586,12.55668122,13.27323096,13.40971663,94.95990171,97.34840085,75.68130147
256,16.44652268,15.04754461,12.21546705,14.97930178,15.01342319,15.55936586,12.55668122,13.27323096,13.40971663,94.95990171,97.34840085,75.68130147
257,16.44652268,15.04754461,12.21546705,14.97930178,15.01342319,15.55936586,12.55668122,13.27323096,13.40971663,94.95990171,97.34840085,75.68130147
258,16.44652268,15.04754461,12.21546705,14.97930178,15.01342319,15.55936586,12.55668122,13.27323096,13.40971663,94.95990171,97.34840085,75.68130147
259,16.44652268,15.04754461,12.21546705,14.97930178,15.01342319,15.55936586,12.55668122,13.27323096,13.40971663,94.95990171,97.34840085,75.68130147
260,16.44652268,15.04754461,12.21546705,14.97930178,15.01342319,15.55936586,12.55668122,13.27323096,13.40971663,94.95990171,97.34840085,75.68130147
261,16.44652268,15.04754461,12.21546705,14.97930178,15.01342319,15.55936586,12.55668122,13.27323096,13.40971663,94.95990171,97.34840085,75.68130147
262,16.44652268,15.04754461,12.21546705,14.97930178,15.01342319,15.55936586,12.55668122,13.27323096,13.40971663,94.95990171,97.34840085,75.68130147
263,16.44652268,15.04754461,12.21546705,14.97930178,15.01342319,15.55936586,12.55668122,13.27323096,13.40971663,94.95990171,97.34840085,75.68130147
264,16.44652268,15.04754461,12.21546705,14.97930178,15.01342319,15.55936586,12.55668122,13.27323096,13.40971663,94.95990171,97.34840085,75.68130147
265,16.44652268,15.04754461,12.21546705,14.97930178,15.01342319,15.55936586,12.55668122,13.27323096,13.40971663,94.95990171,97.34840085,75.68130147
266,16.44652268,15.04754461,12.21546705,14.97930178,15.01342319,15.55936586,12.55668122,13.27323096,13.40971663,94.95990171,97.34840085,75.68130147
267,16.44652268,15.04754461,12.21546705,14.97930178,15.01342319,15.55936586,12.55668122,13.27323096,13.40971663,94.95990171,97.34840085,75.68130147
268,16.44652268,15.04754461,12.21546705,14.97930178,15.01342319,15.55936586,12.55668122,13.27323096,13.40971663,94.95990171,97.34840085,75.68130147
269,16.44652268,15.04754461,12.21546705,14.97930178,15.01342319,15.55936586,12.55668122,13.27323096,13.40971663,94.95990171,97.34840085,75.68130147
270,16.44652268,15.04754461,12.21546705,14.97930178,15.01342319,15.55936586,12.55668122,13.27323096,13.40971663,94.95990171,97.34840085,75.68130147
271,16.44652268,15.04754461,12.21546705,14.97930178,15.01342319,15.55936586,12.55668122,13.27323096,13.40971663,94.95990171,97.34840085,75.68130147
272,16.44652268,15.04754461,12.21546705,14.97930178,15.01342319,15.55936586,12.55668122,13.27323096,13.40971663,94.95990171,97.34840085,75.68130147
273,16.44652268,15.04754461,12.21546705,14.97930178,15.01342319,15.55936586,12.55668122,13.27323096,13.40971663,94.95990171,97.34840085,75.68130147
274,16.44652268,15.04754461,12.21546705,14.97930178,15.01342319,15.55936586,12.55668122,13.27323096,13.40971663,94.95990171,97.34840085,75.68130147
275,16.44652268,15.04754461,12.21546705,14.97930178,15.01342319,15.55936586,12.55668122,13.27323096,13.40971663,94.95990171,97.34840085,75.68130147
276,16.44652268,15.04754461,12.21546705,14.97930178,15.01342319,15.55936586,12.55668122,13.27323096,13.40971663,94.95990171,97.34840085,75.68130147
277,16.44652268,15.04754461,12.21546705,14.97930178,15.01342319,15.55936586,12.55668122,13.27323096,13.40971663,94.95990171,97.34840085,75.68130147
278,16.44652268,15.04754461,12.21546705,14.97930178,15.01342319,15.55936586,12.55668122,13.27323096,13.40971663,94.95990171,97.34840085,75.68130147
279,16.44652268,15.04754461,12.21546705,14.97930178,15.01342319,15.55936586,12.55668122,13.27323096,13.40971663,94.95990171,97.34840085,75.68130147
280,16.44652268,15.04754461,12.21546705,14.97930178,15.01342319,15.55936586,12.55668122,13.27323096,13.40971663,94.95990171,97.34840085,75.68130147
281,16.44652268,15.04754461,12.21546705,14.97930178,15.01342319,15.55936586,12.55668122,13.27323096,13.40971663,94.95990171,97.34840085,75.68130147
282,16.44652268,15.04754461,12.21546705,14.97930178,15.01342319,15.55936586,12.55668122,13.27323096,13.40971663,94.95990171,97.34840085,75.68130147
283,16.44652268,15.04754461,12.21546705,14.97930178,15.01342319,15.55936586,12.55668122,13.27323096,13.40971663,94.95990171,97.34840085,75.68130147
284,16.44652268,15.04754461,12.21546705,14.97930178,15.01342319,15.55936586,12.55668122,13.27323096,13.40971663,94.95990171,97.34840085,75.68130147
285,16.44652268,15.04754461,12.21546705,14.97930178,15.01342319,15.55936586,12.55668122,13.27323096,13.40971663,94.95990171,97.34840085,75.68130147
286,16.44652268,15.04754461,12.21546705,14.97930178,15.01342319,15.55936586,12.55668122,13.27323096,13.40971663,94.95990171,97.34840085,75.68130147
287,16.44652268,15.04754461,12.21546705,14.97930178,15.01342319,15.55936586,12.55668122,13.27323096,13.40971663,94.95990171,97.34840085,75.68130147
288,16.44652268,15.04754461,12.21546705,14.97930178,15.01342319,15.55936586,12.55668122,13.27323096,13.40971663,94.95990171,97.34840085,75.68130147
289,16.44652268,15.04754461,12.21546705,14.97930178,15.01342319,15.55936586,12.55668122,13.27323096,13.40971663,94.95990171,97.34840085,75.68130147
290,16.44652268,15.04754461,12.21546705,14.97930178,15.01342319,15.55936586,12.55668122,13.27323096,13.40971663,94.95990171,97.34840085,75.68130147
291,16.44652268,15.04754461,12.21546705,14.97930178,15.01342319,15.55936586,12.55668122,13.27323096,13.40971663,94.95990171,97.34840085,75.68130147
292,16.44652268,15.04754461,12.21546705,14.97930178,15.01342319,15.55936586,12.55668122,13.27323096,13.40971663,94.95990171,97.34840085,75.68130147
293,16.44652268,15.04754461,12.21546705,14.97930178,15.01342319,15.55936586,12.55668122,13.27323096,13.40971663,94.95990171,97.34840085,75.68130147
294,16.44652268,15.04754461,12.21546705,14.97930178,15.01342319,15.55936586,12.55668122,13.27323096,13.40971663,94.95990171,97.34840085,75.68130147
295,16.44652268,15.04754461,12.21546705,14.97930178,15.01342319,15.55936586,12.55668122,13.27323096,13.40971663,94.95990171,97.34840085,75.68130147
296,16.44652268,15.04754461,12.21546705,14.97930178,15.01342319,15.55936586,12.55668122,13.27323096,13.40971663,94.95990171,97.34840085,75.68130147
297,16.44652268,15.04754461,12.21546705,14.97930178,15.01342319,15.55936586,12.55668122,13.27323096,13.40971663,94.95990171,97.34840085,75.68130147
298,16.44652268,15.04754461,12.21546705,14.97930178,15.01342319,15.55936586,12.55668122,13.27323096,13.40971663,94.95990171,97.34840085,75.68130147
299,16.44652268,15.04754461,12.21546705,14.97930178,15.01342319,15.55936586,12.55668122,13.27323096,13.40971663,94.95990171,97.34840085,75.68130147
300,16.44652268,15.04754461,12.21546705,14.97930178,15.01342319,15.55936586,12.55668122,13.27323096,13.40971663,94.95990171,97.34840085,75.68130147
301,16.44652268,15.04754461,12.21546705,14.97930178,15.01342319,15.55936586,12.55668122,13.27323096,13.40971663,94.95990171,97.34840085,75.68130147
302,16.44652268,15.04754461,12.21546705,14.97930178,15.01342319,15.55936586,12.55668122,13.27323096,13.40971663,94.95990171,97.34840085,75.68130147
303,16.44652268,15.04754461,12.21546705,14.97930178,15.01342319,15.55936586,12.55668122,13.27323096,13.40971663,94.95990171,97.34840085,75.68130147
304,16.44652268,15.04754461,12.21546705,14.97930178,15.01342319,15.55936586,12.55668122,13.27323096,13.40971663,94.95990171,97.34840085,75.68130147
305,16.44652268,15.04754461,12.21546705,14.97930178,15.01342319,15.55936586,12.55668122,13.27323096,13.40971663,94.95990171,97.34840085,75.68130147
306,16.44652268,15.04754461,12.21546705,14.97930178,15.01342319,15.55936586,12.55668122,13.27323096,13.40971663,94.95990171,97.34840085,75.68130147
307,16.44652268,15.04754461,12.21546705,14.97930178,15.01342319,15.55936586,12.55668122,13.27323096,13.40971663,94.95990171,97.34840085,75.68130147
308,16.44652268,15.04754461,12.21546705,14.97930178,15.01342319,15.55936586,12.55668122,13.27323096,13.40971663,94.95990171,97.34840085,75.68130147
309,16.44652268,15.04754461,12.21546705,14.97930178,15.01342319,15.55936586,12.55668122,13.27323096,13.40971663,94.95990171,97.34840085,75.68130147
310,16.44652268,15.04754461,12.21546705,14.97930178,15.01342319,15.55936586,12.55668122,13.27323096,13.40971663,94.95990171,97.34840085,75.68130147
311,16.44652268,15.04754461,12.21546705,14.97930178,15.01342319,15.55936586,12.55668122,13.27323096,13.40971663,94.95990171,97.34840085,75.68130147
312,16.44652268,15.04754461,12.21546705,14.97930178,15.01342319,15.55936586,12.55668122,13.27323096,13.40971663,94.95990171,97.34840085,75.68130147
313,16.44652268,15.04754461,12.21546705,14.97930178,15.01342319,15.55936586,12.55668122,13.27323096,13.40971663,94.95990171,97.34840085,75.68130147
314,16.44652268,15.04754461,12.21546705,14.97930178,15.01342319,15.55936586,12.55668122,13.27323096,13.40971663,94.95990171,97.34840085,75.68130147
315,16.44652268,15.04754461,12.21546705,14.97930178,15.01342319,15.55936586,12.55668122,13.27323096,13.40971663,94.95990171,97.34840085,75.68130147
316,16.44652268,15.04754461,12.21546705,14.97930178,15.01342319,15.55936586,12.55668122,13.27323096,13.40971663,94.95990171,97.34840085,75.68130147
317,16.44652268,15.04754461,12.21546705,14.97930178,15.01342319,15.55936586,12.55668122,13.27323096,13.40971663,94.95990171,97.34840085,75.68130147
318,16.44652268,15.04754461,12.21546705,14.97930178,15.01342319,15.55936586,12.55668122,13.27323096,13.40971663,94.95990171,97.34840085,75.68130147
319,16.44652268,15.04754461,12.21546705,14.97930178,15.01342319,15.55936586,12.55668122,13.27323096,13.40971663,94.95990171,97.34840085,75.68130147
320,16.44652268,15.04754461,12.21546705,14.97930178,15.01342319,15.55936586,12.55668122,13.27323096,13.40971663,94.95990171,97.34840085,75.68130147
321,16.44652268,15.04754461,12.21546705,14.97930178,15.01342319,15.55936586,12.55668122,13.27323096,13.40971663,94.95990171,97.34840085,75.68130147
322,16.44652268,15.04754461,12.21546705,14.97930178,15.01342319,15.55936586,12.55668122,13.27323096,13.40971663,94.95990171,97.34840085,75.68130147
323,16.44652268,15.04754461,12.21546705,14.97930178,15.01342319,15.55936586,12.55668122,13.27323096,13.40971663,94.95990171,97.34840085,75.68130147
324,16.44652268,15.04754461,12.21546705,14.97930178,15.01342319,15.55936586,12.55668122,13.27323096,13.40971663,94.95990171,97.34840085,75.68130147
325,16.44652268,15.04754461,12.21546705,14.97930178,15.01342319,15.55936586,12.55668122,13.27323096,13.40971663,94.95990171,97.34840085,75.68130147
326,16.44652268,15.04754461,12.21546705,14.97930178,15.01342319,15.55936586,12.55668122,13.27323096,13.40971663,94.95990171,97.34840085,75.68130147
327,16.44652268,15.04754461,12.21546705,14.97930178,15.01342319,15.55936586,12.55668122,13.27323096,13.40971663,94.95990171,97.34840085,75.68130147
328,16.44652268,15.04754461,12.21546705,14.97930178,15.01342319,15.55936586,12.55668122,13.27323096,13.40971663,94.95990171,97.34840085,75.68130147
329,16.44652268,15.04754461,12.21546705,14.97930178,15.01342319,15.55936586,12.55668122,13.27323096,13.40971663,94.95990171,97.34840085,75.68130147
330,16.44652268,15.04754461,12.21546705,14.97930178,15.01342319,15.55936586,12.55668122,13.27323096,13.40971663,94.95990171,97.34840085,75.68130147
331,16.44652268,15.04754461,12.21546705,14.97930178,15.01342319,15.55936586,12.55668122,13.27323096,13.40971663,94.95990171,97.34840085,75.68130147
332,16.44652268,15.04754461,12.21546705,14.97930178,15.01342319,15.55936586,12.55668122,13.27323096,13.40971663,94.95990171,97.34840085,75.68130147
333,16.44652268,15.04754461,12.21546705,14.97930178,15.01342319,15.55936586,12.55668122,13.27323096,13.40971663,94.95990171,97.34840085,75.68130147
334,16.44652268,15.04754461,12.21546705,14.97930178,15.01342319,15.55936586,12.55668122,13.27323096,13.40971663,94.95990171,97.34840085,75.68130147
335,16.44652268,15.04754461,12.21546705,14.97930178,15.01342319,15.55936586,12.55668122,13.27323096,13.40971663,94.95990171,97.34840085,75.68130147
336,16.44652268,15.04754461,12.21546705,14.97930178,15.01342319,15.55936586,12.55668122,13.27323096,13.40971663,94.95990171,97.34840085,75.68130147
337,16.44652268,15.04754461,12.21546705,14.97930178,15.01342319,15.55936586,12.55668122,13.27323096,13.40971663,94.95990171,97.34840085,75.68130147
338,16.44652268,15.04754461,12.21546705,14.97930178,15.01342319,15.55936586,12.55668122,13.27323096,13.40971663,94.95990171,97.34840085,75.68130147
339,16.44652268,15.04754461,12.21546705,14.97930178,15.01342319,15.55936586,12.55668122,13.27323096,13.40971663,94.95990171,97.34840085,75.68130147
340,16.44652268,15.04754461,12.21546705,14.97930178,15.01342319,15.55936586,12.55668122,13.27323096,13.40971663,94.95990171,97.34840085,75.68130147
341,16.44652268,15.04754461,12.21546705,14.97930178,15.01342319,15.55936586,12.55668122,13.27323096,13.40971663,94.95990171,97.34840085,75.68130147
342,16.44652268,15.04754461,12.21546705,14.97930178,15.01342319,15.55936586,12.55668122,13.27323096,13.40971663,94.95990171,97.34840085,75.68130147
343,16.44652268,15.04754461,12.21546705,14.97930178,15.01342319,15.55936586,12.55668122,13.27323096,13.40971663,94.95990171,97.34840085,75.68130147
344,16.44652268,15.04754461,12.21546705,14.97930178,15.01342319,15.55936586,12.55668122,13.27323096,13.40971663,94.95990171,97.34840085,75.68130147
345,16.44652268,15.04754461,12.21546705,14.97930178,15.01342319,15.55936586,12.55668122,13.27323096,13.40971663,94.95990171,97.34840085,75.68130147
346,16.44652268,15.04754461,12.21546705,14.97930178,15.01342319,15.55936586,12.55668122,13.27323096,13.40971663,94.95990171,97.34840085,75.68130147
347,16.44652268,15.04754461,12.21546705,14.97930178,15.01342319,15.55936586,12.55668122,13.27323096,13.40971663,94.95990171,97.34840085,75.68130147
348,16.44652268,15.04754461,12.21546705,14.97930178,15.01342319,15.55936586,12.55668122,13.27323096,13.40971663,94.95990171,97.34840085,75.68130147
349,16.44652268,15.04754461,12.21546705,14.97930178,15.01342319,15.55936586,12.55668122,13.27323096,13.40971663,94.95990171,97.34840085,75.68130147
350,16.44652268,15.04754461,12.21546705,14.97930178,15.01342319,15.55936586,12.55668122,13.27323096,13.40971663,94.95990171,97.34840085,75.68130147
351,16.44652268,15.04754461,12.21546705,14.97930178,15.01342319,15.55936586,12.55668122,13.27323096,13.40971663,94.95990171,97.34840085,75.68130147
352,16.44652268,15.04754461,12.21546705,14.97930178,15.01342319,15.55936586,12.55668122,13.27323096,13.40971663,94.95990171,97.34840085,75.68130147
353,16.44652268,15.04754461,12.21546705,14.97930178,15.01342319,15.55936586,12.55668122,13.27323096,13.40971663,94.95990171,97.34840085,75.68130147
354,16.44652268,15.04754461,12.21546705,14.97930178,15.01342319,15.55936586,12.55668122,13.27323096,13.40971663,94.95990171,97.34840085,75.68130147
355,16.44652268,15.04754461,12.21546705,14.97930178,15.01342319,15.55936586,12.55668122,13.27323096,13.40971663,94.95990171,97.34840085,75.68130147
356,16.44652268,15.04754461,12.21546705,14.97930178,15.01342319,15.55936586,12.55668122,13.27323096,13.40971663,94.95990171,97.34840085,75.68130147
357,16.44652268,15.04754461,12.21546705,14.97930178,15.01342319,15.55936586,12.55668122,13.27323096,13.40971663,94.95990171,97.34840085,75.68130147
358,16.44652268,15.04754461,12.21546705,14.97930178,15.01342319,15.55936586,12.55668122,13.27323096,13.40971663,94.95990171,97.34840085,75.68130147
359,16.44652268,15.04754461,12.21546705,14.97930178,15.01342319,15.55936586,12.55668122,13.27323096,13.40971663,94.95990171,97.34840085,75.68130147
360,16.44652268,15.04754461,12.21546705,14.97930178,15.01342319,15.55936586,12.55668122,13.27323096,13.40971663,94.95990171,97.34840085,75.68130147
361,16.44652268,15.04754461,12.21546705,14.97930178,15.01342319,15.55936586,12.55668122,13.27323096,13.40971663,94.95990171,97.34840085,75.68130147
362,16.44652268,15.04754461,12.21546705,14.97930178,15.01342319,15.55936586,12.55668122,13.27323096,13.40971663,94.95990171,97.34840085,75.68130147
363,16.44652268,15.04754461,12.21546705,14.97930178,15.01342319,15.55936586,12.55668122,13.27323096,13.40971663,94.95990171,97.34840085,75.68130147
364,16.44652268,15.04754461,12.21546705,14.97930178,15.01342319,15.55936586,12.55668122,13.27323096,13.40971663,94.95990171,97.34840085,75.68130147
365,16.44652268,15.04754461,12.21546705,14.97930178,15.01342319,15.55936586,12.55668122,13.27323096,13.40971663,94.95990171,97.34840085,75.68130147
366,16.44652268,15.04754461,12.21546705,14.97930178,15.01342319,15.55936586,12.55668122,13.27323096,13.40971663,94.95990171,97.34840085,75.68130147
367,16.44652268,15.04754461,12.21546705,14.97930178,15.01342319,15.55936586,12.55668122,13.27323096,13.40971663,94.95990171,97.34840085,75.68130147
368,16.44652268,15.04754461,12.21546705,14.97930178,15.01342319,15.55936586,12.55668122,13.27323096,13.40971663,94.95990171,97.34840085,75.68130147
369,16.44652268,15.04754461,12.21546705,14.97930178,15.01342319,15.55936586,12.55668122,13.27323096,13.40971663,94.95990171,97.34840085,75.68130147
370,16.44652268,15.04754461,12.21546705,14.97930178,15.01342319,15.55936586,12.55668122,13.27323096,13.40971663,94.95990171,97.34840085,75.68130147
371,16.44652268,15.04754461,12.21546705,14.97930178,15.01342319,15.55936586,12.55668122,13.27323096,13.40971663,94.95990171,97.34840085,75.68130147
372,16.44652268,15.04754461,12.21546705,14.97930178,15.01342319,15.55936586,12.55668122,13.27323096,13.40971663,94.95990171,97.34840085,75.68130147
373,16.44652268,15.04754461,12.21546705,14.97930178,15.01342319,15.55936586,12.55668122,13.27323096,13.40971663,94.95990171,97.34840085,75.68130147
374,16.44652268,15.04754461,12.21546705,14.97930178,15.01342319,15.55936586,12.55668122,13.27323096,13.40971663,94.95990171,97.34840085,75.68130147
375,16.44652268,15.04754461,12.21546705,14.97930178,15.01342319,15.55936586,12.55668122,13.27323096,13.40971663,94.95990171,97.34840085,75.68130147
376,16.44652268,15.04754461,12.21546705,14.97930178,15.01342319,15.55936586,12.55668122,13.27323096,13.40971663,94.95990171,97.34840085,75.68130147
377,16.44652268,15.04754461,12.21546705,14.97930178,15.01342319,15.55936586,12.55668122,13.27323096,13.40971663,94.95990171,97.34840085,75.68130147
378,16.44652268,15.04754461,12.21546705,14.97930178,15.01342319,15.55936586,12.55668122,13.27323096,13.40971663,94.95990171,97.34840085,75.68130147
379,16.44652268,15.04754461,12.21546705,14.97930178,15.01342319,15.55936586,12.55668122,13.27323096,13.40971663,94.95990171,97.34840085,75.68130147
380,16.44652268,15.04754461,12.21546705,14.97930178,15.01342319,15.55936586,12.55668122,13.27323096,13.40971663,94.95990171,97.34840085,75.68130147
381,16.44652268,15.04754461,12.21546705,14.97930178,15.01342319,15.55936586,12.55668122,13.27323096,13.40971663,94.95990171,97.34840085,75.68130147
382,16.44652268,15.04754461,12.21546705,14.97930178,15.01342319,15.55936586,12.55668122,13.27323096,13.40971663,94.95990171,97.34840085,75.68130147
383,16.44652268,15.04754461,12.21546705,14.97930178,15.01342319,15.55936586,12.55668122,13.27323096,13.40971663,94.95990171,97.34840085,75.68130147
384,16.44652268,15.04754461,12.21546705,14.97930178,15.01342319,15.55936586,12.55668122,13.27323096,13.40971663,94.95990171,97.34840085,75.68130147
385,16.44652268,15.04754461,12.21546705,14.97930178,15.01342319,15.55936586,12.55668122,13.27323096,13.40971663,94.95990171,97.34840085,75.68130147
386,16.44652268,15.04754461,12.21546705,14.97930178,15.01342319,15.55936586,12.55668122,13.27323096,13.40971663,94.95990171,97.34840085,75.68130147
387,16.44652268,15.04754461,12.21546705,14.97930178,15.01342319,15.55936586,12.55668122,13.27323096,13.40971663,94.95990171,97.34840085,75.68130147
388,16.44652268,15.04754461,12.21546705,14.97930178,15.01342319,15.55936586,12.55668122,13.27323096,13.40971663,94.95990171,97.34840085,75.68130147
389,16.44652268,15.04754461,12.21546705,14.97930178,15.01342319,15.55936586,12.55668122,13.27323096,13.40971663,94.95990171,97.34840085,75.68130147
390,16.44652268,15.04754461,12.21546705,14.97930178,15.01342319,15.55936586,12.55668122,13.27323096,13.40971663,94.95990171,97.34840085,75.68130147
391,16.44652268,15.04754461,12.21546705,14.97930178,15.01342319,15.55936586,12.55668122,13.27323096,13.40971663,94.95990171,97.34840085,75.68130147
392,16.44652268,15.04754461,12.21546705,14.97930178,15.01342319,15.55936586,12.55668122,13.27323096,13.40971663,94.95990171,97.34840085,75.68130147
393,16.44652268,15.04754461,12.21546705,14.97930178,15.01342319,15.55936586,12.55668122,13.27323096,13.40971663,94.95990171,97.34840085,75.68130147
394,16.44652268,15.04754461,12.21546705,14.97930178,15.01342319,15.55936586,12.55668122,13.27323096,13.40971663,94.95990171,97.34840085,75.68130147
395,16.44652268,15.04754461,12.21546705,14.97930178,15.01342319,15.55936586,12.55668122,13.27323096,13.40971663,94.95990171,97.34840085,75.68130147
396,16.44652268,15.04754461,12.21546705,14.97930178,15.01342319,15.55936586,12.55668122,13.27323096,13.40971663,94.95990171,97.34840085,75.68130147
397,16.44652268,15.04754461,12.21546705,14.97930178,15.01342319,15.55936586,12.55668122,13.27323096,13.40971663,94.95990171,97.34840085,75.68130147
398,16.44652268,15.04754461,12.21546705,14.97930178,15.01342319,15.55936586,12.55668122,13.27323096,13.40971663,94.95990171,97.34840085,75.68130147
399,16.44652268,15.04754461,12.21546705,14.97930178,15.01342319,15.55936586,12.55668122,13.27323096,13.40971663,94.95990171,97.34840085,75.68130147
400,16.44652268,15.04754461,12.21546705,14.97930178,15.01342319,15.55936586,12.55668122,13.27323096,13.40971663,94.95990171,97.34840085,75.68130147
401,16.44652268,15.04754461,12.21546705,14.97930178,15.01342319,15.55936586,12.55668122,13.27323096,13.40971663,94.95990171,97.34840085,75.68130147
402,16.44652268,15.04754461,12.21546705,14.97930178,15.01342319,15.55936586,12.55668122,13.27323096,13.40971663,94.95990171,97.34840085,75.68130147
403,16.44652268,15.04754461,12.21546705,14.97930178,15.01342319,15.55936586,12.55668122,13.27323096,13.40971663,94.95990171,97.34840085,75.68130147
404,16.44652268,15.04754461,12.21546705,14.97930178,15.01342319,15.55936586,12.55668122,13.27323096,13.40971663,94.95990171,97.34840085,75.68130147
405,16.44652268,15.04754461,12.21546705,14.97930178,15.01342319,15.55936586,12.55668122,13.27323096,13.40971663,94.95990171,97.34840085,75.68130147
406,16.44652268,15.04754461,12.21546705,14.97930178,15.01342319,15.55936586,12.55668122,13.27323096,13.40971663,94.95990171,97.34840085,75.68130147
407,16.44652268,15.04754461,12.21546705,14.97930178,15.01342319,15.55936586,12.55668122,13.27323096,13.40971663,94.95990171,97.34840085,75.68130147
408,16.44652268,15.04754461,12.21546705,14.97930178,15.01342319,15.55936586,12.55668122,13.27323096,13.40971663,94.95990171,97.34840085,75.68130147
409,16.44652268,15.04754461,12.21546705,14.97930178,15.01342319,15.55936586,12.55668122,13.27323096,13.40971663,94.95990171,97.34840085,75.68130147
410,16.44652268,15.04754461,12.21546705,14.97930178,15.01342319,15.55936586,12.55668122,13.27323096,13.40971663,94.95990171,97.34840085,75.68130147
411,16.44652268,15.04754461,12.21546705,14.97930178,15.01342319,15.55936586,12.55668122,13.27323096,13.40971663,94.95990171,97.34840085,75.68130147
412,16.44652268,15.04754461,12.21546705,14.97930178,15.01342319,15.55936586,12.55668122,13.27323096,13.40971663,94.95990171,97.34840085,75.68130147
413,16.44652268,15.04754461,12.21546705,14.97930178,15.01342319,15.55936586,12.55668122,13.27323096,13.40971663,94.95990171,97.34840085,75.68130147
414,16.44652268,15.04754461,12.21546705,14.97930178,15.01342319,15.55936586,12.55668122,13.27323096,13.40971663,94.95990171,97.34840085,75.68130147
415,16.44652268,15.04754461,12.21546705,14.97930178,15.01342319,15.55936586,12.55668122,13.27323096,13.40971663,94.95990171,97.34840085,75.68130147
416,16.44652268,15.04754461,12.21546705,14.97930178,15.01342319,15.55936586,12.55668122,13.27323096,13.40971663,94.95990171,97.34840085,75.68130147
417,16.44652268,15.04754461,12.21546705,14.97930178,15.01342319,15.55936586,12.55668122,13.27323096,13.40971663,94.95990171,97.34840085,75.68130147
418,16.44652268,15.04754461,12.21546705,14.97930178,15.01342319,15.55936586,12.55668122,13.27323096,13.40971663,94.95990171,97.34840085,75.68130147
419,16.44652268,15.04754461,12.21546705,14.97930178,15.01342319,15.55936586,12.55668122,13.27323096,13.40971663,94.95990171,97.34840085,75.68130147
420,16.44652268,15.04754461,12.21546705,14.97930178,15.01342319,15.55936586,12.55668122,13.27323096,13.40971663,94.95990171,97.34840085,75.68130147
421,16.44652268,15.04754461,12.21546705,14.97930178,15.01342319,15.55936586,12.55668122,13.27323096,13.40971663,94.95990171,97.34840085,75.68130147
422,16.44652268,15.04754461,12.21546705,14.97930178,15.01342319,15.55936586,12.55668122,13.27323096,13.40971663,94.95990171,97.34840085,75.68130147
423,16.44652268,15.04754461,12.21546705,14.97930178,15.01342319,15.55936586,12.55668122,13.27323096,13.40971663,94.95990171,97.34840085,75.68130147
424,16.44652268,15.04754461,12.21546705,14.97930178,15.01342319,15.55936586,12.55668122,13.27323096,13.40971663,94.95990171,97.34840085,75.68130147
425,16.44652268,15.04754461,12.21546705,14.97930178,15.01342319,15.55936586,12.55668122,13.27323096,13.40971663,94.95990171,97.34840085,75.68130147
426,16.44652268,15.04754461,12.21546705,14.97930178,15.01342319,15.55936586,12.55668122,13.27323096,13.40971663,94.95990171,97.34840085,75.68130147
427,16.44652268,15.04754461,12.21546705,14.97930178,15.01342319,15.55936586,12.55668122,13.27323096,13.40971663,94.95990171,97.34840085,75.68130147
428,16.44652268,15.04754461,12.21546705,14.97930178,15.01342319,15.55936586,12.55668122,13.27323096,13.40971663,94.95990171,97.34840085,75.68130147
429,16.44652268,15.04754461,12.21546705,14.97930178,15.01342319,15.55936586,12.55668122,13.27323096,13.40971663,94.95990171,97.34840085,75.68130147
430,16.44652268,15.04754461,12.21546705,14.97930178,15.01342319,15.55936586,12.55668122,13.27323096,13.40971663,94.95990171,97.34840085,75.68130147
431,16.44652268,15.04754461,12.21546705,14.97930178,15.01342319,15.55936586,12.55668122,13.27323096,13.40971663,94.95990171,97.34840085,75.68130147
432,16.44652268,15.04754461,12.21546705,14.97930178,15.01342319,15.55936586,12.55668122,13.27323096,13.40971663,94.95990171,97.34840085,75.68130147
433,16.44652268,15.04754461,12.21546705,14.97930178,15.01342319,15.55936586,12.55668122,13.27323096,13.40971663,94.95990171,97.34840085,75.68130147
434,16.44652268,15.04754461,12.21546705,14.97930178,15.01342319,15.55936586,12.55668122,13.27323096,13.40971663,94.95990171,97.34840085,75.68130147
435,16.44652268,15.04754461,12.21546705,14.97930178,15.01342319,15.55936586,12.55668122,13.27323096,13.40971663,94.95990171,97.34840085,75.68130147
436,16.44652268,15.04754461,12.21546705,14.97930178,15.01342319,15.55936586,12.55668122,13.27323096,13.40971663,94.95990171,97.34840085,75.68130147
437,16.44652268,15.04754461,12.21546705,14.97930178,15.01342319,15.55936586,12.55668122,13.27323096,13.40971663,94.95990171,97.34840085,75.68130147
438,16.44652268,15.04754461,12.21546705,14.97930178,15.01342319,15.55936586,12.55668122,13.27323096,13.40971663,94.95990171,97.34840085,75.68130147
439,16.44652268,15.04754461,12.21546705,14.97930178,15.01342319,15.55936586,12.55668122,13.27323096,13.40971663,94.95990171,97.34840085,75.68130147
440,16.44652268,15.04754461,12.21546705,14.97930178,15.01342319,15.55936586,12.55668122,13.27323096,13.40971663,94.95990171,97.34840085,75.68130147
441,16.44652268,15.04754461,12.21546705,14.97930178,15.01342319,15.55936586,12.55668122,13.27323096,13.40971663,94.95990171,97.34840085,75.68130147
442,16.44652268,15.04754461,12.21546705,14.97930178,15.01342319,15.55936586,12.55668122,13.27323096,13.40971663,94.95990171,97.34840085,75.68130147
443,16.44652268,15.04754461,12.21546705,14.97930178,15.01342319,15.55936586,12.55668122,13.27323096,13.40971663,94.95990171,97.34840085,75.68130147
444,16.44652268,15.04754461,12.21546705,14.97930178,15.01342319,15.55936586,12.55668122,13.27323096,13.40971663,94.95990171,97.34840085,75.68130147
445,16.44652268,15.04754461,12.21546705,14.97930178,15.01342319,15.55936586,12.55668122,13.27323096,13.40971663,94.95990171,97.34840085,75.68130147
446,16.44652268,15.04754461,12.21546705,14.97930178,15.01342319,15.55936586,12.55668122,13.27323096,13.40971663,94.95990171,97.34840085,75.68130147
447,16.44652268,15.04754461,12.21546705,14.97930178,15.01342319,15.55936586,12.55668122,13.27323096,13.40971663,94.95990171,97.34840085,75.68130147
448,16.44652268,15.04754461,12.21546705,14.97930178,15.01342319,15.55936586,12.55668122,13.27323096,13.40971663,94.95990171,97.34840085,75.68130147
449,16.44652268,15.04754461,12.21546705,14.97930178,15.01342319,15.55936586,12.55668122,13.27323096,13.40971663,94.95990171,97.34840085,75.68130147
450,16.44652268,15.04754461,12.21546705,14.97930178,15.01342319,15.55936586,12.55668122,13.27323096,13.40971663,94.95990171,97.34840085,75.68130147
451,16.44652268,15.04754461,12.21546705,14.97930178,15.01342319,15.55936586,12.55668122,13.27323096,13.40971663,94.95990171,97.34840085,75.68130147
452,16.44652268,15.04754461,12.21546705,14.97930178,15.01342319,15.55936586,12.55668122,13.27323096,13.40971663,94.95990171,97.34840085,75.68130147
453,16.44652268,15.04754461,12.21546705,14.97930178,15.01342319,15.55936586,12.55668122,13.27323096,13.40971663,94.95990171,97.34840085,75.68130147
454,16.44652268,15.04754461,12.21546705,14.97930178,15.01342319,15.55936586,12.55668122,13.27323096,13.40971663,94.95990171,97.34840085,75.68130147
455,16.44652268,15.04754461,12.21546705,14.97930178,15.01342319,15.55936586,12.55668122,13.27323096,13.40971663,94.95990171,97.34840085,75.68130147
456,16.44652268,15.04754461,12.21546705,14.97930178,15.01342319,15.55936586,12.55668122,13.27323096,13.40971663,94.95990171,97.34840085,75.68130147
457,16.44652268,15.04754461,12.21546705,14.97930178,15.01342319,15.55936586,12.55668122,13.27323096,13.40971663,94.95990171,97.34840085,75.68130147
458,16.44652268,15.04754461,12.21546705,14.97930178,15.01342319,15.55936586,12.55668122,13.27323096,13.40971663,94.95990171,97.34840085,75.68130147
459,16.44652268,15.04754461,12.21546705,14.97930178,15.01342319,15.55936586,12.55668122,13.27323096,13.40971663,94.95990171,97.34840085,75.68130147
460,16.44652268,15.04754461,12.21546705,14.97930178,15.01342319,15.55936586,12.55668122,13.27323096,13.40971663,94.95990171,97.34840085,75.68130147
461,16.44652268,15.04754461,12.21546705,14.97930178,15.01342319,15.55936586,12.55668122,13.27323096,13.40971663,94.95990171,97.34840085,75.68130147
462,16.44652268,15.04754461,12.21546705,14.97930178,15.01342319,15.55936586,12.55668122,13.27323096,13.40971663,94.95990171,97.34840085,75.68130147
463,16.44652268,15.04754461,12.21546705,14.97930178,15.01342319,15.55936586,12.55668122,13.27323096,13.40971663,94.95990171,97.34840085,75.68130147
464,16.44652268,15.04754461,12.21546705,14.97930178,15.01342319,15.55936586,12.55668122,13.27323096,13.40971663,94.95990171,97.34840085,75.68130147
465,16.44652268,15.04754461,12.21546705,14.97930178,15.01342319,15.55936586,12.55668122,13.27323096,13.40971663,94.95990171,97.34840085,75.68130147
466,16.44652268,15.04754461,12.21546705,14.97930178,15.01342319,15.55936586,12.55668122,13.27323096,13.40971663,94.95990171,97.34840085,75.68130147
467,16.44652268,15.04754461,12.21546705,14.97930178,15.01342319,15.55936586,12.55668122,13.27323096,13.40971663,94.95990171,97.34840085,75.68130147
468,16.44652268,15.04754461,12.21546705,14.97930178,15.01342319,15.55936586,12.55668122,13.27323096,13.40971663,94.95990171,97.34840085,75.68130147
469,16.44652268,15.04754461,12.21546705,14.97930178,15.01342319,15.55936586,12.55668122,13.27323096,13.40971663,94.95990171,97.34840085,75.68130147
470,16.44652268,15.04754461,12.21546705,14.97930178,15.01342319,15.55936586,12.55668122,13.27323096,13.40971663,94.95990171,97.34840085,75.68130147
471,16.44652268,15.04754461,12.21546705,14.97930178,15.01342319,15.55936586,12.55668122,13.27323096,13.40971663,94.95990171,97.34840085,75.68130147
472,16.44652268,15.04754461,12.21546705,14.97930178,15.01342319,15.55936586,12.55668122,13.27323096,13.40971663,94.95990171,97.34840085,75.68130147
473,16.44652268,15.04754461,12.21546705,14.97930178,15.01342319,15.55936586,12.55668122,13.27323096,13.40971663,94.95990171,97.34840085,75.68130147
474,16.44652268,15.04754461,12.21546705,14.97930178,15.01342319,15.55936586,12.55668122,13.27323096,13.40971663,94.95990171,97.34840085,75.68130147
475,16.44652268,15.04754461,12.21546705,14.97930178,15.01342319,15.55936586,12.55668122,13.27323096,13.40971663,94.95990171,97.34840085,75.68130147
476,16.44652268,15.04754461,12.21546705,14.97930178,15.01342319,15.55936586,12.55668122,13.27323096,13.40971663,94.95990171,97.34840085,75.68130147
477,16.44652268,15.04754461,12.21546705,14.97930178,15.01342319,15.55936586,12.55668122,13.27323096,13.40971663,94.95990171,97.34840085,75.68130147
478,16.44652268,15.04754461,12.21546705,14.97930178,15.01342319,15.55936586,12.55668122,13.27323096,13.40971663,94.95990171,97.34840085,75.68130147
479,16.44652268,15.04754461,12.21546705,14.97930178,15.01342319,15.55936586,12.55668122,13.27323096,13.40971663,94.95990171,97.34840085,75.68130147
480,16.44652268,15.04754461,12.21546705,14.97930178,15.01342319,15.55936586,12.55668122,13.27323096,13.40971663,94.95990171,97.34840085,75.68130147
481,16.44652268,15.04754461,12.21546705,14.97930178,15.01342319,15.55936586,12.55668122,13.27323096,13.40971663,94.95990171,97.34840085,75.68130147
482,16.44652268,15.04754461,12.21546705,14.97930178,15.01342319,15.55936586,12.55668122,13.27323096,13.40971663,94.95990171,97.34840085,75.68130147
483,16.44652268,15.04754461,12.21546705,14.97930178,15.01342319,15.55936586,12.55668122,13.27323096,13.40971663,94.95990171,97.34840085,75.68130147
484,16.44652268,15.04754461,12.21546705,14.97930178,15.01342319,15.55936586,12.55668122,13.27323096,13.40971663,94.95990171,97.34840085,75.68130147
485,16.44652268,15.04754461,12.21546705,14.97930178,15.01342319,15.55936586,12.55668122,13.27323096,13.40971663,94.95990171,97.34840085,75.68130147
486,16.44652268,15.04754461,12.21546705,14.97930178,15.01342319,15.55936586,12.55668122,13.27323096,13.40971663,94.95990171,97.34840085,75.68130147
487,16.44652268,15.04754461,12.21546705,14.97930178,15.01342319,15.55936586,12.55668122,13.27323096,13.40971663,94.95990171,97.34840085,75.68130147
488,16.44652268,15.04754461,12.21546705,14.97930178,15.01342319,15.55936586,12.55668122,13.27323096,13.40971663,94.95990171,97.34840085,75.68130147
489,16.44652268,15.04754461,12.21546705,14.97930178,15.01342319,15.55936586,12.55668122,13.27323096,13.40971663,94.95990171,97.34840085,75.68130147
490,16.44652268,15.04754461,12.21546705,14.97930178,15.01342319,15.55936586,12.55668122,13.27323096,13.40971663,94.95990171,97.34840085,75.68130147
491,16.44652268,15.04754461,12.21546705,14.97930178,15.01342319,15.55936586,12.55668122,13.27323096,13.40971663,94.95990171,97.34840085,75.68130147
492,16.44652268,15.04754461,12.21546705,14.97930178,15.01342319,15.55936586,12.55668122,13.27323096,13.40971663,94.95990171,97.34840085,75.68130147
493,16.44652268,15.04754461,12.21546705,14.97930178,15.01342319,15.55936586,12.55668122,13.27323096,13.40971663,94.95990171,97.34840085,75.68130147
494,16.44652268,15.04754461,12.21546705,14.97930178,15.01342319,15.55936586,12.55668122,13.27323096,13.40971663,94.95990171,97.34840085,75.68130147
495,16.44652268,15.04754461,12.21546705,14.97930178,15.01342319,15.55936586,12.55668122,13.27323096,13.40971663,94.95990171,97.34840085,75.68130147
496,16.44652268,15.04754461,12.21546705,14.97930178,15.01342319,15.55936586,12.55668122,13.27323096,13.40971663,94.95990171,97.34840085,75.68130147
497,16.44652268,15.04754461,12.21546705,14.97930178,15.01342319,15.55936586,12.55668122,13.27323096,13.40971663,94.95990171,97.34840085,75.68130147
498,16.44652268,15.04754461,12.21546705,14.97930178,15.01342319,15.55936586,12.55668122,13.27323096,13.40971663,94.95990171,97.34840085,75.68130147
499,16.44652268,15.04754461,12.21546705,14.97930178,15.01342319,15.55936586,12.55668122,13.27323096,13.40971663,94.95990171,97.34840085,75.68130147
500,16.44652268,15.04754461,12.21546705,14.97930178,15.01342319,15.55936586,12.55668122,13.27323096,13.40971663,94.95990171,97.34840085,75.68130147
501,16.44652268,15.04754461,12.21546705,14.97930178,15.01342319,15.55936586,12.55668122,13.27323096,13.40971663,94.95990171,97.34840085,75.68130147
502,16.44652268,15.04754461,12.21546705,14.97930178,15.01342319,15.55936586,12.55668122,13.27323096,13.40971663,94.95990171,97.34840085,75.68130147
503,16.44652268,15.04754461,12.21546705,14.97930178,15.01342319,15.55936586,12.55668122,13.27323096,13.40971663,94.95990171,97.34840085,75.68130147
504,16.44652268,15.04754461,12.21546705,14.97930178,15.01342319,15.55936586,12.55668122,13.27323096,13.40971663,94.95990171,97.34840085,75.68130147