Time_Index,Electricity_MW_CA,Electricity_MW_NW,Electricity_MW_SW,Electricity_MW_TX,Electricity_MW_NCEN,Electricity_MW_CEN,Electricity_MW_SE,Electricity_MW_MIDAT,Electricity_MW_NE,Hydrogen_MW_CA,Hydrogen_MW_NW,Hydrogen_MW_SW,Hydrogen_MW_TX,Hydrogen_MW_NCEN,Hydrogen_MW_CEN,Hydrogen_MW_SE,Hydrogen_MW_MIDAT,Hydrogen_MW_NE,NaturalGas_MW_CA,NaturalGas_MW_NW,NaturalGas_MW_SW,NaturalGas_MW_TX,NaturalGas_MW_NCEN,NaturalGas_MW_CEN,NaturalGas_MW_SE,NaturalGas_MW_MIDAT,NaturalGas_MW_NE,Diesel_MW_Global,Gasoline_MW_Global,JetFuel_MW_Global,Demand_Zero
1,44346,27556,34100,61157,91877,57682,129393,100406,52403,4135.95,3939,3229.98,10832.25,14259.18,23397.66,14771.25,7365.93,1811.94,13670.88294,10416.03641,11077.20459,16353.3618,43193.97626,18059.03502,23741.09557,29288.63653,20854.93236,98413.82794,185039.4611,86503.12943,0
2,39822,25556,31641,60548,87694,56486,127867,98075,50962,4135.95,3939,3229.98,10832.25,14259.18,23397.66,14771.25,7365.93,1811.94,13670.88294,10416.03641,11077.20459,16353.3618,43193.97626,18059.03502,23741.09557,29288.63653,20854.93236,98413.82794,185039.4611,86503.12943,0
3,35259,23256,29777,60459,84895,55741,128959,98068,50812,4135.95,3939,3229.98,10832.25,14259.18,23397.66,14771.25,7365.93,1811.94,13670.88294,10416.03641,11077.20459,16353.3618,43193.97626,18059.03502,23741.09557,29288.63653,20854.93236,98413.82794,185039.4611,86503.12943,0
4,33072,22830,29035,61449,83978,56215,130365,97939,50664,4135.95,3939,3229.98,10832.25,14259.18,23397.66,14771.25,7365.93,1811.94,13670.88294,10416.03641,11077.20459,16353.3618,43193.97626,18059.03502,23741.09557,29288.63653,20854.93236,98413.82794,185039.4611,86503.12943,0
5,32695,22615,29056,62564,84463,56534,134161,103470,54078,4135.95,3939,3229.98,10832.25,14259.18,23397.66,14771.25,7365.93,1811.94,13670.88294,10416.03641,11077.20459,16353.3618,43193.97626,18059.03502,23741.09557,29288.63653,20854.93236,98413.82794,185039.4611,86503.12943,0
6,33340,22812,29152,65374,89579,58953,149024,113561,59924,4135.95,3939,3229.98,10832.25,14259.18,23397.66,14771.25,7365.93,1811.94,13670.88294,10416.03641,11077.20459,16353.3618,43193.97626,18059.03502,23741.09557,29288.63653,20854.93236,98413.82794,185039.4611,86503.12943,0
7,34088,23251,30098,91834,98075,73040,159077,123647,67181,4135.95,3939,3229.98,10832.25,14259.18,23397.66,14771.25,7365.93,1811.94,13670.88294,10416.03641,11077.20459,16353.3618,43193.97626,18059.03502,23741.09557,29288.63653,20854.93236,98413.82794,185039.4611,86503.12943,0
8,37007,24716,33663,86762,106183,72842,165694,133648,73413,4135.95,3939,3229.98,10832.25,14259.18,23397.66,14771.25,7365.93,1811.94,13670.88294,10416.03641,11077.20459,16353.3618,43193.97626,18059.03502,23741.09557,29288.63653,20854.93236,98413.82794,185039.4611,86503.12943,0
9,45326,28037,34567,74737,113840,69308,168348,136398,74891,4135.95,3939,3229.98,10832.25,14259.18,23397.66,14771.25,7365.93,1811.94,13670.88294,10416.03641,11077.20459,16353.3618,43193.97626,18059.03502,23741.09557,29288.63653,20854.93236,98413.82794,185039.4611,86503.12943,0
10,46569,27406,36615,70902,118054,69122,172496,137437,75366,4135.95,3939,3229.98,10832.25,14259.18,23397.66,14771.25,7365.93,1811.94,13670.88294,10416.03641,11077.20459,16353.3618,43193.97626,18059.03502,23741.09557,29288.63653,20854.93236,98413.82794,185039.4611,86503.12943,0
11,49028,28994,37909,71065,119650,70058,167708,132712,73383,4135.95,3939,3229.98,10832.25,14259.18,23397.66,14771.25,7365.93,1811.94,13670.88294,10416.03641,11077.20459,16353.3618,43193.97626,18059.03502,23741.09557,29288.63653,20854.93236,98413.82794,185039.4611,86503.12943,0
12,50429,29757,39238,66340,119774,66572,165655,134000,74720,4135.95,3939,3229.98,10832.25,14259.18,23397.66,14771.25,7365.93,1811.94,13670.88294,10416.03641,11077.20459,16353.3618,43193.97626,18059.03502,23741.09557,29288.63653,20854.93236,98413.82794,185039.4611,86503.12943,0
13,52317,30786,38106,64945,121544,66444,162928,132280,73934,4135.95,3939,3229.98,10832.25,14259.18,23397.66,14771.25,7365.93,1811.94,13670.88294,10416.03641,11077.20459,16353.3618,43193.97626,18059.03502,23741.09557,29288.63653,20854.93236,98413.82794,185039.4611,86503.12943,0
14,52774,29411,38501,62775,120108,64738,156175,126927,70969,4135.95,3939,3229.98,10832.25,14259.18,23397.66,14771.25,7365.93,1811.94,13670.88294,10416.03641,11077.20459,16353.3618,43193.97626,18059.03502,23741.09557,29288.63653,20854.93236,98413.82794,185039.4611,86503.12943,0
15,54766,29468,38521,59571,117411,61955,153039,126443,70876,4135.95,3939,3229.98,10832.25,14259.18,23397.66,14771.25,7365.93,1811.94,13670.88294,10416.03641,11077.20459,16353.3618,43193.97626,18059.03502,23741.09557,29288.63653,20854.93236,98413.82794,185039.4611,86503.12943,0
16,54585,28755,37333,58820,118728,61449,156410,132697,74627,4135.95,3939,3229.98,10832.25,14259.18,23397.66,14771.25,7365.93,1811.94,13670.88294,10416.03641,11077.20459,16353.3618,43193.97626,18059.03502,23741.09557,29288.63653,20854.93236,98413.82794,185039.4611,86503.12943,0
17,53048,27776,36964,60226,123965,63322,165512,141832,79935,4135.95,3939,3229.98,10832.25,14259.18,23397.66,14771.25,7365.93,1811.94,13670.88294,10416.03641,11077.20459,16353.3618,43193.97626,18059.03502,23741.09557,29288.63653,20854.93236,98413.82794,185039.4611,86503.12943,0
18,53611,28227,38362,62851,127059,66964,167241,135510,76145,4135.95,3939,3229.98,10832.25,14259.18,23397.66,14771.25,7365.93,1811.94,13670.88294,10416.03641,11077.20459,16353.3618,43193.97626,18059.03502,23741.09557,29288.63653,20854.93236,98413.82794,185039.4611,86503.12943,0
19,56404,29392,40733,62184,125191,65603,166890,134330,75491,4135.95,3939,3229.98,10832.25,14259.18,23397.66,14771.25,7365.93,1811.94,13670.88294,10416.03641,11077.20459,16353.3618,43193.97626,18059.03502,23741.09557,29288.63653,20854.93236,98413.82794,185039.4611,86503.12943,0
20,58489,30655,41160,61351,122136,65241,160626,128150,71734,4135.95,3939,3229.98,10832.25,14259.18,23397.66,14771.25,7365.93,1811.94,13670.88294,10416.03641,11077.20459,16353.3618,43193.97626,18059.03502,23741.09557,29288.63653,20854.93236,98413.82794,185039.4611,86503.12943,0
21,59234,29612,41166,58469,115738,62353,153282,123471,68762,4135.95,3939,3229.98,10832.25,14259.18,23397.66,14771.25,7365.93,1811.94,13670.88294,10416.03641,11077.20459,16353.3618,43193.97626,18059.03502,23741.09557,29288.63653,20854.93236,98413.82794,185039.4611,86503.12943,0
22,57498,28754,39093,55684,109489,60069,146103,115754,63407,4135.95,3939,3229.98,10832.25,14259.18,23397.66,14771.25,7365.93,1811.94,13670.88294,10416.03641,11077.20459,16353.3618,43193.97626,18059.03502,23741.09557,29288.63653,20854.93236,98413.82794,185039.4611,86503.12943,0
23,52503,26842,36662,53987,102443,57575,140882,110495,59594,4135.95,3939,3229.98,10832.25,14259.18,23397.66,14771.25,7365.93,1811.94,13670.88294,10416.03641,11077.20459,16353.3618,43193.97626,18059.03502,23741.09557,29288.63653,20854.93236,98413.82794,185039.4611,86503.12943,0
24,47786,25339,34098,53455,97095,56417,138783,104053,54979,4135.95,3939,3229.98,10832.25,14259.18,23397.66,14771.25,7365.93,1811.94,13670.88294,10416.03641,11077.20459,16353.3618,43193.97626,18059.03502,23741.09557,29288.63653,20854.93236,98413.82794,185039.4611,86503.12943,0
25,42740,23849,32129,55038,92399,55938,137067,99836,52070,4135.95,3939,3229.98,10832.25,14259.18,23397.66,14771.25,7365.93,1811.94,13670.88294,10416.03641,11077.20459,16353.3618,43193.97626,18059.03502,23741.09557,29288.63653,20854.93236,98413.82794,185039.4611,86503.12943,0
26,38405,23183,31117,55138,88260,54912,136919,97385,50523,4135.95,3939,3229.98,10832.25,14259.18,23397.66,14771.25,7365.93,1811.94,13670.88294,10416.03641,11077.20459,16353.3618,43193.97626,18059.03502,23741.09557,29288.63653,20854.93236,98413.82794,185039.4611,86503.12943,0
27,34989,23012,29925,55013,85456,54101,139168,97340,50187,4135.95,3939,3229.98,10832.25,14259.18,23397.66,14771.25,7365.93,1811.94,13670.88294,10416.03641,11077.20459,16353.3618,43193.97626,18059.03502,23741.09557,29288.63653,20854.93236,98413.82794,185039.4611,86503.12943,0
28,32824,22654,29215,55686,84483,54425,142099,97174,50005,4135.95,3939,3229.98,10832.25,14259.18,23397.66,14771.25,7365.93,1811.94,13670.88294,10416.03641,11077.20459,16353.3618,43193.97626,18059.03502,23741.09557,29288.63653,20854.93236,98413.82794,185039.4611,86503.12943,0
29,32415,22589,29282,56622,84401,54795,147452,99904,52142,4135.95,3939,3229.98,10832.25,14259.18,23397.66,14771.25,7365.93,1811.94,13670.88294,10416.03641,11077.20459,16353.3618,43193.97626,18059.03502,23741.09557,29288.63653,20854.93236,98413.82794,185039.4611,86503.12943,0
30,33070,22845,29457,58635,87910,56429,167520,108345,56987,4135.95,3939,3229.98,10832.25,14259.18,23397.66,14771.25,7365.93,1811.94,13670.88294,10416.03641,11077.20459,16353.3618,43193.97626,18059.03502,23741.09557,29288.63653,20854.93236,98413.82794,185039.4611,86503.12943,0
31,33933,23212,30077,69522,94674,68495,177444,118146,63587,4135.95,3939,3229.98,10832.25,14259.18,23397.66,14771.25,7365.93,1811.94,13670.88294,10416.03641,11077.20459,16353.3618,43193.97626,18059.03502,23741.09557,29288.63653,20854.93236,98413.82794,185039.4611,86503.12943,0
32,35872,24167,33171,66539,103139,67396,173981,128809,70617,4135.95,3939,3229.98,10832.25,14259.18,23397.66,14771.25,7365.93,1811.94,13670.88294,10416.03641,11077.20459,16353.3618,43193.97626,18059.03502,23741.09557,29288.63653,20854.93236,98413.82794,185039.4611,86503.12943,0
33,42265,27216,34493,66797,111657,66305,171225,131697,73087,4135.95,3939,3229.98,10832.25,14259.18,23397.66,14771.25,7365.93,1811.94,13670.88294,10416.03641,11077.20459,16353.3618,43193.97626,18059.03502,23741.09557,29288.63653,20854.93236,98413.82794,185039.4611,86503.12943,0
34,43564,27086,37202,66688,115795,66762,172400,132866,73765,4135.95,3939,3229.98,10832.25,14259.18,23397.66,14771.25,7365.93,1811.94,13670.88294,10416.03641,11077.20459,16353.3618,43193.97626,18059.03502,23741.09557,29288.63653,20854.93236,98413.82794,185039.4611,86503.12943,0
35,47860,29238,38858,67798,117212,68100,164268,128606,72594,4135.95,3939,3229.98,10832.25,14259.18,23397.66,14771.25,7365.93,1811.94,13670.88294,10416.03641,11077.20459,16353.3618,43193.97626,18059.03502,23741.09557,29288.63653,20854.93236,98413.82794,185039.4611,86503.12943,0
36,50103,30351,40257,63888,117346,65126,160739,130009,74341,4135.95,3939,3229.98,10832.25,14259.18,23397.66,14771.25,7365.93,1811.94,13670.88294,10416.03641,11077.20459,16353.3618,43193.97626,18059.03502,23741.09557,29288.63653,20854.93236,98413.82794,185039.4611,86503.12943,0
37,51908,31571,39110,63185,119279,65213,156681,128164,73790,4135.95,3939,3229.98,10832.25,14259.18,23397.66,14771.25,7365.93,1811.94,13670.88294,10416.03641,11077.20459,16353.3618,43193.97626,18059.03502,23741.09557,29288.63653,20854.93236,98413.82794,185039.4611,86503.12943,0
38,52453,30249,39556,61423,118020,63689,149059,122934,71202,4135.95,3939,3229.98,10832.25,14259.18,23397.66,14771.25,7365.93,1811.94,13670.88294,10416.03641,11077.20459,16353.3618,43193.97626,18059.03502,23741.09557,29288.63653,20854.93236,98413.82794,185039.4611,86503.12943,0
39,54488,30297,39530,58650,115231,60988,145692,122856,71414,4135.95,3939,3229.98,10832.25,14259.18,23397.66,14771.25,7365.93,1811.94,13670.88294,10416.03641,11077.20459,16353.3618,43193.97626,18059.03502,23741.09557,29288.63653,20854.93236,98413.82794,185039.4611,86503.12943,0
40,54267,29606,38269,58042,116418,60672,148872,128915,75093,4135.95,3939,3229.98,10832.25,14259.18,23397.66,14771.25,7365.93,1811.94,13670.88294,10416.03641,11077.20459,16353.3618,43193.97626,18059.03502,23741.09557,29288.63653,20854.93236,98413.82794,185039.4611,86503.12943,0
41,52712,28543,37833,59394,121465,62577,157931,137503,79934,4135.95,3939,3229.98,10832.25,14259.18,23397.66,14771.25,7365.93,1811.94,13670.88294,10416.03641,11077.20459,16353.3618,43193.97626,18059.03502,23741.09557,29288.63653,20854.93236,98413.82794,185039.4611,86503.12943,0
42,53376,29040,39249,61887,125240,66119,160182,133896,77749,4135.95,3939,3229.98,10832.25,14259.18,23397.66,14771.25,7365.93,1811.94,13670.88294,10416.03641,11077.20459,16353.3618,43193.97626,18059.03502,23741.09557,29288.63653,20854.93236,98413.82794,185039.4611,86503.12943,0
43,56231,30281,41964,61555,124069,65197,159997,131409,75242,4135.95,3939,3229.98,10832.25,14259.18,23397.66,14771.25,7365.93,1811.94,13670.88294,10416.03641,11077.20459,16353.3618,43193.97626,18059.03502,23741.09557,29288.63653,20854.93236,98413.82794,185039.4611,86503.12943,0
44,58340,31568,42432,60597,120262,64280,153844,125393,70758,4135.95,3939,3229.98,10832.25,14259.18,23397.66,14771.25,7365.93,1811.94,13670.88294,10416.03641,11077.20459,16353.3618,43193.97626,18059.03502,23741.09557,29288.63653,20854.93236,98413.82794,185039.4611,86503.12943,0
45,59474,30387,42206,57570,113945,61193,146168,120492,67581,4135.95,3939,3229.98,10832.25,14259.18,23397.66,14771.25,7365.93,1811.94,13670.88294,10416.03641,11077.20459,16353.3618,43193.97626,18059.03502,23741.09557,29288.63653,20854.93236,98413.82794,185039.4611,86503.12943,0
46,57651,29273,40124,55002,108177,58935,139512,114947,63381,4135.95,3939,3229.98,10832.25,14259.18,23397.66,14771.25,7365.93,1811.94,13670.88294,10416.03641,11077.20459,16353.3618,43193.97626,18059.03502,23741.09557,29288.63653,20854.93236,98413.82794,185039.4611,86503.12943,0
47,52447,27257,37679,52909,102218,56758,134585,109401,59081,4135.95,3939,3229.98,10832.25,14259.18,23397.66,14771.25,7365.93,1811.94,13670.88294,10416.03641,11077.20459,16353.3618,43193.97626,18059.03502,23741.09557,29288.63653,20854.93236,98413.82794,185039.4611,86503.12943,0
48,47758,25718,35407,52366,98865,55508,134834,109238,54200,4135.95,3939,3229.98,10832.25,14259.18,23397.66,14771.25,7365.93,1811.94,13670.88294,10416.03641,11077.20459,16353.3618,43193.97626,18059.03502,23741.09557,29288.63653,20854.93236,98413.82794,185039.4611,86503.12943,0
49,42867,24518,33388,58166,100139,59025,138164,108158,53042,4135.95,3939,3229.98,10832.25,14259.18,23397.66,14771.25,7365.93,1811.94,13670.88294,10416.03641,11077.20459,16353.3618,43193.97626,18059.03502,23741.09557,29288.63653,20854.93236,98413.82794,185039.4611,86503.12943,0
50,38505,24463,32669,60095,98715,59388,140617,107140,51732,4135.95,3939,3229.98,10832.25,14259.18,23397.66,14771.25,7365.93,1811.94,13670.88294,10416.03641,11077.20459,16353.3618,43193.97626,18059.03502,23741.09557,29288.63653,20854.93236,98413.82794,185039.4611,86503.12943,0
51,35950,25808,32692,61819,98218,59885,144339,108284,51698,4135.95,3939,3229.98,10832.25,14259.18,23397.66,14771.25,7365.93,1811.94,13670.88294,10416.03641,11077.20459,16353.3618,43193.97626,18059.03502,23741.09557,29288.63653,20854.93236,98413.82794,185039.4611,86503.12943,0
52,35596,26181,32727,63424,98824,60635,150227,111097,53161,4135.95,3939,3229.98,10832.25,14259.18,23397.66,14771.25,7365.93,1811.94,13670.88294,10416.03641,11077.20459,16353.3618,43193.97626,18059.03502,23741.09557,29288.63653,20854.93236,98413.82794,185039.4611,86503.12943,0
53,35908,26666,33319,66052,102443,62216,162902,120944,59457,4135.95,3939,3229.98,10832.25,14259.18,23397.66,14771.25,7365.93,1811.94,13670.88294,10416.03641,11077.20459,16353.3618,43193.97626,18059.03502,23741.09557,29288.63653,20854.93236,98413.82794,185039.4611,86503.12943,0
54,37518,27443,34555,71782,118457,67445,213745,172546,87940,4135.95,3939,3229.98,10832.25,14259.18,23397.66,14771.25,7365.93,1811.94,13670.88294,10416.03641,11077.20459,16353.3618,43193.97626,18059.03502,23741.09557,29288.63653,20854.93236,98413.82794,185039.4611,86503.12943,0
55,40259,28853,37573,94312,145749,93032,227675,188147,102555,4135.95,3939,3229.98,10832.25,14259.18,23397.66,14771.25,7365.93,1811.94,13670.88294,10416.03641,11077.20459,16353.3618,43193.97626,18059.03502,23741.09557,29288.63653,20854.93236,98413.82794,185039.4611,86503.12943,0
56,46511,32507,47490,95575,159619,94561,212941,179603,100682,4135.95,3939,3229.98,10832.25,14259.18,23397.66,14771.25,7365.93,1811.94,13670.88294,10416.03641,11077.20459,16353.3618,43193.97626,18059.03502,23741.09557,29288.63653,20854.93236,98413.82794,185039.4611,86503.12943,0
57,62953,40462,52665,93287,157182,89440,192221,161809,91486,4135.95,3939,3229.98,10832.25,14259.18,23397.66,14771.25,7365.93,1811.94,13670.88294,10416.03641,11077.20459,16353.3618,43193.97626,18059.03502,23741.09557,29288.63653,20854.93236,98413.82794,185039.4611,86503.12943,0
58,70394,41714,52763,86320,149580,82297,187219,157973,89419,4135.95,3939,3229.98,10832.25,14259.18,23397.66,14771.25,7365.93,1811.94,13670.88294,10416.03641,11077.20459,16353.3618,43193.97626,18059.03502,23741.09557,29288.63653,20854.93236,98413.82794,185039.4611,86503.12943,0
59,66258,40809,48657,85833,149832,82658,180911,152874,87935,4135.95,3939,3229.98,10832.25,14259.18,23397.66,14771.25,7365.93,1811.94,13670.88294,10416.03641,11077.20459,16353.3618,43193.97626,18059.03502,23741.09557,29288.63653,20854.93236,98413.82794,185039.4611,86503.12943,0
60,60001,38679,48140,82105,149157,80018,175905,150263,87151,4135.95,3939,3229.98,10832.25,14259.18,23397.66,14771.25,7365.93,1811.94,13670.88294,10416.03641,11077.20459,16353.3618,43193.97626,18059.03502,23741.09557,29288.63653,20854.93236,98413.82794,185039.4611,86503.12943,0
61,62133,39953,47218,80133,147737,78658,170645,146076,85084,4135.95,3939,3229.98,10832.25,14259.18,23397.66,14771.25,7365.93,1811.94,13670.88294,10416.03641,11077.20459,16353.3618,43193.97626,18059.03502,23741.09557,29288.63653,20854.93236,98413.82794,185039.4611,86503.12943,0
62,62992,38628,46937,77589,145481,76432,167178,144167,84420,4135.95,3939,3229.98,10832.25,14259.18,23397.66,14771.25,7365.93,1811.94,13670.88294,10416.03641,11077.20459,16353.3618,43193.97626,18059.03502,23741.09557,29288.63653,20854.93236,98413.82794,185039.4611,86503.12943,0
63,63246,38091,45984,76131,145499,75293,170100,146692,86384,4135.95,3939,3229.98,10832.25,14259.18,23397.66,14771.25,7365.93,1811.94,13670.88294,10416.03641,11077.20459,16353.3618,43193.97626,18059.03502,23741.09557,29288.63653,20854.93236,98413.82794,185039.4611,86503.12943,0
64,62902,37398,45606,77071,149466,76648,179975,155793,93187,4135.95,3939,3229.98,10832.25,14259.18,23397.66,14771.25,7365.93,1811.94,13670.88294,10416.03641,11077.20459,16353.3618,43193.97626,18059.03502,23741.09557,29288.63653,20854.93236,98413.82794,185039.4611,86503.12943,0
65,64001,37405,46857,80307,158189,80200,196577,171646,103026,4135.95,3939,3229.98,10832.25,14259.18,23397.66,14771.25,7365.93,1811.94,13670.88294,10416.03641,11077.20459,16353.3618,43193.97626,18059.03502,23741.09557,29288.63653,20854.93236,98413.82794,185039.4611,86503.12943,0
66,67465,38708,49970,85825,163708,86148,191297,161345,97468,4135.95,3939,3229.98,10832.25,14259.18,23397.66,14771.25,7365.93,1811.94,13670.88294,10416.03641,11077.20459,16353.3618,43193.97626,18059.03502,23741.09557,29288.63653,20854.93236,98413.82794,185039.4611,86503.12943,0
67,73215,40928,54954,80621,151749,80295,170285,144096,84872,4135.95,3939,3229.98,10832.25,14259.18,23397.66,14771.25,7365.93,1811.94,13670.88294,10416.03641,11077.20459,16353.3618,43193.97626,18059.03502,23741.09557,29288.63653,20854.93236,98413.82794,185039.4611,86503.12943,0
68,78493,42505,53429,72095,137500,72338,157138,139518,81289,4135.95,3939,3229.98,10832.25,14259.18,23397.66,14771.25,7365.93,1811.94,13670.88294,10416.03641,11077.20459,16353.3618,43193.97626,18059.03502,23741.09557,29288.63653,20854.93236,98413.82794,185039.4611,86503.12943,0
69,71229,38177,47885,68737,129799,69642,145114,123761,67380,4135.95,3939,3229.98,10832.25,14259.18,23397.66,14771.25,7365.93,1811.94,13670.88294,10416.03641,11077.20459,16353.3618,43193.97626,18059.03502,23741.09557,29288.63653,20854.93236,98413.82794,185039.4611,86503.12943,0
70,60109,34147,44226,64351,118431,64454,134699,113488,60313,4135.95,3939,3229.98,10832.25,14259.18,23397.66,14771.25,7365.93,1811.94,13670.88294,10416.03641,11077.20459,16353.3618,43193.97626,18059.03502,23741.09557,29288.63653,20854.93236,98413.82794,185039.4611,86503.12943,0
71,55853,32229,40699,61077,110094,60732,126798,107169,56016,4135.95,3939,3229.98,10832.25,14259.18,23397.66,14771.25,7365.93,1811.94,13670.88294,10416.03641,11077.20459,16353.3618,43193.97626,18059.03502,23741.09557,29288.63653,20854.93236,98413.82794,185039.4611,86503.12943,0
72,49643,29598,37710,58777,103228,58113,121797,102972,54840,4135.95,3939,3229.98,10832.25,14259.18,23397.66,14771.25,7365.93,1811.94,13670.88294,10416.03641,11077.20459,16353.3618,43193.97626,18059.03502,23741.09557,29288.63653,20854.93236,98413.82794,185039.4611,86503.12943,0
73,44203,27739,35187,57615,97725,56221,120799,102056,53751,4135.95,3939,3229.98,10832.25,14259.18,23397.66,14771.25,7365.93,1811.94,13670.88294,10416.03641,11077.20459,16353.3618,43193.97626,18059.03502,23741.09557,29288.63653,20854.93236,98413.82794,185039.4611,86503.12943,0
74,39481,26383,33943,59013,96321,56522,121344,101071,52907,4135.95,3939,3229.98,10832.25,14259.18,23397.66,14771.25,7365.93,1811.94,13670.88294,10416.03641,11077.20459,16353.3618,43193.97626,18059.03502,23741.09557,29288.63653,20854.93236,98413.82794,185039.4611,86503.12943,0
75,36094,25643,33554,60414,95687,57000,123266,101773,53365,4135.95,3939,3229.98,10832.25,14259.18,23397.66,14771.25,7365.93,1811.94,13670.88294,10416.03641,11077.20459,16353.3618,43193.97626,18059.03502,23741.09557,29288.63653,20854.93236,98413.82794,185039.4611,86503.12943,0
76,35766,26028,33619,61829,96303,57755,127266,104300,54778,4135.95,3939,3229.98,10832.25,14259.18,23397.66,14771.25,7365.93,1811.94,13670.88294,10416.03641,11077.20459,16353.3618,43193.97626,18059.03502,23741.09557,29288.63653,20854.93236,98413.82794,185039.4611,86503.12943,0
77,36047,26426,34205,64209,99844,59318,137529,113788,60454,4135.95,3939,3229.98,10832.25,14259.18,23397.66,14771.25,7365.93,1811.94,13670.88294,10416.03641,11077.20459,16353.3618,43193.97626,18059.03502,23741.09557,29288.63653,20854.93236,98413.82794,185039.4611,86503.12943,0
78,37609,27149,35391,69871,113909,64264,173358,157709,86140,4135.95,3939,3229.98,10832.25,14259.18,23397.66,14771.25,7365.93,1811.94,13670.88294,10416.03641,11077.20459,16353.3618,43193.97626,18059.03502,23741.09557,29288.63653,20854.93236,98413.82794,185039.4611,86503.12943,0
79,40221,28573,38273,89325,136777,83700,190577,167488,98224,4135.95,3939,3229.98,10832.25,14259.18,23397.66,14771.25,7365.93,1811.94,13670.88294,10416.03641,11077.20459,16353.3618,43193.97626,18059.03502,23741.09557,29288.63653,20854.93236,98413.82794,185039.4611,86503.12943,0
80,46497,32081,48069,92903,149206,88163,189475,160084,95688,4135.95,3939,3229.98,10832.25,14259.18,23397.66,14771.25,7365.93,1811.94,13670.88294,10416.03641,11077.20459,16353.3618,43193.97626,18059.03502,23741.09557,29288.63653,20854.93236,98413.82794,185039.4611,86503.12943,0
81,62885,39557,53326,90632,147133,85299,177599,144803,86406,4135.95,3939,3229.98,10832.25,14259.18,23397.66,14771.25,7365.93,1811.94,13670.88294,10416.03641,11077.20459,16353.3618,43193.97626,18059.03502,23741.09557,29288.63653,20854.93236,98413.82794,185039.4611,86503.12943,0
82,70140,41006,53395,84410,140723,79196,176206,145445,85592,4135.95,3939,3229.98,10832.25,14259.18,23397.66,14771.25,7365.93,1811.94,13670.88294,10416.03641,11077.20459,16353.3618,43193.97626,18059.03502,23741.09557,29288.63653,20854.93236,98413.82794,185039.4611,86503.12943,0
83,65975,40178,49016,84871,141518,79982,174358,140872,83564,4135.95,3939,3229.98,10832.25,14259.18,23397.66,14771.25,7365.93,1811.94,13670.88294,10416.03641,11077.20459,16353.3618,43193.97626,18059.03502,23741.09557,29288.63653,20854.93236,98413.82794,185039.4611,86503.12943,0
84,59758,38054,48383,81904,140755,77854,172459,138488,82531,4135.95,3939,3229.98,10832.25,14259.18,23397.66,14771.25,7365.93,1811.94,13670.88294,10416.03641,11077.20459,16353.3618,43193.97626,18059.03502,23741.09557,29288.63653,20854.93236,98413.82794,185039.4611,86503.12943,0
85,61927,39287,47158,80247,139246,76830,169052,134972,80342,4135.95,3939,3229.98,10832.25,14259.18,23397.66,14771.25,7365.93,1811.94,13670.88294,10416.03641,11077.20459,16353.3618,43193.97626,18059.03502,23741.09557,29288.63653,20854.93236,98413.82794,185039.4611,86503.12943,0
86,62879,38106,46753,78138,137367,74990,167240,133305,79578,4135.95,3939,3229.98,10832.25,14259.18,23397.66,14771.25,7365.93,1811.94,13670.88294,10416.03641,11077.20459,16353.3618,43193.97626,18059.03502,23741.09557,29288.63653,20854.93236,98413.82794,185039.4611,86503.12943,0
87,63170,37527,45750,76964,138050,74219,171378,136528,81471,4135.95,3939,3229.98,10832.25,14259.18,23397.66,14771.25,7365.93,1811.94,13670.88294,10416.03641,11077.20459,16353.3618,43193.97626,18059.03502,23741.09557,29288.63653,20854.93236,98413.82794,185039.4611,86503.12943,0
88,62843,36826,45259,78189,142460,75745,181804,145244,87502,4135.95,3939,3229.98,10832.25,14259.18,23397.66,14771.25,7365.93,1811.94,13670.88294,10416.03641,11077.20459,16353.3618,43193.97626,18059.03502,23741.09557,29288.63653,20854.93236,98413.82794,185039.4611,86503.12943,0
89,63916,36933,46583,81350,150906,79362,197532,158006,96748,4135.95,3939,3229.98,10832.25,14259.18,23397.66,14771.25,7365.93,1811.94,13670.88294,10416.03641,11077.20459,16353.3618,43193.97626,18059.03502,23741.09557,29288.63653,20854.93236,98413.82794,185039.4611,86503.12943,0
90,67346,38238,49707,86732,155589,85190,191233,146018,90629,4135.95,3939,3229.98,10832.25,14259.18,23397.66,14771.25,7365.93,1811.94,13670.88294,10416.03641,11077.20459,16353.3618,43193.97626,18059.03502,23741.09557,29288.63653,20854.93236,98413.82794,185039.4611,86503.12943,0
91,73130,40419,54760,81599,144231,79647,168977,130670,80391,4135.95,3939,3229.98,10832.25,14259.18,23397.66,14771.25,7365.93,1811.94,13670.88294,10416.03641,11077.20459,16353.3618,43193.97626,18059.03502,23741.09557,29288.63653,20854.93236,98413.82794,185039.4611,86503.12943,0
92,78372,42038,53221,73204,131139,71716,154966,125650,77650,4135.95,3939,3229.98,10832.25,14259.18,23397.66,14771.25,7365.93,1811.94,13670.88294,10416.03641,11077.20459,16353.3618,43193.97626,18059.03502,23741.09557,29288.63653,20854.93236,98413.82794,185039.4611,86503.12943,0
93,71122,37793,47699,69986,123882,69107,142979,111496,65901,4135.95,3939,3229.98,10832.25,14259.18,23397.66,14771.25,7365.93,1811.94,13670.88294,10416.03641,11077.20459,16353.3618,43193.97626,18059.03502,23741.09557,29288.63653,20854.93236,98413.82794,185039.4611,86503.12943,0
94,59983,33779,44046,65606,113888,64198,131989,102919,59787,4135.95,3939,3229.98,10832.25,14259.18,23397.66,14771.25,7365.93,1811.94,13670.88294,10416.03641,11077.20459,16353.3618,43193.97626,18059.03502,23741.09557,29288.63653,20854.93236,98413.82794,185039.4611,86503.12943,0
95,55802,31878,40504,62499,106162,60492,122736,96708,55743,4135.95,3939,3229.98,10832.25,14259.18,23397.66,14771.25,7365.93,1811.94,13670.88294,10416.03641,11077.20459,16353.3618,43193.97626,18059.03502,23741.09557,29288.63653,20854.93236,98413.82794,185039.4611,86503.12943,0
96,49640,29291,37603,60062,99655,57609,116852,94498,53460,4135.95,3939,3229.98,10832.25,14259.18,23397.66,14771.25,7365.93,1811.94,13670.88294,10416.03641,11077.20459,16353.3618,43193.97626,18059.03502,23741.09557,29288.63653,20854.93236,98413.82794,185039.4611,86503.12943,0
97,44142,27428,35115,59004,95594,57181,115414,93952,52640,4135.95,3939,3229.98,10832.25,14259.18,23397.66,14771.25,7365.93,1811.94,13670.88294,10416.03641,11077.20459,16353.3618,43193.97626,18059.03502,23741.09557,29288.63653,20854.93236,98413.82794,185039.4611,86503.12943,0
98,39487,26095,33453,60653,94442,57570,115544,93013,51812,4135.95,3939,3229.98,10832.25,14259.18,23397.66,14771.25,7365.93,1811.94,13670.88294,10416.03641,11077.20459,16353.3618,43193.97626,18059.03502,23741.09557,29288.63653,20854.93236,98413.82794,185039.4611,86503.12943,0
99,36127,25479,33072,62752,93982,58297,117297,93615,52290,4135.95,3939,3229.98,10832.25,14259.18,23397.66,14771.25,7365.93,1811.94,13670.88294,10416.03641,11077.20459,16353.3618,43193.97626,18059.03502,23741.09557,29288.63653,20854.93236,98413.82794,185039.4611,86503.12943,0
100,35770,25884,33079,64704,94823,59226,121048,96217,53761,4135.95,3939,3229.98,10832.25,14259.18,23397.66,14771.25,7365.93,1811.94,13670.88294,10416.03641,11077.20459,16353.3618,43193.97626,18059.03502,23741.09557,29288.63653,20854.93236,98413.82794,185039.4611,86503.12943,0
101,36032,26298,33616,67644,98339,60945,130748,105153,59334,4135.95,3939,3229.98,10832.25,14259.18,23397.66,14771.25,7365.93,1811.94,13670.88294,10416.03641,11077.20459,16353.3618,43193.97626,18059.03502,23741.09557,29288.63653,20854.93236,98413.82794,185039.4611,86503.12943,0
102,37626,27004,34757,73808,111890,66142,162208,142462,81460,4135.95,3939,3229.98,10832.25,14259.18,23397.66,14771.25,7365.93,1811.94,13670.88294,10416.03641,11077.20459,16353.3618,43193.97626,18059.03502,23741.09557,29288.63653,20854.93236,98413.82794,185039.4611,86503.12943,0
103,40359,28447,37604,95933,134349,85499,182041,150126,91128,4135.95,3939,3229.98,10832.25,14259.18,23397.66,14771.25,7365.93,1811.94,13670.88294,10416.03641,11077.20459,16353.3618,43193.97626,18059.03502,23741.09557,29288.63653,20854.93236,98413.82794,185039.4611,86503.12943,0
104,46672,31957,47008,98057,146986,90319,183872,145633,88289,4135.95,3939,3229.98,10832.25,14259.18,23397.66,14771.25,7365.93,1811.94,13670.88294,10416.03641,11077.20459,16353.3618,43193.97626,18059.03502,23741.09557,29288.63653,20854.93236,98413.82794,185039.4611,86503.12943,0
105,63128,39305,51935,95159,145211,87739,173208,133475,79744,4135.95,3939,3229.98,10832.25,14259.18,23397.66,14771.25,7365.93,1811.94,13670.88294,10416.03641,11077.20459,16353.3618,43193.97626,18059.03502,23741.09557,29288.63653,20854.93236,98413.82794,185039.4611,86503.12943,0
106,69980,40869,52237,87608,138977,81203,172526,136084,80273,4135.95,3939,3229.98,10832.25,14259.18,23397.66,14771.25,7365.93,1811.94,13670.88294,10416.03641,11077.20459,16353.3618,43193.97626,18059.03502,23741.09557,29288.63653,20854.93236,98413.82794,185039.4611,86503.12943,0
107,66002,40207,47932,87245,139970,81687,172489,132842,78121,4135.95,3939,3229.98,10832.25,14259.18,23397.66,14771.25,7365.93,1811.94,13670.88294,10416.03641,11077.20459,16353.3618,43193.97626,18059.03502,23741.09557,29288.63653,20854.93236,98413.82794,185039.4611,86503.12943,0
108,59718,38148,47287,83053,139350,79007,170797,131341,77071,4135.95,3939,3229.98,10832.25,14259.18,23397.66,14771.25,7365.93,1811.94,13670.88294,10416.03641,11077.20459,16353.3618,43193.97626,18059.03502,23741.09557,29288.63653,20854.93236,98413.82794,185039.4611,86503.12943,0
109,61902,39450,46118,80958,138063,77653,167841,128267,75211,4135.95,3939,3229.98,10832.25,14259.18,23397.66,14771.25,7365.93,1811.94,13670.88294,10416.03641,11077.20459,16353.3618,43193.97626,18059.03502,23741.09557,29288.63653,20854.93236,98413.82794,185039.4611,86503.12943,0
110,62877,38344,45730,78082,136127,75331,166763,127796,74656,4135.95,3939,3229.98,10832.25,14259.18,23397.66,14771.25,7365.93,1811.94,13670.88294,10416.03641,11077.20459,16353.3618,43193.97626,18059.03502,23741.09557,29288.63653,20854.93236,98413.82794,185039.4611,86503.12943,0
111,63150,37749,44855,76342,136869,74047,171188,131633,76717,4135.95,3939,3229.98,10832.25,14259.18,23397.66,14771.25,7365.93,1811.94,13670.88294,10416.03641,11077.20459,16353.3618,43193.97626,18059.03502,23741.09557,29288.63653,20854.93236,98413.82794,185039.4611,86503.12943,0
112,62788,37078,44542,77331,141327,75309,181788,140219,82350,4135.95,3939,3229.98,10832.25,14259.18,23397.66,14771.25,7365.93,1811.94,13670.88294,10416.03641,11077.20459,16353.3618,43193.97626,18059.03502,23741.09557,29288.63653,20854.93236,98413.82794,185039.4611,86503.12943,0
113,63891,37170,45732,80326,149557,78671,197508,152014,90613,4135.95,3939,3229.98,10832.25,14259.18,23397.66,14771.25,7365.93,1811.94,13670.88294,10416.03641,11077.20459,16353.3618,43193.97626,18059.03502,23741.09557,29288.63653,20854.93236,98413.82794,185039.4611,86503.12943,0
114,67365,38496,48830,85832,154372,84674,192794,140337,83885,4135.95,3939,3229.98,10832.25,14259.18,23397.66,14771.25,7365.93,1811.94,13670.88294,10416.03641,11077.20459,16353.3618,43193.97626,18059.03502,23741.09557,29288.63653,20854.93236,98413.82794,185039.4611,86503.12943,0
115,73109,40642,53674,80538,143079,78978,170695,125209,74783,4135.95,3939,3229.98,10832.25,14259.18,23397.66,14771.25,7365.93,1811.94,13670.88294,10416.03641,11077.20459,16353.3618,43193.97626,18059.03502,23741.09557,29288.63653,20854.93236,98413.82794,185039.4611,86503.12943,0
116,78336,42281,52327,72173,130077,71095,157185,120097,71766,4135.95,3939,3229.98,10832.25,14259.18,23397.66,14771.25,7365.93,1811.94,13670.88294,10416.03641,11077.20459,16353.3618,43193.97626,18059.03502,23741.09557,29288.63653,20854.93236,98413.82794,185039.4611,86503.12943,0
117,71115,37993,46784,69149,122971,68583,145996,107505,61583,4135.95,3939,3229.98,10832.25,14259.18,23397.66,14771.25,7365.93,1811.94,13670.88294,10416.03641,11077.20459,16353.3618,43193.97626,18059.03502,23741.09557,29288.63653,20854.93236,98413.82794,185039.4611,86503.12943,0
118,60001,33936,43114,64612,113138,63653,135330,99954,56267,4135.95,3939,3229.98,10832.25,14259.18,23397.66,14771.25,7365.93,1811.94,13670.88294,10416.03641,11077.20459,16353.3618,43193.97626,18059.03502,23741.09557,29288.63653,20854.93236,98413.82794,185039.4611,86503.12943,0
119,55714,32053,39708,61868,105519,60227,126479,94230,52392,4135.95,3939,3229.98,10832.25,14259.18,23397.66,14771.25,7365.93,1811.94,13670.88294,10416.03641,11077.20459,16353.3618,43193.97626,18059.03502,23741.09557,29288.63653,20854.93236,98413.82794,185039.4611,86503.12943,0
120,49556,29473,36838,59894,99988,57516,124369,92475,49330,4135.95,3939,3229.98,10832.25,14259.18,23397.66,14771.25,7365.93,1811.94,13670.88294,10416.03641,11077.20459,16353.3618,43193.97626,18059.03502,23741.09557,29288.63653,20854.93236,98413.82794,185039.4611,86503.12943,0
121,44168,27630,34273,58868,96064,56648,124372,92390,48783,4135.95,3939,3229.98,10832.25,14259.18,23397.66,14771.25,7365.93,1811.94,13670.88294,10416.03641,11077.20459,16353.3618,43193.97626,18059.03502,23741.09557,29288.63653,20854.93236,98413.82794,185039.4611,86503.12943,0
122,39549,26294,32483,60643,94924,57199,126288,91858,48092,4135.95,3939,3229.98,10832.25,14259.18,23397.66,14771.25,7365.93,1811.94,13670.88294,10416.03641,11077.20459,16353.3618,43193.97626,18059.03502,23741.09557,29288.63653,20854.93236,98413.82794,185039.4611,86503.12943,0
123,35933,25261,32006,62457,94362,57835,129703,92886,48618,4135.95,3939,3229.98,10832.25,14259.18,23397.66,14771.25,7365.93,1811.94,13670.88294,10416.03641,11077.20459,16353.3618,43193.97626,18059.03502,23741.09557,29288.63653,20854.93236,98413.82794,185039.4611,86503.12943,0
124,35386,25735,32059,64044,95088,58688,134898,95753,50032,4135.95,3939,3229.98,10832.25,14259.18,23397.66,14771.25,7365.93,1811.94,13670.88294,10416.03641,11077.20459,16353.3618,43193.97626,18059.03502,23741.09557,29288.63653,20854.93236,98413.82794,185039.4611,86503.12943,0
125,35467,26235,32574,66423,98632,60280,146680,104848,55131,4135.95,3939,3229.98,10832.25,14259.18,23397.66,14771.25,7365.93,1811.94,13670.88294,10416.03641,11077.20459,16353.3618,43193.97626,18059.03502,23741.09557,29288.63653,20854.93236,98413.82794,185039.4611,86503.12943,0
126,36805,26977,33653,71944,111825,65214,182056,138845,73359,4135.95,3939,3229.98,10832.25,14259.18,23397.66,14771.25,7365.93,1811.94,13670.88294,10416.03641,11077.20459,16353.3618,43193.97626,18059.03502,23741.09557,29288.63653,20854.93236,98413.82794,185039.4611,86503.12943,0
127,39377,28460,36519,92105,134181,83814,202144,149258,82390,4135.95,3939,3229.98,10832.25,14259.18,23397.66,14771.25,7365.93,1811.94,13670.88294,10416.03641,11077.20459,16353.3618,43193.97626,18059.03502,23741.09557,29288.63653,20854.93236,98413.82794,185039.4611,86503.12943,0
128,45359,32115,45380,94028,146518,87191,201023,145884,80940,4135.95,3939,3229.98,10832.25,14259.18,23397.66,14771.25,7365.93,1811.94,13670.88294,10416.03641,11077.20459,16353.3618,43193.97626,18059.03502,23741.09557,29288.63653,20854.93236,98413.82794,185039.4611,86503.12943,0
129,61089,39234,50440,90343,144288,84607,186901,134037,74098,4135.95,3939,3229.98,10832.25,14259.18,23397.66,14771.25,7365.93,1811.94,13670.88294,10416.03641,11077.20459,16353.3618,43193.97626,18059.03502,23741.09557,29288.63653,20854.93236,98413.82794,185039.4611,86503.12943,0
130,68276,40596,50450,81526,137972,77394,183778,136648,75823,4135.95,3939,3229.98,10832.25,14259.18,23397.66,14771.25,7365.93,1811.94,13670.88294,10416.03641,11077.20459,16353.3618,43193.97626,18059.03502,23741.09557,29288.63653,20854.93236,98413.82794,185039.4611,86503.12943,0
131,65222,39803,46290,80404,139125,77729,179502,133692,74569,4135.95,3939,3229.98,10832.25,14259.18,23397.66,14771.25,7365.93,1811.94,13670.88294,10416.03641,11077.20459,16353.3618,43193.97626,18059.03502,23741.09557,29288.63653,20854.93236,98413.82794,185039.4611,86503.12943,0
132,59570,37543,45584,76814,138562,75107,175758,132345,74040,4135.95,3939,3229.98,10832.25,14259.18,23397.66,14771.25,7365.93,1811.94,13670.88294,10416.03641,11077.20459,16353.3618,43193.97626,18059.03502,23741.09557,29288.63653,20854.93236,98413.82794,185039.4611,86503.12943,0
133,61789,38759,44871,74840,137091,73625,170562,129199,72413,4135.95,3939,3229.98,10832.25,14259.18,23397.66,14771.25,7365.93,1811.94,13670.88294,10416.03641,11077.20459,16353.3618,43193.97626,18059.03502,23741.09557,29288.63653,20854.93236,98413.82794,185039.4611,86503.12943,0
134,63035,37772,44650,72715,134925,71515,167344,128680,72235,4135.95,3939,3229.98,10832.25,14259.18,23397.66,14771.25,7365.93,1811.94,13670.88294,10416.03641,11077.20459,16353.3618,43193.97626,18059.03502,23741.09557,29288.63653,20854.93236,98413.82794,185039.4611,86503.12943,0
135,63375,37150,43926,71709,135663,70414,170537,132896,74906,4135.95,3939,3229.98,10832.25,14259.18,23397.66,14771.25,7365.93,1811.94,13670.88294,10416.03641,11077.20459,16353.3618,43193.97626,18059.03502,23741.09557,29288.63653,20854.93236,98413.82794,185039.4611,86503.12943,0
136,63117,36425,43671,72815,140264,71685,180088,141557,80560,4135.95,3939,3229.98,10832.25,14259.18,23397.66,14771.25,7365.93,1811.94,13670.88294,10416.03641,11077.20459,16353.3618,43193.97626,18059.03502,23741.09557,29288.63653,20854.93236,98413.82794,185039.4611,86503.12943,0
137,64244,36489,44932,75898,148699,75161,196224,153727,88270,4135.95,3939,3229.98,10832.25,14259.18,23397.66,14771.25,7365.93,1811.94,13670.88294,10416.03641,11077.20459,16353.3618,43193.97626,18059.03502,23741.09557,29288.63653,20854.93236,98413.82794,185039.4611,86503.12943,0
138,67606,37734,48036,80365,153406,80333,191057,142411,81687,4135.95,3939,3229.98,10832.25,14259.18,23397.66,14771.25,7365.93,1811.94,13670.88294,10416.03641,11077.20459,16353.3618,43193.97626,18059.03502,23741.09557,29288.63653,20854.93236,98413.82794,185039.4611,86503.12943,0
139,73315,39935,52558,76178,142211,74778,170146,127775,72748,4135.95,3939,3229.98,10832.25,14259.18,23397.66,14771.25,7365.93,1811.94,13670.88294,10416.03641,11077.20459,16353.3618,43193.97626,18059.03502,23741.09557,29288.63653,20854.93236,98413.82794,185039.4611,86503.12943,0
140,78447,41474,51502,67713,129229,66793,157799,123065,69811,4135.95,3939,3229.98,10832.25,14259.18,23397.66,14771.25,7365.93,1811.94,13670.88294,10416.03641,11077.20459,16353.3618,43193.97626,18059.03502,23741.09557,29288.63653,20854.93236,98413.82794,185039.4611,86503.12943,0
141,71076,37415,45884,63976,122174,64071,146475,110405,60320,4135.95,3939,3229.98,10832.25,14259.18,23397.66,14771.25,7365.93,1811.94,13670.88294,10416.03641,11077.20459,16353.3618,43193.97626,18059.03502,23741.09557,29288.63653,20854.93236,98413.82794,185039.4611,86503.12943,0
142,59897,33395,42048,59419,112499,59346,136626,102645,55387,4135.95,3939,3229.98,10832.25,14259.18,23397.66,14771.25,7365.93,1811.94,13670.88294,10416.03641,11077.20459,16353.3618,43193.97626,18059.03502,23741.09557,29288.63653,20854.93236,98413.82794,185039.4611,86503.12943,0
143,55662,31528,38606,55242,104901,55840,129139,97140,51951,4135.95,3939,3229.98,10832.25,14259.18,23397.66,14771.25,7365.93,1811.94,13670.88294,10416.03641,11077.20459,16353.3618,43193.97626,18059.03502,23741.09557,29288.63653,20854.93236,98413.82794,185039.4611,86503.12943,0
144,49593,28975,35684,52179,98660,53066,124112,94949,51762,4135.95,3939,3229.98,10832.25,14259.18,23397.66,14771.25,7365.93,1811.94,13670.88294,10416.03641,11077.20459,16353.3618,43193.97626,18059.03502,23741.09557,29288.63653,20854.93236,98413.82794,185039.4611,86503.12943,0
145,44111,27099,33127,49169,94640,50861,124211,95067,51422,4135.95,3939,3229.98,10832.25,14259.18,23397.66,14771.25,7365.93,1811.94,13670.88294,10416.03641,11077.20459,16353.3618,43193.97626,18059.03502,23741.09557,29288.63653,20854.93236,98413.82794,185039.4611,86503.12943,0
146,39394,25762,31384,49996,93629,51168,125688,94607,50691,4135.95,3939,3229.98,10832.25,14259.18,23397.66,14771.25,7365.93,1811.94,13670.88294,10416.03641,11077.20459,16353.3618,43193.97626,18059.03502,23741.09557,29288.63653,20854.93236,98413.82794,185039.4611,86503.12943,0
147,36551,25100,30931,51469,93087,51636,128667,95809,51270,4135.95,3939,3229.98,10832.25,14259.18,23397.66,14771.25,7365.93,1811.94,13670.88294,10416.03641,11077.20459,16353.3618,43193.97626,18059.03502,23741.09557,29288.63653,20854.93236,98413.82794,185039.4611,86503.12943,0
148,35949,25555,30912,52915,93772,52284,133709,98670,52838,4135.95,3939,3229.98,10832.25,14259.18,23397.66,14771.25,7365.93,1811.94,13670.88294,10416.03641,11077.20459,16353.3618,43193.97626,18059.03502,23741.09557,29288.63653,20854.93236,98413.82794,185039.4611,86503.12943,0
149,35925,26044,31463,55240,97264,53753,144844,107923,58334,4135.95,3939,3229.98,10832.25,14259.18,23397.66,14771.25,7365.93,1811.94,13670.88294,10416.03641,11077.20459,16353.3618,43193.97626,18059.03502,23741.09557,29288.63653,20854.93236,98413.82794,185039.4611,86503.12943,0
150,37292,26820,32571,60400,110523,58376,180145,143679,78068,4135.95,3939,3229.98,10832.25,14259.18,23397.66,14771.25,7365.93,1811.94,13670.88294,10416.03641,11077.20459,16353.3618,43193.97626,18059.03502,23741.09557,29288.63653,20854.93236,98413.82794,185039.4611,86503.12943,0
151,39737,28301,35324,74653,132391,72441,196780,154442,87315,4135.95,3939,3229.98,10832.25,14259.18,23397.66,14771.25,7365.93,1811.94,13670.88294,10416.03641,11077.20459,16353.3618,43193.97626,18059.03502,23741.09557,29288.63653,20854.93236,98413.82794,185039.4611,86503.12943,0
152,45713,31923,43703,80400,144487,77636,193050,149999,85096,4135.95,3939,3229.98,10832.25,14259.18,23397.66,14771.25,7365.93,1811.94,13670.88294,10416.03641,11077.20459,16353.3618,43193.97626,18059.03502,23741.09557,29288.63653,20854.93236,98413.82794,185039.4611,86503.12943,0
153,61490,39573,48775,79193,142432,76753,176591,137093,77223,4135.95,3939,3229.98,10832.25,14259.18,23397.66,14771.25,7365.93,1811.94,13670.88294,10416.03641,11077.20459,16353.3618,43193.97626,18059.03502,23741.09557,29288.63653,20854.93236,98413.82794,185039.4611,86503.12943,0
154,69713,40869,49240,73025,136155,71082,172688,139652,78603,4135.95,3939,3229.98,10832.25,14259.18,23397.66,14771.25,7365.93,1811.94,13670.88294,10416.03641,11077.20459,16353.3618,43193.97626,18059.03502,23741.09557,29288.63653,20854.93236,98413.82794,185039.4611,86503.12943,0
155,67406,40122,45422,73350,137301,71794,168960,136229,76804,4135.95,3939,3229.98,10832.25,14259.18,23397.66,14771.25,7365.93,1811.94,13670.88294,10416.03641,11077.20459,16353.3618,43193.97626,18059.03502,23741.09557,29288.63653,20854.93236,98413.82794,185039.4611,86503.12943,0
156,61679,37841,44822,71857,136517,70361,165401,134690,75823,4135.95,3939,3229.98,10832.25,14259.18,23397.66,14771.25,7365.93,1811.94,13670.88294,10416.03641,11077.20459,16353.3618,43193.97626,18059.03502,23741.09557,29288.63653,20854.93236,98413.82794,185039.4611,86503.12943,0
157,64007,39059,44365,71006,135232,69686,161038,131662,74021,4135.95,3939,3229.98,10832.25,14259.18,23397.66,14771.25,7365.93,1811.94,13670.88294,10416.03641,11077.20459,16353.3618,43193.97626,18059.03502,23741.09557,29288.63653,20854.93236,98413.82794,185039.4611,86503.12943,0
158,64383,37881,44152,69955,133209,68409,158882,130899,73649,4135.95,3939,3229.98,10832.25,14259.18,23397.66,14771.25,7365.93,1811.94,13670.88294,10416.03641,11077.20459,16353.3618,43193.97626,18059.03502,23741.09557,29288.63653,20854.93236,98413.82794,185039.4611,86503.12943,0
159,64463,37372,43561,69681,133632,68074,162592,135091,76076,4135.95,3939,3229.98,10832.25,14259.18,23397.66,14771.25,7365.93,1811.94,13670.88294,10416.03641,11077.20459,16353.3618,43193.97626,18059.03502,23741.09557,29288.63653,20854.93236,98413.82794,185039.4611,86503.12943,0
160,63887,36691,43468,71078,138030,69664,172443,143724,81893,4135.95,3939,3229.98,10832.25,14259.18,23397.66,14771.25,7365.93,1811.94,13670.88294,10416.03641,11077.20459,16353.3618,43193.97626,18059.03502,23741.09557,29288.63653,20854.93236,98413.82794,185039.4611,86503.12943,0
161,64743,36728,44688,74312,146219,73072,187171,156005,90145,4135.95,3939,3229.98,10832.25,14259.18,23397.66,14771.25,7365.93,1811.94,13670.88294,10416.03641,11077.20459,16353.3618,43193.97626,18059.03502,23741.09557,29288.63653,20854.93236,98413.82794,185039.4611,86503.12943,0
162,68180,38060,47681,78440,150684,77608,181695,144747,83433,4135.95,3939,3229.98,10832.25,14259.18,23397.66,14771.25,7365.93,1811.94,13670.88294,10416.03641,11077.20459,16353.3618,43193.97626,18059.03502,23741.09557,29288.63653,20854.93236,98413.82794,185039.4611,86503.12943,0
163,74033,40183,51981,74549,139493,72465,159983,130188,74518,4135.95,3939,3229.98,10832.25,14259.18,23397.66,14771.25,7365.93,1811.94,13670.88294,10416.03641,11077.20459,16353.3618,43193.97626,18059.03502,23741.09557,29288.63653,20854.93236,98413.82794,185039.4611,86503.12943,0
164,79485,41786,50947,65794,126699,64088,146656,125752,71731,4135.95,3939,3229.98,10832.25,14259.18,23397.66,14771.25,7365.93,1811.94,13670.88294,10416.03641,11077.20459,16353.3618,43193.97626,18059.03502,23741.09557,29288.63653,20854.93236,98413.82794,185039.4611,86503.12943,0
165,71665,37618,45255,61561,119644,60856,135913,112717,61917,4135.95,3939,3229.98,10832.25,14259.18,23397.66,14771.25,7365.93,1811.94,13670.88294,10416.03641,11077.20459,16353.3618,43193.97626,18059.03502,23741.09557,29288.63653,20854.93236,98413.82794,185039.4611,86503.12943,0
166,60689,33567,41334,57213,110509,56468,126160,104597,56715,4135.95,3939,3229.98,10832.25,14259.18,23397.66,14771.25,7365.93,1811.94,13670.88294,10416.03641,11077.20459,16353.3618,43193.97626,18059.03502,23741.09557,29288.63653,20854.93236,98413.82794,185039.4611,86503.12943,0
167,56686,31708,37934,52709,103403,52520,117880,99156,53202,4135.95,3939,3229.98,10832.25,14259.18,23397.66,14771.25,7365.93,1811.94,13670.88294,10416.03641,11077.20459,16353.3618,43193.97626,18059.03502,23741.09557,29288.63653,20854.93236,98413.82794,185039.4611,86503.12943,0
168,50376,29062,34970,48506,95499,49118,109665,93021,50178,4135.95,3939,3229.98,10832.25,14259.18,23397.66,14771.25,7365.93,1811.94,13670.88294,10416.03641,11077.20459,16353.3618,43193.97626,18059.03502,23741.09557,29288.63653,20854.93236,98413.82794,185039.4611,86503.12943,0