ethanol_SE,natgas_SE,ethane_SE,natgas_demand_SE,biowood_SE,bioherb_SE,elec_SE,ethylene_SE,ethylene_demand_SE,h2_SE,co2_captured_SE,gasoline_SE,gasoline_demand_SE,jetfuel_SE,jetfuel_demand_SE,diesel_SE,diesel_demand_SE
0.0,14.058029999999999,21.98,26.614711219999997,86.55,86.4192,12.952084172065252,460.59789458258354,460.59789458258354,14.809897722455895,58.38528790713553,94.95991,94.95991,75.68131,75.68131,97.34841,97.34841
0.0,14.058029999999999,21.98,26.614711219999997,86.55,86.4192,9.972880001280538,472.6829381022089,472.6829381022089,14.839689764163744,-6.1,94.95991,94.95991,75.68131,75.68131,97.34841,97.34841
0.0,14.058029999999999,21.98,26.614711219999997,86.55,86.4192,9.972880001280538,460.5066888148235,460.5066888148235,14.839689764163744,58.06537833231503,94.95991,94.95991,75.68131,75.68131,97.34841,97.34841
0.0,14.058029999999999,21.98,26.614711219999997,86.55,134.78121261974022,9.972880001280538,460.5066888148235,460.5066888148235,14.839689764163744,3.258556440346428,94.95991,94.95991,75.68131,75.68131,97.34841,97.34841
0.0,14.058029999999999,21.98,26.614711219999997,86.55,86.4192,9.972880001280538,460.5066888148235,460.5066888148235,14.839689764163744,68.32121440560877,94.95991,94.95991,75.68131,75.68131,97.34841,97.34841
0.0,14.058029999999999,21.98,26.614711219999997,86.55,86.4192,9.972880001280538,460.5066888148235,460.5066888148235,14.839689764163744,58.15468593213232,94.95991,94.95991,75.68131,75.68131,97.34841,97.34841
0.0,14.058029999999999,21.98,26.614711219999997,86.55,86.4192,13.297953481644974,472.15130931779134,472.15130931779134,15.20537763380945,-6.1,94.95991,94.95991,75.68131,75.68131,97.34841,97.34841
0.0,14.058029999999999,21.98,26.614711219999997,86.55,86.4192,0.0,118737.71428834823,118737.71428834823,14.93941856417655,9.975398505430803,94.95991,94.95991,75.68131,75.68131,97.34841,97.34841
0.0,14.058029999999999,21.98,26.614711219999997,86.55,86.4192,0.0,470.61436145704835,470.61436145704835,14.93941856417655,-6.1,94.95991,94.95991,75.68131,75.68131,97.34841,97.34841
0.0,14.058029999999999,21.98,26.614711219999997,86.55,86.4192,9.972880001280538,460.5066888148235,460.5066888148235,14.839689764163744,58.15468593213232,94.95991,94.95991,75.68131,75.68131,97.34841,97.34841
0.0,14.058029999999999,21.98,26.614711219999997,86.55,86.4192,9.972880001280538,460.5066888148235,460.5066888148235,14.839689764163744,58.15468593213232,94.95991,94.95991,75.68131,75.68131,97.34841,97.34841
0.0,14.058029999999999,21.98,26.614711219999997,86.55,86.4192,9.972880001280538,460.5066888148235,460.5066888148235,14.839689764163744,68.0760950667343,94.95991,94.95991,75.68131,75.68131,97.34841,97.34841
0.0,14.058029999999999,21.98,26.614711219999997,86.55,86.4192,9.972880001280538,460.5066888148235,460.5066888148235,14.839689764163744,58.15468593213232,94.95991,94.95991,75.68131,75.68131,97.34841,97.34841
0.0,14.058029999999999,21.98,26.614711219999997,86.55,86.4192,0.0,460.20137768972063,460.20137768972063,14.93941856417655,1.9033263116506058,94.95991,94.95991,75.68131,75.68131,97.34841,97.34841
0.0,14.058029999999999,21.98,26.614711219999997,86.55,86.4192,0.0,470.61436145704835,470.61436145704835,14.93941856417655,-6.1,94.95991,94.95991,75.68131,75.68131,97.34841,97.34841
0.0,14.058029999999999,21.98,26.614711219999997,86.55,86.4192,0.0,470.61436145704835,470.61436145704835,14.93941856417655,-6.1,94.95991,94.95991,75.68131,75.68131,97.34841,97.34841
0.0,14.058029999999999,21.98,26.614711219999997,86.55,86.4192,13.297953481644974,459.38716692241417,459.38716692241417,15.20537763380945,65.17869598761425,94.95991,94.95991,75.68131,75.68131,97.34841,97.34841
0.0,14.058029999999999,21.98,26.614711219999997,86.55,86.4192,13.297953481644974,472.15130931779134,472.15130931779134,15.20537763380945,-6.1,94.95991,94.95991,75.68131,75.68131,97.34841,97.34841
0.0,14.058029999999999,21.98,26.614711219999997,86.55,86.4192,13.297953481644974,459.38716692241417,459.38716692241417,15.20537763380945,70.2304955177323,94.95991,94.95991,75.68131,75.68131,97.34841,97.34841
0.0,14.058029999999999,21.98,26.614711219999997,104.28735255284492,86.4192,12.952084172065252,460.59789458258354,460.59789458258354,14.809897722455899,70.49599420382992,94.95991,94.95991,75.68131,75.68131,97.34841,97.34841
0.0,14.058029999999999,21.98,26.614711219999997,86.55,86.4192,9.972880001280538,460.5066888148235,460.5066888148235,14.839689764163744,58.15468593213232,94.95991,94.95991,75.68131,75.68131,97.34841,97.34841
0.0,14.058029999999999,21.98,26.614711219999997,86.55,86.4192,9.972880001280538,460.5066888148235,460.5066888148235,14.839689764163744,73.48697249986843,94.95991,94.95991,75.68131,75.68131,97.34841,97.34841
0.0,14.058029999999999,21.98,26.614711219999997,86.55,86.4192,12.952084172065252,460.59789458258354,460.59789458258354,14.809897722455899,70.57773173885583,94.95991,94.95991,75.68131,75.68131,97.34841,97.34841
0.0,14.058029999999999,21.98,26.614711219999997,86.55,86.55000000000001,12.952084172065252,460.59789458258354,460.59789458258354,14.809897722455895,70.57773173885585,94.95991,94.95991,75.68131,75.68131,97.34841,97.34841
0.0,14.058029999999999,21.98,26.614711219999997,86.55,86.4192,13.297953481644974,459.38716692241417,459.38716692241417,15.20537763380945,57.50652164611216,94.95991,94.95991,75.68131,75.68131,97.34841,97.34841
0.0,14.058029999999999,21.98,26.614711219999997,86.55,86.4192,13.297953481644974,459.38716692241417,459.38716692241417,15.20537763380945,70.1487579827064,94.95991,94.95991,75.68131,75.68131,97.34841,97.34841
0.0,14.058029999999999,21.98,26.614711219999997,86.55,86.4192,13.297953481644974,459.38716692241417,459.38716692241417,15.20537763380945,57.506521646112176,94.95991,94.95991,75.68131,75.68131,97.34841,97.34841
0.0,14.058029999999999,21.98,26.614711219999997,86.55,86.4192,13.297953481644974,472.15130931779134,472.15130931779134,15.20537763380945,-6.1,94.95991,94.95991,75.68131,75.68131,97.34841,97.34841
0.0,14.058029999999999,21.98,26.614711219999997,86.55,86.4192,13.297953481644974,472.15130931779146,472.15130931779146,15.20537763380945,-6.1,94.95991,94.95991,75.68131,75.68131,97.34841,97.34841
0.0,14.058029999999999,21.98,26.614711219999997,86.55,86.4192,151.8173983449609,450.9058601074451,450.9058601074451,17.975766531075767,59.72612136803105,94.95991,94.95991,75.68131,75.68131,97.34841,97.34841
0.0,14.058029999999999,21.98,26.614711219999997,86.55,86.4192,151.8173983449609,488.1610783960064,488.1610783960064,17.975766531075767,-6.1,94.95991,94.95991,75.68131,75.68131,97.34841,97.34841
0.0,14.058029999999999,21.98,26.614711219999997,86.55,86.4192,9.972880001280538,475.44070105204116,475.44070105204116,13.938876242829561,-6.1,94.95991,94.95991,75.68131,75.68131,97.34841,97.34841
0.0,14.058029999999999,21.98,26.614711219999997,86.55,86.4192,0.0,462.95914063955297,462.95914063955297,14.038605042842367,24.64,94.95991,94.95991,75.68131,75.68131,97.34841,97.34841
0.0,14.058029999999999,21.98,26.614711219999997,86.55,86.4192,0.0,462.95914063955297,462.95914063955297,14.038605042842367,24.64,94.95991,94.95991,75.68131,75.68131,97.34841,97.34841
0.0,14.058029999999999,21.98,26.614711219999997,86.55,86.4192,0.0,462.95914063955297,462.95914063955297,14.038605042842367,24.64,94.95991,94.95991,75.68131,75.68131,97.34841,97.34841
0.0,14.058029999999999,21.98,26.614711219999997,86.55,86.4192,0.0,473.3721244068807,473.3721244068807,14.038605042842367,-6.1,94.95991,94.95991,75.68131,75.68131,97.34841,97.34841
0.0,14.058029999999999,21.98,26.614711219999997,86.55,86.4192,0.0,473.3721244068807,473.3721244068807,14.038605042842367,-6.1,94.95991,94.95991,75.68131,75.68131,97.34841,97.34841
0.0,14.058029999999999,21.98,26.614711219999997,86.55,86.4192,0.0,473.3721244068807,473.3721244068807,14.038605042842367,-6.1,94.95991,94.95991,75.68131,75.68131,97.34841,97.34841
0.0,14.058029999999999,21.98,26.614711219999997,86.55,86.4192,0.0,473.3721244068807,473.3721244068807,14.038605042842367,-6.1,94.95991,94.95991,75.68131,75.68131,97.34841,97.34841
0.0,14.058029999999999,21.98,26.614711219999997,86.55,123.204178958189,0.0,473.3721244068807,473.3721244068807,14.038605042842367,-6.1,94.95991,94.95991,75.68131,75.68131,97.34841,97.34841
0.0,14.058029999999999,21.98,26.614711219999997,86.55,86.4192,0.0,473.3721244068807,473.3721244068807,14.038605042842367,-6.1,94.95991,94.95991,75.68131,75.68131,97.34841,97.34841
0.0,14.058029999999999,21.98,26.614711219999997,86.55,86.4192,12.496116632983183,474.8163977496299,474.8163977496299,14.28852737550203,-6.1,94.95991,94.95991,75.68131,75.68131,97.34841,97.34841
0.0,14.058029999999999,21.98,26.614711219999997,86.55,86.4192,12.17110246909374,463.3317484507475,463.3317484507475,13.91689401815143,60.07859805505514,94.95991,94.95991,75.68131,75.68131,97.34841,97.34841
0.0,14.058029999999999,21.98,26.614711219999997,86.55,86.4192,9.972880001280538,463.264451764656,463.264451764656,13.938876242829561,59.997754697262636,94.95991,94.95991,75.68131,75.68131,97.34841,97.34841
0.0,14.058029999999999,21.98,26.614711219999997,86.55,86.4192,9.972880001280538,463.264451764656,463.264451764656,13.938876242829561,59.90844709744534,94.95991,94.95991,75.68131,75.68131,97.34841,97.34841
0.0,14.058029999999999,21.98,26.614711219999997,86.55,86.4192,9.972880001280538,475.44070105204116,475.44070105204116,13.938876242829561,-6.1,94.95991,94.95991,75.68131,75.68131,97.34841,97.34841
0.0,14.058029999999999,21.98,26.614711219999997,86.55,86.4192,9.972880001280538,475.44070105204116,475.44070105204116,13.938876242829561,-6.1,94.95991,94.95991,75.68131,75.68131,97.34841,97.34841
0.0,14.058029999999999,21.98,26.614711219999997,86.55,86.4192,9.972880001280538,475.44070105204116,475.44070105204116,13.938876242829561,-6.1,94.95991,94.95991,75.68131,75.68131,97.34841,97.34841
0.0,14.058029999999999,21.98,26.614711219999997,86.55,86.4192,9.972880001280538,475.44070105204116,475.44070105204116,13.938876242829561,-6.1,94.95991,94.95991,75.68131,75.68131,97.34841,97.34841
0.0,14.058029999999999,21.98,26.614711219999997,86.55,86.4192,9.972880001280538,475.44070105204116,475.44070105204116,13.938876242829561,-6.1,94.95991,94.95991,75.68131,75.68131,97.34841,97.34841
0.0,14.058029999999999,21.98,26.614711219999997,86.55,86.4192,9.972880001280538,475.44070105204116,475.44070105204116,13.938876242829561,-6.1,94.95991,94.95991,75.68131,75.68131,97.34841,97.34841
0.0,14.058029999999999,21.98,26.614711219999997,86.55,86.4192,9.972880001280538,475.44070105204116,475.44070105204116,13.938876242829561,-6.1,94.95991,94.95991,75.68131,75.68131,97.34841,97.34841
0.0,14.058029999999999,21.98,26.614711219999997,86.55,86.4192,9.972880001280538,475.44070105204116,475.44070105204116,13.938876242829561,-6.1,94.95991,94.95991,75.68131,75.68131,97.34841,97.34841
0.0,14.058029999999999,21.98,26.614711219999997,86.55,86.4192,9.972880001280538,475.44070105204116,475.44070105204116,13.938876242829561,-6.1,94.95991,94.95991,75.68131,75.68131,97.34841,97.34841
0.0,14.058029999999999,21.98,26.614711219999997,86.55,86.4192,9.972880001280538,463.264451764656,463.264451764656,13.938876242829561,59.90844709744534,94.95991,94.95991,75.68131,75.68131,97.34841,97.34841
0.0,14.058029999999999,21.98,26.614711219999997,86.55,86.4192,0.0,473.3721244068807,473.3721244068807,14.038605042842367,-6.1,94.95991,94.95991,75.68131,75.68131,97.34841,97.34841
0.0,14.058029999999999,21.98,26.614711219999997,86.55,86.4192,0.0,473.3721244068807,473.3721244068807,14.038605042842367,-6.1,94.95991,94.95991,75.68131,75.68131,97.34841,97.34841
0.0,14.058029999999999,21.98,26.614711219999997,86.55,86.4192,0.0,462.95914063955297,462.95914063955297,14.038605042842367,24.64,94.95991,94.95991,75.68131,75.68131,97.34841,97.34841
0.0,14.058029999999999,21.98,26.614711219999997,86.55,86.4192,0.0,473.3721244068807,473.3721244068807,14.038605042842367,-6.1,94.95991,94.95991,75.68131,75.68131,97.34841,97.34841
0.0,14.058029999999999,21.98,26.614711219999997,86.55,86.4192,0.0,473.3721244068807,473.3721244068807,14.038605042842367,-6.1,94.95991,94.95991,75.68131,75.68131,97.34841,97.34841
0.0,14.058029999999999,21.98,26.614711219999997,86.55,86.4192,0.0,473.3721244068807,473.3721244068807,14.038605042842367,-6.1,94.95991,94.95991,75.68131,75.68131,97.34841,97.34841
0.0,14.058029999999999,21.98,26.614711219999997,86.55,86.4192,0.0,473.3721244068807,473.3721244068807,14.038605042842367,-6.1,94.95991,94.95991,75.68131,75.68131,97.34841,97.34841
0.0,14.058029999999999,21.98,26.614711219999997,86.55,86.4192,0.0,462.95914063955297,462.95914063955297,14.038605042842367,24.64,94.95991,94.95991,75.68131,75.68131,97.34841,97.34841
0.0,14.058029999999999,21.98,26.614711219999997,86.55,86.4192,0.0,473.3721244068807,473.3721244068807,14.038605042842367,-6.1,94.95991,94.95991,75.68131,75.68131,97.34841,97.34841
0.0,14.058029999999999,21.98,26.614711219999997,86.55,86.4192,0.0,473.3721244068807,473.3721244068807,14.038605042842367,-6.1,94.95991,94.95991,75.68131,75.68131,97.34841,97.34841
0.0,14.058029999999999,21.98,26.614711219999997,86.55,86.4192,12.496116632983183,474.8163977496299,474.8163977496299,14.28852737550203,-6.1,94.95991,94.95991,75.68131,75.68131,97.34841,97.34841
0.0,14.058029999999999,21.98,26.614711219999997,86.55,125.66703627602324,9.972880001280538,475.44070105204116,475.44070105204116,13.938876242829561,-6.1,94.95991,94.95991,75.68131,75.68131,97.34841,97.34841
0.0,14.058029999999999,21.98,26.614711219999997,86.55,86.4192,9.972880001280538,475.44070105204116,475.44070105204116,13.938876242829561,-6.1,94.95991,94.95991,75.68131,75.68131,97.34841,97.34841
0.0,14.058029999999999,21.98,26.614711219999997,86.55,86.4192,9.972880001280538,475.44070105204116,475.44070105204116,13.938876242829561,-6.1,94.95991,94.95991,75.68131,75.68131,97.34841,97.34841
0.0,14.058029999999999,21.98,26.614711219999997,86.55,86.4192,9.972880001280538,475.44070105204116,475.44070105204116,13.938876242829561,-6.1,94.95991,94.95991,75.68131,75.68131,97.34841,97.34841
0.0,14.058029999999999,21.98,26.614711219999997,126.48818137677654,86.4192,13.297953481644974,472.15130931779146,472.15130931779146,15.20537763380945,-6.1,94.95991,94.95991,75.68131,75.68131,97.34841,97.34841
0.0,14.058029999999999,21.98,26.614711219999997,136.17709887429655,86.4192,13.65305880125366,458.14410828490196,458.14410828490196,15.611418344650975,3.7586616444669048,94.95991,94.95991,75.68131,75.68131,97.34841,97.34841
0.0,14.058029999999999,21.98,26.614711219999997,86.55,86.4192,13.65305880125366,470.97103544916973,470.97103544916973,15.611418344650975,-6.1,94.95991,94.95991,75.68131,75.68131,97.34841,97.34841
0.0,14.058029999999999,21.98,26.614711219999997,86.55,86.4192,13.65305880125366,470.9710354491698,470.9710354491698,15.611418344650975,-6.100000000000019,94.95991,94.95991,75.68131,75.68131,97.34841,97.34841
0.0,14.058029999999999,21.98,26.614711219999997,86.55,86.4192,13.65305880125366,470.9710354491698,470.9710354491698,15.611418344650975,-6.1,94.95991,94.95991,75.68131,75.68131,97.34841,97.34841
0.0,14.058029999999999,21.98,26.614711219999997,86.55,86.4192,13.65305880125366,470.97103544916973,470.97103544916973,15.611418344650975,-6.1,94.95991,94.95991,75.68131,75.68131,97.34841,97.34841
0.0,14.058029999999999,21.98,26.614711219999997,86.55,86.4192,13.65305880125366,470.9710354491698,470.9710354491698,15.611418344650975,-6.1,94.95991,94.95991,75.68131,75.68131,97.34841,97.34841
0.0,14.058029999999999,21.98,26.614711219999997,86.55,86.4192,13.65305880125366,470.9710354491698,470.9710354491698,15.611418344650975,-6.1000000000000085,94.95991,94.95991,75.68131,75.68131,97.34841,97.34841
0.0,14.058029999999999,21.98,26.614711219999997,86.55,86.4192,13.65305880125366,470.97103544916973,470.97103544916973,15.611418344650975,-6.1,94.95991,94.95991,75.68131,75.68131,97.34841,97.34841
0.0,14.058029999999999,21.98,26.614711219999997,86.55,86.4192,9.972880001280538,471.46162195124924,471.46162195124924,15.238628368613094,-6.1,94.95991,94.95991,75.68131,75.68131,97.34841,97.34841
0.0,14.058029999999999,21.98,26.614711219999997,86.55,86.4192,9.972880001280538,471.46162195124924,471.46162195124924,15.238628368613094,-6.1,94.95991,94.95991,75.68131,75.68131,97.34841,97.34841
0.0,14.058029999999999,21.98,26.614711219999997,86.55,86.4192,9.972880001280538,459.28537266386405,459.28537266386405,15.238628368613094,57.24914804308016,94.95991,94.95991,75.68131,75.68131,97.34841,97.34841
0.0,14.058029999999999,21.98,26.614711219999997,86.55,86.4192,9.972880001280538,471.46162195124924,471.46162195124924,15.238628368613094,-6.1,94.95991,94.95991,75.68131,75.68131,97.34841,97.34841
0.0,14.058029999999999,21.98,26.614711219999997,86.55,86.4192,9.972880001280538,471.46162195124924,471.46162195124924,15.238628368613094,-6.1,94.95991,94.95991,75.68131,75.68131,97.34841,97.34841
0.0,14.058029999999999,21.98,26.614711219999997,86.55,86.4192,9.972880001280538,471.46162195124924,471.46162195124924,15.238628368613094,-6.1,94.95991,94.95991,75.68131,75.68131,97.34841,97.34841
0.0,14.058029999999999,21.98,26.614711219999997,86.55,86.4192,9.972880001280538,471.46162195124924,471.46162195124924,15.238628368613094,-6.1,94.95991,94.95991,75.68131,75.68131,97.34841,97.34841
0.0,14.058029999999999,21.98,26.614711219999997,86.55,86.4192,9.972880001280538,471.46162195124924,471.46162195124924,15.238628368613094,-6.1,94.95991,94.95991,75.68131,75.68131,97.34841,97.34841
0.0,14.058029999999999,21.98,26.614711219999997,86.55,86.4192,9.972880001280554,471.46162195124924,471.46162195124924,15.238628368613094,-6.099999999999999,94.95991,94.95991,75.68131,75.68131,97.34841,97.34841
0.0,14.058029999999999,21.98,26.614711219999997,86.55,86.4192,13.65305880125366,470.97103544916973,470.97103544916973,15.611418344650975,-6.1,94.95991,94.95991,75.68131,75.68131,97.34841,97.34841
0.0,14.058029999999999,21.98,26.614711219999997,86.55,169.9262060605,263.8740650715062,499.891022335186,499.891022335186,20.615838470056023,-6.1,94.95991,94.95991,75.68131,75.68131,97.34841,97.34841
0.0,14.058029999999999,21.98,26.614711219999997,86.55,86.4192,13.65305880125366,470.97103544916973,470.97103544916973,15.611418344650975,-6.1,94.95991,94.95991,75.68131,75.68131,97.34841,97.34841
0.0,14.058029999999999,21.98,26.614711219999997,86.55,86.4192,13.297953481644974,472.15130931779146,472.15130931779146,15.20537763380945,-6.1,94.95991,94.95991,75.68131,75.68131,97.34841,97.34841
0.0,14.058029999999999,21.98,26.614711219999997,86.55,86.4192,9.972880001280538,471.46162195124924,471.46162195124924,15.238628368613094,-6.1,94.95991,94.95991,75.68131,75.68131,97.34841,97.34841
0.0,14.058029999999999,21.98,26.614711219999997,86.55,86.4192,9.972880001280538,471.46162195124924,471.46162195124924,15.238628368613094,-6.1,94.95991,94.95991,75.68131,75.68131,97.34841,97.34841
0.0,14.058029999999999,21.98,26.614711219999997,86.55,86.4192,9.972880001280538,471.46162195124924,471.46162195124924,15.238628368613094,-6.1,94.95991,94.95991,75.68131,75.68131,97.34841,97.34841
0.0,14.058029999999999,21.98,26.614711219999997,86.55,86.4192,9.972880001280538,471.46162195124924,471.46162195124924,15.238628368613094,-6.1,94.95991,94.95991,75.68131,75.68131,97.34841,97.34841
0.0,14.058029999999999,21.98,26.614711219999997,86.55,86.4192,9.972880001280538,471.46162195124924,471.46162195124924,15.238628368613094,-6.1,94.95991,94.95991,75.68131,75.68131,97.34841,97.34841
0.0,14.058029999999999,21.98,26.614711219999997,86.55,86.4192,9.972880001280538,471.46162195124924,471.46162195124924,15.238628368613094,-6.1,94.95991,94.95991,75.68131,75.68131,97.34841,97.34841
0.0,14.058029999999999,21.98,26.614711219999997,86.55,86.4192,9.972880001280538,471.46162195124924,471.46162195124924,15.238628368613094,-6.1,94.95991,94.95991,75.68131,75.68131,97.34841,97.34841
0.0,14.058029999999999,21.98,26.614711219999997,86.55,86.4192,13.297953481644974,459.38716692241417,459.38716692241417,15.20537763380945,57.595829245929465,94.95991,94.95991,75.68131,75.68131,97.34841,97.34841
0.0,14.058029999999999,21.98,26.614711219999997,86.55,169.9262060605,13.297953481644974,459.38716692241417,459.38716692241417,15.20537763380945,57.595829245929465,94.95991,94.95991,75.68131,75.68131,97.34841,97.34841
0.0,14.058029999999999,21.98,26.614711219999997,86.55,86.4192,13.297953481644974,472.15130931779146,472.15130931779146,15.20537763380945,-6.1,94.95991,94.95991,75.68131,75.68131,97.34841,97.34841
0.0,14.058029999999999,21.98,26.614711219999997,86.55,126.81745488235305,13.297953481644974,472.15130931779146,472.15130931779146,15.20537763380945,-6.1,94.95991,94.95991,75.68131,75.68131,97.34841,97.34841
0.0,14.058029999999999,21.98,26.614711219999997,86.55,86.4192,6.647806520916103,470.771934584707,470.771934584707,15.271879103416738,-6.1,94.95991,94.95991,75.68131,75.68131,97.34841,97.34841
0.0,14.058029999999999,21.98,26.614711219999997,86.55,86.4192,9.972880001280538,459.28537266386405,459.28537266386405,15.238628368613094,57.249148043080176,94.95991,94.95991,75.68131,75.68131,97.34841,97.34841
0.0,14.058029999999999,21.98,26.614711219999997,86.55,86.4192,9.972880001280538,459.28537266386405,459.28537266386405,15.238628368613094,57.24914804308016,94.95991,94.95991,75.68131,75.68131,97.34841,97.34841
0.0,14.058029999999999,21.98,26.614711219999997,86.55,86.4192,9.972880001280538,459.28537266386405,459.28537266386405,15.238628368613094,57.24914804308016,94.95991,94.95991,75.68131,75.68131,97.34841,97.34841
0.0,14.058029999999999,21.98,26.614711219999997,86.55,86.4192,9.972880001280538,459.28537266386405,459.28537266386405,15.238628368613094,57.24914804308016,94.95991,94.95991,75.68131,75.68131,97.34841,97.34841
0.0,14.058029999999999,21.98,26.614711219999997,86.55,86.4192,9.972880001280538,459.28537266386405,459.28537266386405,15.238628368613094,6.92493674645659,94.95991,94.95991,75.68131,75.68131,97.34841,97.34841
0.0,14.058029999999999,21.98,26.614711219999997,86.55,86.4192,9.972880001280538,459.28537266386405,459.28537266386405,15.238628368613094,57.24914804308016,94.95991,94.95991,75.68131,75.68131,97.34841,97.34841
0.0,14.058029999999999,21.98,26.614711219999997,86.55,86.4192,0.0,458.98006153876094,458.98006153876094,15.338357168625901,2.8875600991025197,94.95991,94.95991,75.68131,75.68131,97.34841,97.34841
0.0,14.058029999999999,21.98,26.614711219999997,86.55,169.9262060605,0.0,458.98006153876094,458.98006153876094,15.338357168625901,56.566515992934,94.95991,94.95991,75.68131,75.68131,97.34841,97.34841
0.0,14.058029999999999,21.98,26.614711219999997,86.55,86.4192,32.4925891924778,438.18005210888555,438.18005210888555,37.153242388297514,13.69410177854543,94.95991,94.95991,75.68131,75.68131,97.34841,97.34841
0.0,14.058029999999999,21.98,26.614711219999997,86.55,86.4192,149.30611958386783,456.5704029793333,456.5704029793333,39.72286919402288,15.088443651669591,94.95991,94.95991,75.68131,75.68131,97.34841,97.34841
0.0,14.058029999999999,21.98,26.614711219999997,86.55,86.4192,60.24901377937241,390.0556833699283,390.0556833699283,37.94172707793297,9.880148426373983,94.95991,94.95991,75.68131,75.68131,97.34841,97.34841
0.0,14.058029999999999,21.98,26.614711219999997,86.55,86.4192,32.70030543330503,446.56395717519473,446.56395717519473,37.390752911011624,17.453832419581598,94.95991,94.95991,75.68131,75.68131,97.34841,97.34841
0.0,14.058029999999999,21.98,26.614711219999997,86.55,86.4192,32.70030543330503,438.2015573563001,438.2015573563001,37.390752911011624,7.339354940367327,94.95991,94.95991,75.68131,75.68131,97.34841,97.34841
0.0,14.058029999999999,21.98,26.614711219999997,86.55,86.4192,32.70030543330503,456.5704029793333,456.5704029793333,37.390752911011624,-6.1,94.95991,94.95991,75.68131,75.68131,97.34841,97.34841
0.0,14.058029999999999,21.98,26.614711219999997,86.55,86.4192,32.70030543330503,456.5704029793333,456.5704029793333,37.390752911011624,-6.1,94.95991,94.95991,75.68131,75.68131,97.34841,97.34841
0.0,14.058029999999999,21.98,26.614711219999997,86.55,86.4192,32.70030543330503,438.2015573563001,438.2015573563001,37.390752911011624,-6.1,94.95991,94.95991,75.68131,75.68131,97.34841,97.34841
0.0,14.058029999999999,21.98,26.614711219999997,86.55,86.4192,32.70030543330503,391.46855278241054,391.46855278241054,37.390752911011624,13.219982274870802,94.95991,94.95991,75.68131,75.68131,97.34841,97.34841
0.0,14.058029999999999,21.98,26.614711219999997,86.55,86.4192,32.70030543330503,438.2015573563001,438.2015573563001,37.390752911011624,-6.1,94.95991,94.95991,75.68131,75.68131,97.34841,97.34841
0.0,14.058029999999999,21.98,26.614711219999997,86.55,86.4192,32.70030543330503,438.2015573563001,438.2015573563001,37.390752911011624,13.309289874688101,94.95991,94.95991,75.68131,75.68131,97.34841,97.34841
0.0,14.058029999999999,21.98,26.614711219999997,86.55,86.4192,58.51829915126084,462.3709215873753,462.3709215873753,37.907112785370735,4.956895642065264,94.95991,94.95991,75.68131,75.68131,97.34841,97.34841
0.0,14.058029999999999,21.98,26.614711219999997,86.55,86.4192,60.24901377937241,462.38628416452934,462.38628416452934,37.94172707793297,-6.1,94.95991,94.95991,75.68131,75.68131,97.34841,97.34841
0.0,14.058029999999999,21.98,26.614711219999997,86.55,86.4192,147.14490239821302,463.1576099345884,463.1576099345884,39.679644850309785,-6.1,94.95991,94.95991,75.68131,75.68131,97.34841,97.34841
0.0,14.058029999999999,21.98,26.614711219999997,86.55,86.4192,107.20007407709984,416.2736658022931,416.2736658022931,38.88074828388752,-6.1,94.95991,94.95991,75.68131,75.68131,97.34841,97.34841
0.0,14.058029999999999,21.98,26.614711219999997,86.55,86.55000000000003,13.297953481644974,447.2565702225849,447.2565702225849,36.60376726752907,13.814621899502596,94.95991,94.95991,75.68131,75.68131,97.34841,97.34841
0.0,14.058029999999999,21.98,26.614711219999997,86.55,86.4192,0.0,403.88371987928264,403.88371987928264,36.73674680234552,-6.1,94.95991,94.95991,75.68131,75.68131,97.34841,97.34841
0.0,14.058029999999999,21.98,26.614711219999997,86.55,86.4192,0.0,456.5704029793333,456.5704029793333,36.73674680234552,-6.1,94.95991,94.95991,75.68131,75.68131,97.34841,97.34841
0.0,14.058029999999999,21.98,26.614711219999997,86.55,86.4192,0.0,393.47073611195486,393.47073611195486,36.73674680234552,12.696001046689835,94.95991,94.95991,75.68131,75.68131,97.34841,97.34841
0.0,14.058029999999999,21.98,26.614711219999997,98.64590015245903,86.4192,0.0,438.01875490250575,438.01875490250575,36.73674680234552,21.044145116275367,94.95991,94.95991,75.68131,75.68131,97.34841,97.34841
0.0,14.058029999999999,21.98,26.614711219999997,86.55,86.4192,0.0,456.5704029793333,456.5704029793333,36.73674680234552,-6.1,94.95991,94.95991,75.68131,75.68131,97.34841,97.34841
0.0,14.058029999999999,21.98,26.614711219999997,86.55,86.4192,0.0,393.47073611195486,393.47073611195486,36.73674680234552,12.785308646507135,94.95991,94.95991,75.68131,75.68131,97.34841,97.34841
0.0,14.058029999999999,21.98,26.614711219999997,86.55,86.4192,0.0,454.9862504514605,454.9862504514605,36.73674680234552,4.057009687977824,94.95991,94.95991,75.68131,75.68131,97.34841,97.34841
0.0,14.058029999999999,21.98,26.614711219999997,86.55,123.204178958189,0.0,403.88371987928264,403.88371987928264,36.73674680234552,-6.1,94.95991,94.95991,75.68131,75.68131,97.34841,97.34841
0.0,14.058029999999999,21.98,26.614711219999997,86.55,86.4192,0.0,456.5704029793333,456.5704029793333,36.73674680234552,-6.1,94.95991,94.95991,75.68131,75.68131,97.34841,97.34841
0.0,14.058029999999999,21.98,26.614711219999997,86.55,86.4192,32.70030543330503,438.2015573563001,438.2015573563001,37.390752911011624,-6.1,94.95991,94.95991,75.68131,75.68131,97.34841,97.34841
0.0,14.058029999999999,21.98,26.614711219999997,86.55,86.4192,32.70030543330503,438.2015573563001,438.2015573563001,37.390752911011624,13.219982274870802,94.95991,94.95991,75.68131,75.68131,97.34841,97.34841
0.0,14.058029999999999,21.98,26.614711219999997,86.55,86.4192,32.70030543330503,450.79291230353573,450.79291230353573,37.390752911011624,13.219982274870802,94.95991,94.95991,75.68131,75.68131,97.34841,97.34841
0.0,14.058029999999999,21.98,26.614711219999997,86.55,86.4192,31.083066322892243,448.5786587249334,448.5786587249334,36.4259161391166,15.19125871649732,94.95991,94.95991,75.68131,75.68131,97.34841,97.34841
0.0,14.058029999999999,21.98,26.614711219999997,86.55,86.4192,13.297953481644974,393.87784149560804,393.87784149560804,36.60376726752907,21.05216566907142,94.95991,94.95991,75.68131,75.68131,97.34841,97.34841
0.0,14.058029999999999,21.98,26.614711219999997,86.55,86.4192,13.297953481644974,393.87784149560804,393.87784149560804,36.60376726752907,24.8628567807492,94.95991,94.95991,75.68131,75.68131,97.34841,97.34841
0.0,14.058029999999999,21.98,26.614711219999997,86.55,86.4192,13.297953481644974,405.11602960235047,405.11602960235047,36.60376726752907,56.00394020356393,94.95991,94.95991,75.68131,75.68131,97.34841,97.34841
0.0,14.058029999999999,21.98,26.614711219999997,86.55,86.4192,31.849796211801564,456.5704029793333,456.5704029793333,36.418248840227506,-6.1,94.95991,94.95991,75.68131,75.68131,97.34841,97.34841
0.0,14.058029999999999,21.98,26.614711219999997,151.77576294301682,86.4192,31.849796211801564,438.11350256018045,438.11350256018045,36.418248840227506,15.161298988306386,94.95991,94.95991,75.68131,75.68131,97.34841,97.34841
0.0,14.058029999999999,21.98,26.614711219999997,86.55,86.4192,32.70030543330503,450.7037079577657,450.7037079577657,37.390752911011624,13.309289874688108,94.95991,94.95991,75.68131,75.68131,97.34841,97.34841
0.0,14.058029999999999,21.98,26.614711219999997,86.55,86.4192,32.70030543330503,450.79291230353573,450.79291230353573,37.390752911011624,13.219982274870802,94.95991,94.95991,75.68131,75.68131,97.34841,97.34841
0.0,14.058029999999999,21.98,26.614711219999997,86.55,150.1821532743948,32.70030543330503,450.7037079577657,450.7037079577657,37.390752911011624,13.309289874688101,94.95991,94.95991,75.68131,75.68131,97.34841,97.34841
0.0,14.058029999999999,21.98,26.614711219999997,86.55,86.4192,122.1632837569404,400.1375432780888,400.1375432780888,39.18001247748433,7.631292149598408,94.95991,94.95991,75.68131,75.68131,97.34841,97.34841
0.0,14.058029999999999,21.98,26.614711219999997,86.55,86.4192,122.1632837569404,418.0030802673852,418.0030802673852,39.18001247748433,-6.1,94.95991,94.95991,75.68131,75.68131,97.34841,97.34841
0.0,14.058029999999999,21.98,26.614711219999997,86.55,86.4192,9.972880001280538,447.00939487671593,447.00939487671593,36.63701800233272,13.557248296470606,94.95991,94.95991,75.68131,75.68131,97.34841,97.34841
0.0,14.058029999999999,21.98,26.614711219999997,154.938664833576,154.938664833576,9.972880001280538,436.6221722354114,436.6221722354114,36.63701800233272,23.956494149968844,94.95991,94.95991,75.68131,75.68131,97.34841,97.34841
0.0,14.058029999999999,21.98,26.614711219999997,86.55,86.4192,13.297953481644974,393.87784149560804,393.87784149560804,36.60376726752907,13.7253142996853,94.95991,94.95991,75.68131,75.68131,97.34841,97.34841
0.0,14.058029999999999,21.98,26.614711219999997,145.79579700625038,86.4192,13.297953481644974,447.34577456835495,447.34577456835495,36.60376726752907,13.725314299685307,94.95991,94.95991,75.68131,75.68131,97.34841,97.34841
0.0,14.058029999999999,21.98,26.614711219999997,86.55,86.4192,9.972880001280538,447.098599222486,447.098599222486,36.63701800233272,13.467940696653299,94.95991,94.95991,75.68131,75.68131,97.34841,97.34841
0.0,14.058029999999999,21.98,26.614711219999997,86.55,125.66703627602324,9.972880001280538,456.5704029793333,456.5704029793333,36.63701800233272,-6.1,94.95991,94.95991,75.68131,75.68131,97.34841,97.34841
0.0,14.058029999999999,21.98,26.614711219999997,86.55,86.4192,9.972880001280538,447.00939487671593,447.00939487671593,36.63701800233272,13.557248296470606,94.95991,94.95991,75.68131,75.68131,97.34841,97.34841
0.0,14.058029999999999,21.98,26.614711219999997,86.55,86.4192,9.972880001280538,393.7760472370579,393.7760472370579,36.63701800233272,13.467940696653306,94.95991,94.95991,75.68131,75.68131,97.34841,97.34841
0.0,14.058029999999999,21.98,26.614711219999997,86.55,86.4192,9.972880001280538,461.8072258520845,461.8072258520845,36.63701800233272,-6.1,94.95991,94.95991,75.68131,75.68131,97.34841,97.34841
0.0,14.058029999999999,21.98,26.614711219999997,151.60001082990678,86.4192,32.70030543330503,438.2015573563001,438.2015573563001,37.390752911011624,-6.1,94.95991,94.95991,75.68131,75.68131,97.34841,97.34841
0.0,14.058029999999999,21.98,26.614711219999997,86.55,86.4192,32.70030543330503,456.5704029793333,456.5704029793333,37.390752911011624,-6.1,94.95991,94.95991,75.68131,75.68131,97.34841,97.34841
0.0,14.058029999999999,21.98,26.614711219999997,86.55,86.4192,32.70030543330503,438.2015573563001,438.2015573563001,37.390752911011624,-6.1,94.95991,94.95991,75.68131,75.68131,97.34841,97.34841
0.0,14.058029999999999,21.98,26.614711219999997,86.55,86.4192,32.70030543330503,438.2015573563001,438.2015573563001,37.390752911011624,13.309289874688101,94.95991,94.95991,75.68131,75.68131,97.34841,97.34841
0.0,14.058029999999999,21.98,26.614711219999997,86.55,86.4192,32.70030543330503,391.46855278241054,391.46855278241054,37.390752911011624,13.309289874688101,94.95991,94.95991,75.68131,75.68131,97.34841,97.34841
0.0,14.058029999999999,21.98,26.614711219999997,86.55,86.4192,32.70030543330503,438.2015573563001,438.2015573563001,37.390752911011624,17.453832419581598,94.95991,94.95991,75.68131,75.68131,97.34841,97.34841
0.0,14.058029999999999,21.98,26.614711219999997,86.55,151.60001082990678,32.70030543330503,438.2015573563001,438.2015573563001,37.390752911011624,17.453832419581598,94.95991,94.95991,75.68131,75.68131,97.34841,97.34841
0.0,14.058029999999999,21.98,26.614711219999997,86.55,151.60001082990678,32.70030543330503,446.56395717519473,446.56395717519473,37.390752911011624,17.453832419581598,94.95991,94.95991,75.68131,75.68131,97.34841,97.34841
0.0,14.05803,21.98,26.614711220000004,169.9262060605,86.4192,57.813213210684765,456.5704029793333,456.5704029793333,52.0406394001141,-6.1,94.95991,94.95991,75.68131,75.68131,97.34841,97.34841
0.0,14.05803,21.98,26.614711220000004,86.55,86.4192,57.813213210684765,456.5704029793333,456.5704029793333,52.0406394001141,-6.1,94.95991,94.95991,75.68131,75.68131,97.34841,97.34841
0.0,14.05803,21.98,26.614711220000004,86.55,86.4192,57.813213210684765,456.5704029793333,456.5704029793333,52.0406394001141,-6.1,94.95991,94.95991,75.68131,75.68131,97.34841,97.34841
0.0,14.05803,21.98,26.614711220000004,86.55,86.4192,57.813213210684765,456.5704029793333,456.5704029793333,52.0406394001141,-6.1,94.95991,94.95991,75.68131,75.68131,97.34841,97.34841
0.0,14.05803,21.98,26.614711220000004,86.55,86.4192,57.813213210684765,456.5704029793333,456.5704029793333,52.0406394001141,-6.1,94.95991,94.95991,75.68131,75.68131,97.34841,97.34841
0.0,14.05803,21.98,26.614711220000004,86.55,86.4192,57.813213210684765,456.5704029793333,456.5704029793333,52.0406394001141,-6.1,94.95991,94.95991,75.68131,75.68131,97.34841,97.34841
0.0,14.05803,21.98,26.614711220000004,86.55,86.4192,6.594645633083849,393.2473049410593,393.2473049410593,36.809729804688985,4.255999280936311,94.95991,94.95991,75.68131,75.68131,97.34841,97.34841
0.0,14.05803,21.98,26.614711220000004,86.55,86.4192,9.97288000128054,456.5704029793333,456.5704029793333,36.775947461007014,-6.1,94.95991,94.95991,75.68131,75.68131,97.34841,97.34841
0.0,14.05803,21.98,26.614711220000004,86.55,86.4192,9.97288000128054,393.3507266743684,393.3507266743684,36.775947461007014,13.183690360956962,94.95991,94.95991,75.68131,75.68131,97.34841,97.34841
0.0,14.05803,21.98,26.614711220000004,86.55,86.4192,9.97288000128054,393.3507266743684,393.3507266743684,36.775947461007014,13.272997960774259,94.95991,94.95991,75.68131,75.68131,97.34841,97.34841
0.0,14.05803,21.98,26.614711220000004,86.55,86.4192,0.0,446.55196451621055,446.55196451621055,36.87567626101982,12.50105831081078,94.95991,94.95991,75.68131,75.68131,97.34841,97.34841
0.0,14.05803,21.98,26.614711220000004,86.55,86.4192,0.0,393.04541554926533,393.04541554926533,36.87567626101982,20.53289576866709,94.95991,94.95991,75.68131,75.68131,97.34841,97.34841
0.0,14.05803,21.98,26.614711220000004,86.55,86.4192,0.0,403.4583993165931,403.4583993165931,36.87567626101982,-6.1,94.95991,94.95991,75.68131,75.68131,97.34841,97.34841
0.0,14.05803,21.98,26.614711220000004,86.55,86.4192,0.0,446.55196451621055,446.55196451621055,36.87567626101982,12.50105831081078,94.95991,94.95991,75.68131,75.68131,97.34841,97.34841
0.0,14.05803,21.98,26.614711220000004,86.55,86.4192,0.0,438.5294131630797,438.5294131630797,36.87567626101982,20.53289576866709,94.95991,94.95991,75.68131,75.68131,97.34841,97.34841
0.0,14.05803,21.98,26.614711220000004,86.55,86.4192,0.0,446.55196451621055,446.55196451621055,36.87567626101982,12.50105831081078,94.95991,94.95991,75.68131,75.68131,97.34841,97.34841
0.0,14.05803,21.98,26.614711220000004,86.55,86.4192,0.0,393.04541554926533,393.04541554926533,36.87567626101982,12.50105831081078,94.95991,94.95991,75.68131,75.68131,97.34841,97.34841
0.0,14.05803,21.98,26.614711220000004,86.55,86.4192,43.62821199249501,456.5704029793333,456.5704029793333,37.78451707344116,13.12592344380476,94.95991,94.95991,75.68131,75.68131,97.34841,97.34841
0.0,14.05803,21.98,26.614711220000004,86.55,86.4192,217.13242449090865,463.8566099297159,463.8566099297159,41.25460132340943,-6.1,94.95991,94.95991,75.68131,75.68131,97.34841,97.34841
0.0,14.05803,21.98,26.614711220000004,86.55,86.4192,32.85626074329256,438.2177036986061,438.2177036986061,37.569078048457115,16.791965142355163,94.95991,94.95991,75.68131,75.68131,97.34841,97.34841
0.0,14.05803,21.98,26.614711220000004,86.55,86.4192,32.71923935304359,438.2035176201047,438.2035176201047,37.41240266336715,13.17676494822698,94.95991,94.95991,75.68131,75.68131,97.34841,97.34841
0.0,14.05803,21.98,26.614711220000004,86.55,86.4192,32.67506020698697,450.7315273541162,450.7315273541162,37.36188657453759,13.277605377062562,94.95991,94.95991,75.68131,75.68131,97.34841,97.34841
0.0,14.05803,21.98,26.614711220000004,86.55,86.4192,32.67506020698697,438.08253733484173,438.08253733484173,37.36188657453759,25.941236604703363,94.95991,94.95991,75.68131,75.68131,97.34841,97.34841
0.0,14.05803,21.98,26.614711220000004,86.55,86.4192,32.67506020698697,391.5569245833885,391.5569245833885,37.36188657453759,25.941236604703363,94.95991,94.95991,75.68131,75.68131,97.34841,97.34841
0.0,14.05803,21.98,26.614711220000004,86.55,86.4192,32.71923935304359,438.2035176201047,438.2035176201047,37.41240266336715,25.728250953119588,94.95991,94.95991,75.68131,75.68131,97.34841,97.34841
0.0,14.05803,21.98,26.614711220000004,86.55,86.4192,32.71923935304359,438.2035176201047,438.2035176201047,37.41240266336715,25.728250953119588,94.95991,94.95991,75.68131,75.68131,97.34841,97.34841
0.0,14.05803,21.98,26.614711220000004,86.55,86.4192,32.71923935304359,438.2035176201047,438.2035176201047,37.41240266336715,17.373477721138915,94.95991,94.95991,75.68131,75.68131,97.34841,97.34841
0.0,14.05803,21.98,26.614711220000004,86.55,86.4192,32.85626074329255,447.2487100365739,447.2487100365739,37.56907804845711,16.791965142355192,94.95991,94.95991,75.68131,75.68131,97.34841,97.34841
0.0,14.05803,21.98,26.614711220000004,86.55,86.4192,43.62821199249501,456.5704029793333,456.5704029793333,37.78451707344116,15.609264466452988,94.95991,94.95991,75.68131,75.68131,97.34841,97.34841
0.0,14.05803,21.98,26.614711220000004,86.55,86.4192,43.62821199249501,450.06362265210663,450.06362265210663,37.78451707344116,15.609264466452988,94.95991,94.95991,75.68131,75.68131,97.34841,97.34841
0.0,14.05803,21.98,26.614711220000004,86.55,86.4192,32.719239353043584,438.2035176201047,438.2035176201047,37.412402663367146,13.266072548044285,94.95991,94.95991,75.68131,75.68131,97.34841,97.34841
0.0,14.05803,21.98,26.614711220000004,86.55,86.4192,19.94576000256108,431.06652118843357,431.06652118843357,36.71249523356565,31.032725685991018,94.95991,94.95991,75.68131,75.68131,97.34841,97.34841
0.0,14.05803,21.98,26.614711220000004,86.55,86.4192,0.0,461.92924791999087,461.92924791999087,36.91195283359126,-6.1,94.95991,94.95991,75.68131,75.68131,97.34841,97.34841
0.0,14.05803,21.98,26.614711220000004,86.55,86.4192,0.0,456.5704029793333,456.5704029793333,36.91195283359126,-6.1,94.95991,94.95991,75.68131,75.68131,97.34841,97.34841
0.0,14.05803,21.98,26.614711220000004,86.55,86.4192,0.0,456.5704029793333,456.5704029793333,36.91195283359126,-0.9685147743806929,94.95991,94.95991,75.68131,75.68131,97.34841,97.34841
0.0,14.05803,21.98,26.614711220000004,86.55,86.4192,0.0,392.9343579492015,392.9343579492015,36.91195283359126,12.337528670328084,94.95991,94.95991,75.68131,75.68131,97.34841,97.34841
0.0,14.05803,21.98,26.614711220000004,86.55,86.4192,0.0,403.34734171652923,403.34734171652923,36.91195283359126,-6.1,94.95991,94.95991,75.68131,75.68131,97.34841,97.34841
0.0,14.05803,21.98,26.614711220000004,86.55,86.4192,9.97288000128054,456.5704029793333,456.5704029793333,36.81222403357845,-6.1,94.95991,94.95991,75.68131,75.68131,97.34841,97.34841
0.0,14.05803,21.98,26.614711220000004,86.55,86.4192,9.97288000128054,456.5704029793333,456.5704029793333,36.81222403357845,-6.1,94.95991,94.95991,75.68131,75.68131,97.34841,97.34841
0.0,14.05803,21.98,26.614711220000004,86.55,86.4192,6.594645633083849,393.13624734099545,393.13624734099545,36.84600637726042,6.760251676059223,94.95991,94.95991,75.68131,75.68131,97.34841,97.34841
0.0,14.05803,21.98,26.614711220000004,86.55,86.4192,32.71923935304359,391.40227393167726,391.40227393167726,37.41240266336715,13.266072548044276,94.95991,94.95991,75.68131,75.68131,97.34841,97.34841
0.0,14.05803,21.98,26.614711220000004,86.55,86.4192,60.24901377937242,402.71593946059215,402.71593946059215,38.90635692226744,-2.1201615218192122,94.95991,94.95991,75.68131,75.68131,97.34841,97.34841
0.0,14.05803,21.98,26.614711220000004,86.55,86.4192,186.32116387499272,456.5704029793333,456.5704029793333,41.42779992417985,-6.1,94.95991,94.95991,75.68131,75.68131,97.34841,97.34841
0.0,14.05803,21.98,26.614711220000004,86.55,86.4192,43.62821199249501,452.9652807676303,452.9652807676303,38.57394088652989,12.704247681105638,94.95991,94.95991,75.68131,75.68131,97.34841,97.34841
0.0,14.05803,21.98,26.614711220000004,86.55,86.4192,33.558946801565895,450.3339931801388,450.3339931801388,38.372555582711314,13.809797313817894,94.95991,94.95991,75.68131,75.68131,97.34841,97.34841
0.0,14.05803,21.98,26.614711220000004,86.55,86.4192,32.71923935304359,438.30197656103655,438.30197656103655,37.41240266336715,25.728250953119584,94.95991,94.95991,75.68131,75.68131,97.34841,97.34841
0.0,14.05803,21.98,26.614711220000004,86.55,86.4192,32.71923935304359,446.6470903222427,446.6470903222427,37.41240266336715,17.373477721138915,94.95991,94.95991,75.68131,75.68131,97.34841,97.34841
0.0,14.05803,21.98,26.614711220000004,86.55,86.4192,33.558946801565895,438.2904540886466,438.2904540886466,38.372555582711314,13.809797313817894,94.95991,94.95991,75.68131,75.68131,97.34841,97.34841
0.0,14.05803,21.98,26.614711220000004,88.29798536975295,86.4192,43.62821199249501,456.5704029793333,456.5704029793333,38.57394088652989,12.704247681105638,94.95991,94.95991,75.68131,75.68131,97.34841,97.34841
0.0,14.05803,21.98,26.614711220000004,86.55,86.4192,43.62821199249501,456.5704029793333,456.5704029793333,38.57394088652989,11.421450953701413,94.95991,94.95991,75.68131,75.68131,97.34841,97.34841
0.0,14.05803,21.98,26.614711220000004,86.55,86.4192,60.24901377937242,456.5704029793333,456.5704029793333,38.90635692226744,-1.8977931196162903,94.95991,94.95991,75.68131,75.68131,97.34841,97.34841
0.0,14.05803,21.98,26.614711220000004,86.55,86.4192,60.24901377937242,456.5704029793333,456.5704029793333,38.90635692226744,-1.8977931196162903,94.95991,94.95991,75.68131,75.68131,97.34841,97.34841
0.0,14.05803,21.98,26.614711220000004,113.20543339312813,169.9262060605,86.93908075717894,456.5704029793333,456.5704029793333,39.440158261823576,30.40455258547589,94.95991,94.95991,75.68131,75.68131,97.34841,97.34841
0.0,14.05803,21.98,26.614711220000004,86.55,86.4192,86.93908075717894,463.0513205691081,463.0513205691081,39.440158261823576,-3.783406699687788,94.95991,94.95991,75.68131,75.68131,97.34841,97.34841
0.0,14.05803,21.98,26.614711220000004,86.55,86.4192,33.558946801565895,456.5704029793333,456.5704029793333,38.372555582711314,32.68243600777233,94.95991,94.95991,75.68131,75.68131,97.34841,97.34841
0.0,14.05803,21.98,26.614711220000004,86.55,86.4192,33.5589468015659,452.79153463422983,452.79153463422983,38.37255558271132,11.34941125502375,94.95991,94.95991,75.68131,75.68131,97.34841,97.34841
0.0,14.05803,21.98,26.614711220000004,86.55,86.4192,32.71923935304359,438.2035176201047,438.2035176201047,37.41240266336715,25.728250953119588,94.95991,94.95991,75.68131,75.68131,97.34841,97.34841
0.0,14.05803,21.98,26.614711220000004,86.55,86.4192,32.686104993501125,450.66917892371725,450.66917892371725,37.374515596744985,13.341702869670957,94.95991,94.95991,75.68131,75.68131,97.34841,97.34841
0.0,14.05803,21.98,26.614711220000004,86.55,86.4192,32.686104993501125,450.7583832694873,450.7583832694873,37.374515596744985,13.252395269853661,94.95991,94.95991,75.68131,75.68131,97.34841,97.34841
0.0,14.05803,21.98,26.614711220000004,86.55,86.4192,32.686104993501125,438.13739714139047,438.13739714139047,37.374515596744985,25.88799019180741,94.95991,94.95991,75.68131,75.68131,97.34841,97.34841
0.0,14.05803,21.98,26.614711220000004,86.55,86.4192,32.686104993501125,446.5016073149088,446.5016073149088,37.374515596744985,17.514098443413566,94.95991,94.95991,75.68131,75.68131,97.34841,97.34841
0.0,14.05803,21.98,26.614711220000004,86.55,86.4192,9.97288000128054,456.5704029793333,456.5704029793333,37.07454027456083,-6.1,94.95991,94.95991,75.68131,75.68131,97.34841,97.34841
0.0,14.05803,21.98,26.614711220000004,86.55,86.4192,9.97288000128054,447.9206600273421,447.9206600273421,37.03927138456083,12.64492835625837,94.95991,94.95991,75.68131,75.68131,97.34841,97.34841
0.0,14.05803,21.98,26.614711220000004,86.55,86.4192,9.97288000128054,456.5704029793333,456.5704029793333,37.03927138456083,-6.1,94.95991,94.95991,75.68131,75.68131,97.34841,97.34841
0.0,14.05803,21.98,26.614711220000004,86.55,86.4192,32.686104993501125,450.7583832694873,450.7583832694873,37.374515596744985,13.252395269853661,94.95991,94.95991,75.68131,75.68131,97.34841,97.34841
0.0,14.05803,21.98,26.614711220000004,86.55,86.4192,43.62821199249501,456.5704029793333,456.5704029793333,38.5739408865299,11.510758553518707,94.95991,94.95991,75.68131,75.68131,97.34841,97.34841
0.0,14.05803,21.98,26.614711220000004,169.9262060605,86.4192,215.68970468999728,464.1941672069528,464.1941672069528,42.01517074047994,-6.1,94.95991,94.95991,75.68131,75.68131,97.34841,97.34841
0.0,14.05803,21.98,26.614711220000004,86.55,86.4192,33.558946801565895,438.2904540886466,438.2904540886466,38.372555582711314,11.349411255023766,94.95991,94.95991,75.68131,75.68131,97.34841,97.34841
0.0,14.05803,21.98,26.614711220000004,86.55,86.4192,32.71923935304359,415.5560933342694,415.5560933342694,37.41240266336715,48.5004625440717,94.95991,94.95991,75.68131,75.68131,97.34841,97.34841
0.0,14.05803,21.98,26.614711220000004,86.55,86.4192,32.7192393530436,438.2035176201048,438.2035176201048,37.41240266336716,13.266072548044264,94.95991,94.95991,75.68131,75.68131,97.34841,97.34841
0.0,14.05803,21.98,26.614711220000004,86.55,86.4192,32.7192393530436,450.8389510156004,450.8389510156004,37.41240266336716,13.176764948226968,94.95991,94.95991,75.68131,75.68131,97.34841,97.34841
0.0,14.05803,21.98,26.614711220000004,86.55,86.4192,32.71923935304359,438.3019765610366,438.3019765610366,37.41240266336715,25.72825095311956,94.95991,94.95991,75.68131,75.68131,97.34841,97.34841
0.0,14.05803,21.98,26.614711220000004,86.55,86.4192,32.71923935304359,456.5704029793333,456.5704029793333,37.41240266336715,-6.1,94.95991,94.95991,75.68131,75.68131,97.34841,97.34841
0.0,14.05803,21.98,26.614711220000004,86.55,86.4192,32.71923935304359,438.20351762010466,438.20351762010466,37.41240266336715,12.62250056065854,94.95991,94.95991,75.68131,75.68131,97.34841,97.34841
0.0,14.05803,21.98,26.614711220000004,86.55,86.4192,32.71923935304359,462.1513584573611,462.1513584573611,37.41240266336715,-6.1,94.95991,94.95991,75.68131,75.68131,97.34841,97.34841
0.0,14.05803,21.98,26.614711220000004,86.55,86.4192,32.71923935304359,438.2035176201047,438.2035176201047,37.41240266336715,25.728250953119588,94.95991,94.95991,75.68131,75.68131,97.34841,97.34841
0.0,14.05803,21.98,26.614711220000004,86.55,86.4192,33.5589468015659,438.2904540886466,438.2904540886466,38.37255558271132,21.680059577169086,94.95991,94.95991,75.68131,75.68131,97.34841,97.34841
0.0,14.05803,21.98,26.614711220000004,86.55,86.4192,33.10380107050967,451.7740308314015,451.7740308314015,37.85212492180708,12.29898952782097,94.95991,94.95991,75.68131,75.68131,97.34841,97.34841
0.0,14.05803,21.98,26.614711220000004,86.55,86.4192,32.686104993501125,438.2000871584468,438.2000871584468,37.374515596744985,13.252395269853661,94.95991,94.95991,75.68131,75.68131,97.34841,97.34841
0.0,14.05803,21.98,26.614711220000004,86.55,86.4192,32.686104993501125,438.2000871584468,438.2000871584468,37.374515596744985,13.341702869670957,94.95991,94.95991,75.68131,75.68131,97.34841,97.34841
0.0,14.05803,21.98,26.614711220000004,86.55,86.4192,32.71923935304358,438.2035176201047,438.2035176201047,37.412402663367146,17.37347772113897,94.95991,94.95991,75.68131,75.68131,97.34841,97.34841
0.0,14.05803,21.98,26.614711220000004,86.55,86.4192,32.686104993501125,438.2000871584468,438.2000871584468,37.374515596744985,25.88799019180741,94.95991,94.95991,75.68131,75.68131,97.34841,97.34841
0.0,14.05803,21.98,26.614711220000004,86.55,86.4192,32.686104993501125,436.8931843027454,436.8931843027454,37.374515596744985,27.133643207051133,94.95991,94.95991,75.68131,75.68131,97.34841,97.34841
0.0,14.05803,21.98,26.614711220000004,86.55,86.4192,32.71923935304359,438.30197656103655,438.30197656103655,37.412402663367146,25.72825095311959,94.95991,94.95991,75.68131,75.68131,97.34841,97.34841
0.0,14.05803,21.98,26.614711220000004,86.55,86.4192,32.71923935304359,446.6470903222427,446.6470903222427,37.41240266336715,17.373477721138915,94.95991,94.95991,75.68131,75.68131,97.34841,97.34841
0.0,14.05803,21.98,26.614711220000004,86.55,145.3030819462044,32.71923935304359,438.20351762010466,438.20351762010466,37.41240266336715,8.294593895062704,94.95991,94.95991,75.68131,75.68131,97.34841,97.34841
0.0,14.05803,21.98,26.614711220000004,86.55,86.4192,32.71923935304359,450.7497466698304,450.7497466698304,37.41240266336715,13.266072548044269,94.95991,94.95991,75.68131,75.68131,97.34841,97.34841
0.0,14.05803,21.98,26.614711220000004,86.55,86.4192,33.5589468015659,438.2904540886466,438.2904540886466,38.37255558271132,11.34941125502375,94.95991,94.95991,75.68131,75.68131,97.34841,97.34841
0.0,14.05803,21.98,26.614711220000004,88.29798536975295,86.4192,43.62821199249501,456.5704029793333,456.5704029793333,38.5739408865299,12.704247681105615,94.95991,94.95991,75.68131,75.68131,97.34841,97.34841
0.0,14.05803,21.98,26.614711220000004,86.55,86.4192,61.27170487971334,456.5704029793333,456.5704029793333,38.92681074427426,-4.95331678387305,94.95991,94.95991,75.68131,75.68131,97.34841,97.34841
0.0,14.05803,21.98,26.614711220000004,86.55,86.4192,173.3257817150794,456.5704029793333,456.5704029793333,41.16789228098158,-6.1,94.95991,94.95991,75.68131,75.68131,97.34841,97.34841
0.0,14.05803,21.98,26.614711220000004,86.55,86.4192,57.813213210684765,407.6125112417409,407.6125112417409,38.85764091089369,-6.1,94.95991,94.95991,75.68131,75.68131,97.34841,97.34841
0.0,14.05803,21.98,26.614711220000004,86.55,86.4192,57.813213210684765,456.5704029793333,456.5704029793333,38.85764091089369,5.227120592746427,94.95991,94.95991,75.68131,75.68131,97.34841,97.34841
0.0,14.05803,21.98,26.614711220000004,86.55,86.4192,47.086703661523586,462.69757350534513,462.69757350534513,38.64311071991047,11.566176528622547,94.95991,94.95991,75.68131,75.68131,97.34841,97.34841
0.0,14.05803,21.98,26.614711220000004,86.55,86.4192,47.086703661523586,456.5704029793333,456.5704029793333,38.64311071991047,36.22647114203488,94.95991,94.95991,75.68131,75.68131,97.34841,97.34841
0.0,14.05803,21.98,26.614711220000004,86.55,86.4192,57.813213210684765,386.97780160936327,386.97780160936327,38.85764091089369,11.738055340553762,94.95991,94.95991,75.68131,75.68131,97.34841,97.34841
0.0,14.05803,21.98,26.614711220000004,86.55,86.4192,43.62821199249501,456.5704029793333,456.5704029793333,38.5739408865299,11.510758553518707,94.95991,94.95991,75.68131,75.68131,97.34841,97.34841
0.0,14.05803,21.98,26.614711220000004,86.55,86.4192,43.62821199249501,456.5704029793333,456.5704029793333,38.5739408865299,23.090817056221105,94.95991,94.95991,75.68131,75.68131,97.34841,97.34841
0.0,14.05803,21.98,26.614711220000004,86.55,86.4192,43.62821199249501,452.96528076763036,452.96528076763036,38.5739408865299,12.704247681105615,94.95991,94.95991,75.68131,75.68131,97.34841,97.34841
0.0,14.05803,21.98,26.614711220000004,86.55,86.4192,43.62821199249501,454.1573900285198,454.1573900285198,38.5739408865299,11.510758553518707,94.95991,94.95991,75.68131,75.68131,97.34841,97.34841
0.0,14.05803,21.98,26.614711220000004,86.55,169.9262060605,43.62821199249501,456.5704029793333,456.5704029793333,38.5739408865299,34.67087555892346,94.95991,94.95991,75.68131,75.68131,97.34841,97.34841
0.0,14.05803,21.98,26.614711220000004,86.55,86.4192,32.58670191487374,450.4274756853777,450.4274756853777,37.260854396878486,13.568593834550992,94.95991,94.95991,75.68131,75.68131,97.34841,97.34841
0.0,14.05803,21.98,26.614711220000004,86.55,86.4192,0.0,456.5704029793333,456.5704029793333,36.87567626101983,-6.1,94.95991,94.95991,75.68131,75.68131,97.34841,97.34841
0.0,14.05803,21.98,26.614711220000004,86.55,86.4192,0.0,393.04541554926533,393.04541554926533,36.87567626101983,12.411750710993472,94.95991,94.95991,75.68131,75.68131,97.34841,97.34841
0.0,14.05803,21.98,26.614711220000004,86.55,86.4192,0.0,456.5704029793333,456.5704029793333,36.87567626101983,-6.1,94.95991,94.95991,75.68131,75.68131,97.34841,97.34841
0.0,14.05803,21.98,26.614711220000004,86.55,123.20417895818899,0.0,461.9131475867539,461.9131475867539,36.87567626101983,-6.1,94.95991,94.95991,75.68131,75.68131,97.34841,97.34841
0.0,14.05803,21.98,26.614711220000004,86.55,86.4192,0.0,446.6411688619806,446.6411688619806,36.87567626101983,12.411750710993472,94.95991,94.95991,75.68131,75.68131,97.34841,97.34841
0.0,14.05803,21.98,26.614711220000004,86.55,86.4192,0.0,393.04541554926533,393.04541554926533,36.87567626101983,12.501058310810768,94.95991,94.95991,75.68131,75.68131,97.34841,97.34841
0.0,14.05803,21.98,26.614711220000004,86.55,86.4192,0.0,446.55196451621055,446.55196451621055,36.87567626101983,12.501058310810768,94.95991,94.95991,75.68131,75.68131,97.34841,97.34841
0.0,14.05803,21.98,26.614711220000004,86.55,86.4192,0.0,393.04541554926533,393.04541554926533,36.87567626101983,12.501058310810768,94.95991,94.95991,75.68131,75.68131,97.34841,97.34841
0.0,14.05803,21.98,26.614711220000004,86.55,86.4192,0.0,393.04541554926533,393.04541554926533,36.87567626101983,3.0586532330747502,94.95991,94.95991,75.68131,75.68131,97.34841,97.34841
0.0,14.05803,21.98,26.614711220000004,86.55,86.4192,0.0,403.4583993165931,403.4583993165931,36.87567626101983,-6.1,94.95991,94.95991,75.68131,75.68131,97.34841,97.34841
0.0,14.05803,21.98,26.614711220000004,86.55,86.4192,0.0,456.5704029793333,456.5704029793333,36.87567626101983,12.501058310810768,94.95991,94.95991,75.68131,75.68131,97.34841,97.34841
0.0,14.05803,21.98,26.614711220000004,86.55,86.4192,32.71923935304359,438.2035176201047,438.2035176201047,37.41240266336715,25.728250953119588,94.95991,94.95991,75.68131,75.68131,97.34841,97.34841
0.0,14.05803,21.98,26.614711220000004,86.55,86.4192,162.70864680976698,456.5704029793333,456.5704029793333,40.39317312076898,-6.1,94.95991,94.95991,75.68131,75.68131,97.34841,97.34841
0.0,14.05803,21.98,26.614711220000004,86.55,86.4192,57.813213210684765,462.5431917519615,462.5431917519615,38.295264448787336,5.227120592746427,94.95991,94.95991,75.68131,75.68131,97.34841,97.34841
0.0,14.05803,21.98,26.614711220000004,86.55,86.4192,57.813213210684765,462.54319175196144,462.54319175196144,38.295264448787336,5.227120592746427,94.95991,94.95991,75.68131,75.68131,97.34841,97.34841
0.0,14.05803,21.98,26.614711220000004,86.55,86.4192,57.813213210684765,456.5704029793333,456.5704029793333,38.295264448787336,-6.1,94.95991,94.95991,75.68131,75.68131,97.34841,97.34841
0.0,14.05803,21.98,26.614711220000004,86.55,86.4192,57.813213210684765,473.8989601499168,473.8989601499168,38.295264448787336,-6.1,94.95991,94.95991,75.68131,75.68131,97.34841,97.34841
0.0,14.05803,21.98,26.614711220000004,86.55,86.4192,57.813213210684765,462.54319175196144,462.54319175196144,38.295264448787336,-6.1,94.95991,94.95991,75.68131,75.68131,97.34841,97.34841
0.0,14.05803,21.98,26.614711220000004,86.55,86.4192,57.813213210684765,462.54319175196144,462.54319175196144,38.295264448787336,-6.1,94.95991,94.95991,75.68131,75.68131,97.34841,97.34841
0.0,14.05803,21.98,26.614711220000004,86.55,86.4192,57.813213210684765,462.5431917519615,462.5431917519615,38.295264448787336,-6.1,94.95991,94.95991,75.68131,75.68131,97.34841,97.34841
0.0,14.05803,21.98,26.614711220000004,86.55,86.4192,57.813213210684765,462.54319175196144,462.54319175196144,38.295264448787336,-6.1,94.95991,94.95991,75.68131,75.68131,97.34841,97.34841
0.0,14.05803,21.98,26.614711220000004,86.55,86.4192,57.813213210684765,462.54319175196144,462.54319175196144,38.295264448787336,5.227120592746427,94.95991,94.95991,75.68131,75.68131,97.34841,97.34841
0.0,14.05803,21.98,26.614711220000004,86.55,86.4192,71.9982144288745,456.5704029793333,456.5704029793333,38.578964473151125,11.298245023898204,94.95991,94.95991,75.68131,75.68131,97.34841,97.34841
0.0,14.05803,21.98,26.614711220000004,86.55,86.4192,43.62821199249501,450.89817283625734,450.89817283625734,38.01156442442353,14.773748290304516,94.95991,94.95991,75.68131,75.68131,97.34841,97.34841
0.0,14.05803,21.98,26.614711220000004,86.55,86.4192,0.0,392.23927205454333,392.23927205454333,37.13900018457363,11.962296306112194,94.95991,94.95991,75.68131,75.68131,97.34841,97.34841
0.0,14.05803,21.98,26.614711220000004,86.55,86.4192,0.0,392.23927205454333,392.23927205454333,37.13900018457363,11.962296306112194,94.95991,94.95991,75.68131,75.68131,97.34841,97.34841
0.0,14.05803,21.98,26.614711220000004,86.55,86.4192,0.0,392.6135248823505,392.6135248823505,37.016751821019824,12.123109441739249,94.95991,94.95991,75.68131,75.68131,97.34841,97.34841
0.0,14.05803,21.98,26.614711220000004,86.55,86.4192,9.97288000128054,456.5704029793333,456.5704029793333,37.03927138456083,-6.1,94.95991,94.95991,75.68131,75.68131,97.34841,97.34841
0.0,14.05803,21.98,26.614711220000004,86.55,86.4192,9.97288000128054,447.9206600273421,447.9206600273421,37.03927138456083,12.644928356258374,94.95991,94.95991,75.68131,75.68131,97.34841,97.34841
0.0,14.05803,21.98,26.614711220000004,86.55,86.4192,9.97288000128054,447.9206600273421,447.9206600273421,37.03927138456083,12.644928356258374,94.95991,94.95991,75.68131,75.68131,97.34841,97.34841
0.0,14.05803,21.98,26.614711220000004,86.55,86.4192,32.19853934679944,438.1496085833417,438.1496085833417,36.81701479110564,14.365280721190476,94.95991,94.95991,75.68131,75.68131,97.34841,97.34841
0.0,14.05803,21.98,26.614711220000004,86.55,86.4192,32.71923935304359,438.2035176201047,438.2035176201047,37.41240266336715,13.163274343222017,94.95991,94.95991,75.68131,75.68131,97.34841,97.34841
0.0,14.05803,21.98,26.614711220000004,86.55,86.4192,32.71923935304359,438.2035176201047,438.2035176201047,37.41240266336715,13.266072548044276,94.95991,94.95991,75.68131,75.68131,97.34841,97.34841
0.0,14.05803,21.98,26.614711220000004,86.55,86.4192,33.058361320267764,438.23862754593347,438.23862754593347,37.800167410978986,12.402707329308182,94.95991,94.95991,75.68131,75.68131,97.34841,97.34841
0.0,14.05803,21.98,26.614711220000004,86.55,86.4192,57.813213210684765,462.5431917519615,462.5431917519615,38.295264448787336,1.2155637478304826,94.95991,94.95991,75.68131,75.68131,97.34841,97.34841
0.0,14.05803,21.98,26.614711220000004,86.55,86.4192,57.813213210684765,462.54319175196144,462.54319175196144,38.295264448787336,4.627722757402521,94.95991,94.95991,75.68131,75.68131,97.34841,97.34841
0.0,14.05803,21.98,26.614711220000004,86.55,86.4192,168.18505226883107,463.5229002871694,463.5229002871694,40.502701229950254,-6.1,94.95991,94.95991,75.68131,75.68131,97.34841,97.34841
0.0,14.05803,21.98,26.614711220000004,86.55,86.4192,60.24901377937242,456.5704029793333,456.5704029793333,38.343980460161085,-1.8977931196162903,94.95991,94.95991,75.68131,75.68131,97.34841,97.34841
0.0,14.05803,21.98,26.614711220000004,86.55,86.4192,60.24901377937242,456.5704029793333,456.5704029793333,38.343980460161085,-6.1,94.95991,94.95991,75.68131,75.68131,97.34841,97.34841
0.0,14.05803,21.98,26.614711220000004,86.55,86.4192,57.813213210684765,462.54319175196144,462.54319175196144,38.295264448787336,5.227120592746427,94.95991,94.95991,75.68131,75.68131,97.34841,97.34841
0.0,14.05803,21.98,26.614711220000004,86.55,86.4192,57.813213210684765,456.5704029793333,456.5704029793333,38.295264448787336,5.227120592746427,94.95991,94.95991,75.68131,75.68131,97.34841,97.34841
0.0,14.05803,21.98,26.614711220000004,86.55,86.4192,57.813213210684765,456.5704029793333,456.5704029793333,38.295264448787336,5.227120592746427,94.95991,94.95991,75.68131,75.68131,97.34841,97.34841
0.0,14.05803,21.98,26.614711220000004,86.55,86.4192,57.813213210684765,462.5849355428167,462.5849355428167,38.295264448787336,5.227120592746427,94.95991,94.95991,75.68131,75.68131,97.34841,97.34841
0.0,14.05803,21.98,26.614711220000004,86.55,86.4192,57.813213210684765,456.5704029793333,456.5704029793333,38.295264448787336,5.227120592746427,94.95991,94.95991,75.68131,75.68131,97.34841,97.34841
0.0,14.05803,21.98,26.614711220000004,86.55,86.4192,57.813213210684765,394.59666564352614,394.59666564352614,38.295264448787336,5.227120592746428,94.95991,94.95991,75.68131,75.68131,97.34841,97.34841
0.0,14.05803,21.98,26.614711220000004,86.55,86.4192,57.813213210684765,456.5704029793333,456.5704029793333,38.295264448787336,5.227120592746427,94.95991,94.95991,75.68131,75.68131,97.34841,97.34841
0.0,14.05803,21.98,26.614711220000004,86.55,86.4192,57.813213210684765,456.5704029793333,456.5704029793333,38.295264448787336,-6.1,94.95991,94.95991,75.68131,75.68131,97.34841,97.34841
0.0,14.05803,21.98,26.614711220000004,86.55,86.4192,57.813213210684765,394.59666564352614,394.59666564352614,38.295264448787336,5.227120592746427,94.95991,94.95991,75.68131,75.68131,97.34841,97.34841
0.0,14.05803,21.98,26.614711220000004,86.55,86.4192,32.71923935304359,391.4022739316773,391.4022739316773,37.412402663367146,13.17676494822698,94.95991,94.95991,75.68131,75.68131,97.34841,97.34841
0.0,14.05803,21.98,26.614711220000004,86.55,86.4192,32.7192393530436,450.83895101560046,450.83895101560046,37.41240266336716,13.176764948226959,94.95991,94.95991,75.68131,75.68131,97.34841,97.34841
0.0,14.05803,21.98,26.614711220000004,86.55,86.4192,9.97288000128054,392.9802578665177,392.9802578665177,36.89695978781513,12.93609856259514,94.95991,94.95991,75.68131,75.68131,97.34841,97.34841
0.0,14.05803,21.98,26.614711220000004,86.55,86.4192,9.97288000128054,392.9802578665177,392.9802578665177,36.89695978781513,13.025406162412436,94.95991,94.95991,75.68131,75.68131,97.34841,97.34841
0.0,14.05803,21.98,26.614711220000004,86.55,86.4192,0.0,392.6749467414147,392.6749467414147,36.99668858782793,12.164158912631661,94.95991,94.95991,75.68131,75.68131,97.34841,97.34841
0.0,14.05803,21.98,26.614711220000004,86.55,86.4192,0.0,456.5704029793333,456.5704029793333,36.99668858782793,12.164158912631661,94.95991,94.95991,75.68131,75.68131,97.34841,97.34841
0.0,14.05803,21.98,26.614711220000004,86.55,86.4192,0.0,403.08793050874243,403.08793050874243,36.99668858782793,-6.099999999999997,94.95991,94.95991,75.68131,75.68131,97.34841,97.34841
0.0,14.05803,21.98,26.614711220000004,86.55,86.4192,0.0,392.6749467414147,392.6749467414147,36.99668858782793,8.360445961713378,94.95991,94.95991,75.68131,75.68131,97.34841,97.34841
0.0,14.05803,21.98,26.614711220000004,86.55,86.4192,0.0,456.5704029793333,456.5704029793333,36.99668858782793,-6.1,94.95991,94.95991,75.68131,75.68131,97.34841,97.34841
0.0,14.05803,21.98,26.614711220000004,86.55,86.4192,0.0,456.5704029793333,456.5704029793333,36.996688587827926,-6.1,94.95991,94.95991,75.68131,75.68131,97.34841,97.34841
0.0,14.05803,21.98,26.614711220000004,86.55,86.55000000000003,19.94576000256108,394.0503377989257,394.0503377989257,36.797230987802315,13.797345812375912,94.95991,94.95991,75.68131,75.68131,97.34841,97.34841
0.0,14.05803,21.98,26.614711220000004,86.55,86.4192,45.14011591725237,456.5704029793333,456.5704029793333,37.89949090617298,25.095593550487532,94.95991,94.95991,75.68131,75.68131,97.34841,97.34841
0.0,14.05803,21.98,26.614711220000004,86.55,86.4192,70.48631050411714,456.5704029793333,456.5704029793333,38.406414797910266,12.816124150475012,94.95991,94.95991,75.68131,75.68131,97.34841,97.34841
0.0,14.05803,21.98,26.614711220000004,86.55,86.4192,57.813213210684765,456.5704029793333,456.5704029793333,38.15295285204162,13.179850473143407,94.95991,94.95991,75.68131,75.68131,97.34841,97.34841
0.0,14.05803,21.98,26.614711220000004,86.55,86.4192,57.813213210684765,454.08188946384536,454.08188946384536,38.15295285204162,13.740008949180384,94.95991,94.95991,75.68131,75.68131,97.34841,97.34841
0.0,14.05803,21.98,26.614711220000004,86.55,86.4192,57.813213210684765,456.5704029793333,456.5704029793333,38.15295285204162,-6.1,94.95991,94.95991,75.68131,75.68131,97.34841,97.34841
0.0,14.05803,21.98,26.614711220000004,86.55,86.4192,60.24901377937242,456.5704029793333,456.5704029793333,38.20166886341537,-1.8977931196162903,94.95991,94.95991,75.68131,75.68131,97.34841,97.34841
0.0,14.05803,21.98,26.614711220000004,86.55,86.4192,162.510070569722,456.5704029793333,456.5704029793333,40.24688999922236,-6.1,94.95991,94.95991,75.68131,75.68131,97.34841,97.34841
0.0,14.058029999999999,21.98,26.614711219999997,86.55,86.4192,90.35741390532134,456.5704029793334,456.5704029793334,66.75667542802094,-6.1,94.95991,94.95991,75.68131,75.68131,97.34841,97.34841
0.0,14.058029999999999,21.98,26.614711219999997,86.55,86.4192,90.35741390532134,475.1749860114228,475.1749860114228,66.75667542802094,-6.1,94.95991,94.95991,75.68131,75.68131,97.34841,97.34841
0.0,14.058029999999999,21.98,26.614711219999997,86.55,86.4192,90.35741390532134,456.5704029793334,456.5704029793334,66.75667542802094,-6.1,94.95991,94.95991,75.68131,75.68131,97.34841,97.34841
0.0,14.058029999999999,21.98,26.614711219999997,86.55,86.4192,60.249013779372426,449.43119172429897,449.43119172429897,66.15450742550196,-6.1,94.95991,94.95991,75.68131,75.68131,97.34841,97.34841
0.0,14.058029999999999,21.98,26.614711219999997,86.55,86.4192,60.249013779372426,456.5704029793334,456.5704029793334,66.15450742550196,-6.1,94.95991,94.95991,75.68131,75.68131,97.34841,97.34841
0.0,14.058029999999999,21.98,26.614711219999997,86.55,86.4192,60.249013779372405,456.5704029793334,456.5704029793334,66.15450742550196,-6.1,94.95991,94.95991,75.68131,75.68131,97.34841,97.34841
0.0,14.058029999999999,21.98,26.614711219999997,86.55,86.4192,57.81321321068475,440.8015432452246,440.8015432452246,66.10579141412822,-6.1,94.95991,94.95991,75.68131,75.68131,97.34841,97.34841
0.0,14.058029999999999,21.98,26.614711219999997,86.55,86.4192,57.81321321068475,456.5704029793334,456.5704029793334,66.10579141412822,-6.1,94.95991,94.95991,75.68131,75.68131,97.34841,97.34841
0.0,14.058029999999999,21.98,26.614711219999997,107.37153132282681,107.37153132282681,47.43209148999151,439.72676647208965,439.72676647208965,54.23562836659165,-6.1,94.95991,94.95991,75.68131,75.68131,97.34841,97.34841
0.0,14.058029999999999,21.98,26.614711219999997,86.55,86.4192,45.18410937792302,456.5704029793334,456.5704029793334,51.665201497883615,-6.1,94.95991,94.95991,75.68131,75.68131,97.34841,97.34841
0.0,14.058029999999999,21.98,26.614711219999997,86.55,86.4192,45.18410937792302,439.49402871739613,439.49402871739613,51.665201497883615,-6.1,94.95991,94.95991,75.68131,75.68131,97.34841,97.34841
0.0,14.058029999999999,21.98,26.614711219999997,86.55,115.79770949713684,45.18410937792303,456.5704029793334,456.5704029793334,51.665201497883615,-6.1,94.95991,94.95991,75.68131,75.68131,97.34841,97.34841
0.0,14.058029999999999,21.98,26.614711219999997,125.66703627602324,86.4192,9.97288000128054,404.7208324670314,404.7208324670314,37.03927138456082,-6.1,94.95991,94.95991,75.68131,75.68131,97.34841,97.34841
0.0,14.058029999999999,21.98,26.614711219999997,86.55,86.4192,9.97288000128054,404.7208324670315,404.7208324670315,37.03927138456082,-6.1,94.95991,94.95991,75.68131,75.68131,97.34841,97.34841
0.0,14.058029999999999,21.98,26.614711219999997,86.55,86.4192,45.18410937792302,438.40483336134656,438.40483336134656,52.02098331160456,-6.1,94.95991,94.95991,75.68131,75.68131,97.34841,97.34841
0.0,14.058029999999999,21.98,26.614711219999997,109.35072159793567,86.4192,47.43209148999151,456.5704029793334,456.5704029793334,54.23562836659165,-6.1,94.95991,94.95991,75.68131,75.68131,97.34841,97.34841
0.0,14.058029999999999,21.98,26.614711219999997,86.55,86.4192,48.69870653955612,439.8579014758399,439.8579014758399,55.68392341228268,-6.1,94.95991,94.95991,75.68131,75.68131,97.34841,97.34841
0.0,14.058029999999999,21.98,26.614711219999997,86.55,86.4192,57.81321321068475,456.5704029793334,456.5704029793334,55.866213545705264,-6.1,94.95991,94.95991,75.68131,75.68131,97.34841,97.34841
0.0,14.058029999999999,21.98,26.614711219999997,111.33476143667727,86.4192,60.249013779372405,456.5704029793334,456.5704029793334,55.91492955707902,-6.1,94.95991,94.95991,75.68131,75.68131,97.34841,97.34841
0.0,14.058029999999999,21.98,26.614711219999997,86.55,86.4192,60.249013779372405,355.8237565836521,355.8237565836521,55.91492955707902,-6.1,94.95991,94.95991,75.68131,75.68131,97.34841,97.34841
0.0,14.058029999999999,21.98,26.614711219999997,86.55,86.4192,60.24901377937242,456.5704029793334,456.5704029793334,55.91492955707902,-6.1,94.95991,94.95991,75.68131,75.68131,97.34841,97.34841
0.0,14.058029999999999,21.98,26.614711219999997,86.55,86.4192,60.24901377937242,456.5704029793334,456.5704029793334,55.91492955707902,-6.1,94.95991,94.95991,75.68131,75.68131,97.34841,97.34841
0.0,14.058029999999999,21.98,26.614711219999997,86.55,86.4192,60.249013779372405,456.5704029793334,456.5704029793334,55.91492955707902,-6.1,94.95991,94.95991,75.68131,75.68131,97.34841,97.34841
0.0,14.058029999999999,21.98,26.614711219999997,86.55,86.4192,60.24901377937242,456.5704029793334,456.5704029793334,55.91492955707902,-6.1,94.95991,94.95991,75.68131,75.68131,97.34841,97.34841
0.0,14.058029999999999,21.98,26.614711219999997,86.55,86.4192,60.24901377937242,456.5704029793334,456.5704029793334,55.91492955707902,-6.1,94.95991,94.95991,75.68131,75.68131,97.34841,97.34841
0.0,14.058029999999999,21.98,26.614711219999997,107.44863969398445,86.4192,102.33621871012994,456.5704029793334,456.5704029793334,56.75667365569418,-6.1,94.95991,94.95991,75.68131,75.68131,97.34841,97.34841
0.0,14.058029999999999,21.98,26.614711219999997,86.55,86.4192,102.33621871012994,470.73676736251446,470.73676736251446,56.75667365569418,-6.1,94.95991,94.95991,75.68131,75.68131,97.34841,97.34841
0.0,14.058029999999999,21.98,26.614711219999997,86.55,86.4192,60.24901377937242,355.8237565836521,355.8237565836521,55.91492955707902,-6.1,94.95991,94.95991,75.68131,75.68131,97.34841,97.34841
0.0,14.058029999999999,21.98,26.614711219999997,86.55,86.4192,60.249013779372405,456.5704029793334,456.5704029793334,55.91492955707902,-6.1,94.95991,94.95991,75.68131,75.68131,97.34841,97.34841
0.0,14.058029999999999,21.98,26.614711219999997,111.33476143667727,86.4192,60.249013779372405,456.5704029793334,456.5704029793334,55.91492955707902,-6.1,94.95991,94.95991,75.68131,75.68131,97.34841,97.34841
0.0,14.058029999999999,21.98,26.614711219999997,86.55,86.4192,57.81321321068475,456.5704029793334,456.5704029793334,55.866213545705264,-6.1,94.95991,94.95991,75.68131,75.68131,97.34841,97.34841
0.0,14.058029999999999,21.98,26.614711219999997,86.55,86.4192,57.81321321068475,456.5704029793334,456.5704029793334,55.866213545705264,-6.1,94.95991,94.95991,75.68131,75.68131,97.34841,97.34841
0.0,14.058029999999999,21.98,26.614711219999997,86.55,86.4192,32.719239353043584,391.40227393167726,391.40227393167726,37.412402663367146,13.266072548044274,94.95991,94.95991,75.68131,75.68131,97.34841,97.34841
0.0,14.058029999999999,21.98,26.614711219999997,86.55,86.4192,32.38483089479472,392.57288247942165,392.57288247942165,37.03002751830197,13.940063819890192,94.95991,94.95991,75.68131,75.68131,97.34841,97.34841
0.0,14.058029999999999,21.98,26.614711219999997,86.55,86.4192,9.97288000128054,448.3597883269825,448.3597883269825,37.25414702723711,12.205291765527157,94.95991,94.95991,75.68131,75.68131,97.34841,97.34841
0.0,14.058029999999999,21.98,26.614711219999997,86.55,86.4192,9.97288000128054,441.79350606890034,441.79350606890034,37.25414702723711,18.779174496578705,94.95991,94.95991,75.68131,75.68131,97.34841,97.34841
0.0,14.058029999999999,21.98,26.614711219999997,86.55,86.4192,9.97288000128054,391.8867599208254,391.8867599208254,37.25414702723711,12.294599365344412,94.95991,94.95991,75.68131,75.68131,97.34841,97.34841
0.0,14.058029999999999,21.98,26.614711219999997,86.55,86.4192,0.0,446.64116886198065,446.64116886198065,36.87567626101981,12.411750710993497,94.95991,94.95991,75.68131,75.68131,97.34841,97.34841
0.0,14.058029999999999,21.98,26.614711219999997,86.55,86.4192,0.0,391.58144879572234,391.58144879572234,37.353875827249915,18.51282435605869,94.95991,94.95991,75.68131,75.68131,97.34841,97.34841
0.0,14.058029999999999,21.98,26.614711219999997,96.64042055579263,86.4192,0.0,440.5471490460178,440.5471490460178,37.353875827249915,18.512824356058708,94.95991,94.95991,75.68131,75.68131,97.34841,97.34841
0.0,14.058029999999999,21.98,26.614711219999997,86.55,86.4192,0.0,391.58144879572234,391.58144879572234,37.353875827249915,18.51282435605869,94.95991,94.95991,75.68131,75.68131,97.34841,97.34841
0.0,14.058029999999999,21.98,26.614711219999997,86.55,86.4192,33.547607077755515,388.5025436308913,388.5025436308913,38.35958931816256,11.285986966994582,94.95991,94.95991,75.68131,75.68131,97.34841,97.34841
0.0,14.058029999999999,21.98,26.614711219999997,86.55,86.4192,167.99728628680563,456.5704029793334,456.5704029793334,41.04858290234357,13.440373817728517,94.95991,94.95991,75.68131,75.68131,97.34841,97.34841
0.0,14.058029999999999,21.98,26.614711219999997,86.55,86.4192,60.24901377937242,456.5704029793334,456.5704029793334,38.89361745219491,-1.8977931196163085,94.95991,94.95991,75.68131,75.68131,97.34841,97.34841
0.0,14.058029999999999,21.98,26.614711219999997,86.55,86.4192,57.81321321068475,456.14469795448025,456.14469795448025,38.844901440821154,11.674812757323075,94.95991,94.95991,75.68131,75.68131,97.34841,97.34841
0.0,14.058029999999999,21.98,26.614711219999997,86.55,86.4192,57.81321321068475,456.5704029793334,456.5704029793334,38.844901440821154,5.227120592746424,94.95991,94.95991,75.68131,75.68131,97.34841,97.34841
0.0,14.058029999999999,21.98,26.614711219999997,86.55,86.4192,57.45999882911834,461.499384042062,461.499384042062,38.837837153189824,6.260301232810963,94.95991,94.95991,75.68131,75.68131,97.34841,97.34841
0.0,14.058029999999999,21.98,26.614711219999997,86.55,86.4192,57.81321321068475,456.5704029793334,456.5704029793334,38.844901440821154,5.227120592746424,94.95991,94.95991,75.68131,75.68131,97.34841,97.34841
0.0,14.058029999999999,21.98,26.614711219999997,86.55,86.4192,49.148365262860814,454.72584913765843,454.72584913765843,38.67160448186468,11.779748307651127,94.95991,94.95991,75.68131,75.68131,97.34841,97.34841
0.0,14.058029999999999,21.98,26.614711219999997,86.55,86.4192,57.81321321068475,456.5704029793334,456.5704029793334,38.844901440821154,-3.5579884252543796,94.95991,94.95991,75.68131,75.68131,97.34841,97.34841
0.0,14.058029999999999,21.98,26.614711219999997,86.55,86.4192,57.81321321068475,462.58493554281677,462.58493554281677,38.844901440821154,5.227120592746424,94.95991,94.95991,75.68131,75.68131,97.34841,97.34841
0.0,14.058029999999999,21.98,26.614711219999997,86.55,86.4192,60.24901377937242,456.5704029793334,456.5704029793334,38.89361745219491,-1.8977931196163085,94.95991,94.95991,75.68131,75.68131,97.34841,97.34841
0.0,14.058029999999999,21.98,26.614711219999997,86.55,86.4192,60.24901377937242,462.8087538507305,462.8087538507305,38.89361745219491,-1.8977931196163085,94.95991,94.95991,75.68131,75.68131,97.34841,97.34841
0.0,14.058029999999999,21.98,26.614711219999997,86.55,86.4192,60.24901377937242,402.46562072568895,402.46562072568895,38.89361745219491,-1.8977931196163085,94.95991,94.95991,75.68131,75.68131,97.34841,97.34841
0.0,14.058029999999999,21.98,26.614711219999997,86.55,86.4192,33.547607077755515,438.28928006602246,438.28928006602246,38.35958931816256,11.37529456681186,94.95991,94.95991,75.68131,75.68131,97.34841,97.34841
0.0,14.058029999999999,21.98,26.614711219999997,86.55,86.4192,32.719239353043584,391.40227393167726,391.40227393167726,37.412402663367146,25.728250953119577,94.95991,94.95991,75.68131,75.68131,97.34841,97.34841
0.0,14.058029999999999,21.98,26.614711219999997,86.55,92.69262306495884,32.67506020698696,391.55692458338854,391.55692458338854,37.361886574537586,17.560972017505154,94.95991,94.95991,75.68131,75.68131,97.34841,97.34841
0.0,14.058029999999999,21.98,26.614711219999997,86.55,86.4192,32.67506020698696,391.55692458338854,391.55692458338854,37.361886574537586,13.366912976879854,94.95991,94.95991,75.68131,75.68131,97.34841,97.34841
0.0,14.058029999999999,21.98,26.614711219999997,86.55,86.4192,32.67506020698696,391.55692458338854,391.55692458338854,37.361886574537586,13.366912976879854,94.95991,94.95991,75.68131,75.68131,97.34841,97.34841
0.0,14.058029999999999,21.98,26.614711219999997,86.55,86.4192,11.48811196232505,392.46848909113083,392.46848909113083,37.06412724964979,22.41651112276006,94.95991,94.95991,75.68131,75.68131,97.34841,97.34841
0.0,14.058029999999999,21.98,26.614711219999997,86.55,86.4192,9.97288000128054,392.5445831796463,392.5445831796463,37.03927138456082,12.734235956075665,94.95991,94.95991,75.68131,75.68131,97.34841,97.34841
0.0,14.058029999999999,21.98,26.614711219999997,86.55,86.4192,9.97288000128054,392.11269251273154,392.11269251273154,37.180346944560824,12.445594686821432,94.95991,94.95991,75.68131,75.68131,97.34841,97.34841
0.0,14.058029999999999,21.98,26.614711219999997,86.55,86.4192,9.97288000128054,390.8619169045629,390.8619169045629,37.58890837659465,11.609676046409383,94.95991,94.95991,75.68131,75.68131,97.34841,97.34841
0.0,14.058029999999999,21.98,26.614711219999997,86.55,86.4192,9.97288000128054,396.1957634773383,396.1957634773383,37.03927138456082,0.4522918769860096,94.95991,94.95991,75.68131,75.68131,97.34841,97.34841
0.0,14.058029999999999,21.98,26.614711219999997,86.55,86.4192,32.67506020698696,450.7315273541163,450.7315273541163,37.361886574537586,13.277605377062578,94.95991,94.95991,75.68131,75.68131,97.34841,97.34841
0.0,14.058029999999999,21.98,26.614711219999997,86.55,86.4192,57.81321321068475,456.5704029793334,456.5704029793334,53.27330685587655,-6.1,94.95991,94.95991,75.68131,75.68131,97.34841,97.34841
0.0,14.058029999999999,21.98,26.614711219999997,109.39378286877765,86.4192,60.24901377937242,469.21239451450714,469.21239451450714,53.3220228672503,-2.120161521819387,94.95991,94.95991,75.68131,75.68131,97.34841,97.34841
0.0,14.058029999999999,21.98,26.614711219999997,86.55,86.4192,57.81321321068475,456.5704029793334,456.5704029793334,53.27330685587655,-6.1,94.95991,94.95991,75.68131,75.68131,97.34841,97.34841
0.0,14.058029999999999,21.98,26.614711219999997,86.55,86.4192,57.81321321068475,456.5704029793334,456.5704029793334,53.27330685587655,-6.1,94.95991,94.95991,75.68131,75.68131,97.34841,97.34841
0.0,14.058029999999999,21.98,26.614711219999997,86.55,86.4192,57.81321321068475,456.5704029793334,456.5704029793334,53.27330685587655,-6.1,94.95991,94.95991,75.68131,75.68131,97.34841,97.34841
0.0,14.058029999999999,21.98,26.614711219999997,86.55,86.4192,58.97061256120667,456.5704029793334,456.5704029793334,53.29645484288699,-6.1,94.95991,94.95991,75.68131,75.68131,97.34841,97.34841
0.0,14.058029999999999,21.98,26.614711219999997,86.55,86.4192,60.24901377937242,456.5704029793334,456.5704029793334,53.3220228672503,-6.1,94.95991,94.95991,75.68131,75.68131,97.34841,97.34841
0.0,14.058029999999999,21.98,26.614711219999997,86.55,86.4192,60.24901377937239,456.5704029793334,456.5704029793334,53.3220228672503,-6.1,94.95991,94.95991,75.68131,75.68131,97.34841,97.34841
0.0,14.058029999999999,21.98,26.614711219999997,86.55,86.4192,60.24901377937242,456.5704029793334,456.5704029793334,53.3220228672503,-6.1,94.95991,94.95991,75.68131,75.68131,97.34841,97.34841
0.0,14.058029999999999,21.98,26.614711219999997,86.55,86.4192,60.249013779372405,469.212394514507,469.212394514507,53.3220228672503,-6.1,94.95991,94.95991,75.68131,75.68131,97.34841,97.34841
0.0,14.058029999999999,21.98,26.614711219999997,86.55,86.4192,68.14622978801069,469.28249364481127,469.28249364481127,53.479967187423064,-6.1,94.95991,94.95991,75.68131,75.68131,97.34841,97.34841
0.0,14.058029999999999,21.98,26.614711219999997,86.55,86.4192,137.52488586541125,469.89832882614303,469.89832882614303,54.86754030897108,-6.1,94.95991,94.95991,75.68131,75.68131,97.34841,97.34841
0.0,14.058029999999999,21.98,26.614711219999997,86.55,86.4192,60.249013779372405,469.21239451450714,469.21239451450714,53.3220228672503,-6.1,94.95991,94.95991,75.68131,75.68131,97.34841,97.34841
0.0,14.058029999999999,21.98,26.614711219999997,86.56433506609883,86.4192,55.37741264199709,456.5704029793334,456.5704029793334,53.22459084450279,-6.1,94.95991,94.95991,75.68131,75.68131,97.34841,97.34841
0.0,14.058029999999999,21.98,26.614711219999997,86.55,86.4192,45.18410937792303,456.5704029793334,456.5704029793334,51.665201497883615,-6.1,94.95991,94.95991,75.68131,75.68131,97.34841,97.34841
0.0,14.058029999999999,21.98,26.614711219999997,86.55,86.4192,31.605547445936782,456.5704029793334,456.5704029793334,46.80306846359298,-6.1,94.95991,94.95991,75.68131,75.68131,97.34841,97.34841
0.0,14.058029999999999,21.98,26.614711219999997,86.55,86.4192,9.97288000128054,456.5704029793334,456.5704029793334,43.44334403153771,-6.1,94.95991,94.95991,75.68131,75.68131,97.34841,97.34841
0.0,14.058029999999999,21.98,26.614711219999997,86.55,86.4192,31.605547445936782,434.2456263900299,434.2456263900299,37.39413366132296,-6.1,94.95991,94.95991,75.68131,75.68131,97.34841,97.34841
0.0,14.058029999999999,21.98,26.614711219999997,86.55,86.4192,45.18410937792302,456.5704029793334,456.5704029793334,51.665201497883615,-6.1,94.95991,94.95991,75.68131,75.68131,97.34841,97.34841
0.0,14.058029999999999,21.98,26.614711219999997,86.55,86.4192,45.18410937792303,456.5704029793334,456.5704029793334,51.665201497883615,-6.1,94.95991,94.95991,75.68131,75.68131,97.34841,97.34841
0.0,14.058029999999999,21.98,26.614711219999997,86.55,86.4192,45.18410937792302,439.49402871739613,439.49402871739613,51.665201497883615,-6.1,94.95991,94.95991,75.68131,75.68131,97.34841,97.34841
0.0,14.058029999999999,21.98,26.614711219999997,86.55,86.4192,45.18410937792303,439.49402871739613,439.49402871739613,51.665201497883615,-6.1,94.95991,94.95991,75.68131,75.68131,97.34841,97.34841
0.0,14.058029999999999,21.98,26.614711219999997,86.55,86.4192,45.18410937792303,439.49402871739613,439.49402871739613,51.665201497883615,-6.1,94.95991,94.95991,75.68131,75.68131,97.34841,97.34841
0.0,14.058029999999999,21.98,26.614711219999997,86.55,86.4192,55.33386851509706,456.5704029793334,456.5704029793334,63.27081590960197,-6.1,94.95991,94.95991,75.68131,75.68131,97.34841,97.34841
0.0,14.058029999999999,21.98,26.614711219999997,86.55,86.4192,60.249013779372405,456.5704029793334,456.5704029793334,63.36911881488748,-6.1,94.95991,94.95991,75.68131,75.68131,97.34841,97.34841
0.0,14.058029999999999,21.98,26.614711219999997,86.55,86.4192,700.8038479210679,479.3573583977777,479.3573583977777,76.18021549772139,7.137922315540264,94.95991,94.95991,75.68131,75.68131,97.34841,97.34841
0.0,14.058029999999999,21.98,26.614711219999997,86.55,86.4192,123.56782839789388,456.5704029793334,456.5704029793334,64.63549510725791,-6.1,94.95991,94.95991,75.68131,75.68131,97.34841,97.34841
0.0,14.058029999999999,21.98,26.614711219999997,86.55,86.4192,60.24901377937242,457.9584188687814,457.9584188687814,63.36911881488748,-6.1,94.95991,94.95991,75.68131,75.68131,97.34841,97.34841
0.0,14.058029999999999,21.98,26.614711219999997,86.55,86.4192,60.24901377937242,457.9584188687814,457.9584188687814,63.36911881488748,-6.1,94.95991,94.95991,75.68131,75.68131,97.34841,97.34841
0.0,14.058029999999999,21.98,26.614711219999997,86.55,86.4192,60.249013779372405,457.9584188687815,457.9584188687815,63.36911881488748,-6.1,94.95991,94.95991,75.68131,75.68131,97.34841,97.34841
0.0,14.058029999999999,21.98,26.614711219999997,86.55,86.4192,60.249013779372405,456.5704029793334,456.5704029793334,63.36911881488748,-6.1,94.95991,94.95991,75.68131,75.68131,97.34841,97.34841
0.0,14.058029999999999,21.98,26.614711219999997,86.55,86.4192,60.249013779372405,456.5704029793334,456.5704029793334,63.36911881488748,-1.8977931196162938,94.95991,94.95991,75.68131,75.68131,97.34841,97.34841
0.0,14.058029999999999,21.98,26.614711219999997,86.55,86.4192,60.24901377937242,456.5704029793334,456.5704029793334,63.36911881488748,-1.8977931196163051,94.95991,94.95991,75.68131,75.68131,97.34841,97.34841
0.0,14.058029999999999,21.98,26.614711219999997,86.55,86.4192,60.24901377937242,456.5704029793334,456.5704029793334,63.36911881488748,-6.1,94.95991,94.95991,75.68131,75.68131,97.34841,97.34841
0.0,14.058029999999999,21.98,26.614711219999997,86.55,86.4192,60.249013779372405,457.9584188687815,457.9584188687815,63.36911881488748,-6.1,94.95991,94.95991,75.68131,75.68131,97.34841,97.34841
0.0,14.058029999999999,21.98,26.614711219999997,86.55,86.4192,60.249013779372405,456.5704029793334,456.5704029793334,63.36911881488748,-6.1,94.95991,94.95991,75.68131,75.68131,97.34841,97.34841
0.0,14.058029999999999,21.98,26.614711219999997,86.55,86.4192,57.81321321068475,449.328770389707,449.328770389707,63.320402803513716,-6.1,94.95991,94.95991,75.68131,75.68131,97.34841,97.34841
0.0,14.058029999999999,21.98,26.614711219999997,86.55,86.4192,57.81321321068475,449.3287703897069,449.3287703897069,63.320402803513716,-6.1,94.95991,94.95991,75.68131,75.68131,97.34841,97.34841
0.0,14.058029999999999,21.98,26.614711219999997,86.55,86.4192,57.81321321068475,449.328770389707,449.328770389707,63.320402803513716,25.457569309657185,94.95991,94.95991,75.68131,75.68131,97.34841,97.34841
0.0,14.058029999999999,21.98,26.614711219999997,99.85652164480787,86.4192,45.18410937792302,439.49402871739613,439.49402871739613,51.665201497883615,-6.1,94.95991,94.95991,75.68131,75.68131,97.34841,97.34841
0.0,14.058029999999999,21.98,26.614711219999997,86.55,86.4192,45.184109377923015,456.5704029793334,456.5704029793334,51.66520149788361,-6.1,94.95991,94.95991,75.68131,75.68131,97.34841,97.34841
0.0,14.058029999999999,21.98,26.614711219999997,86.55,86.4192,45.18410937792302,456.5704029793334,456.5704029793334,51.665201497883615,-6.1,94.95991,94.95991,75.68131,75.68131,97.34841,97.34841
0.0,14.058029999999999,21.98,26.614711219999997,86.55,86.4192,45.18410937792302,439.49402871739613,439.49402871739613,51.66520149788361,-6.1,94.95991,94.95991,75.68131,75.68131,97.34841,97.34841
0.0,14.058029999999999,21.98,26.614711219999997,86.55,86.4192,45.18410937792302,456.5704029793334,456.5704029793334,51.665201497883615,-6.1,94.95991,94.95991,75.68131,75.68131,97.34841,97.34841
0.0,14.058029999999999,21.98,26.614711219999997,86.55,86.4192,17.983441387050558,384.7161728500838,384.7161728500838,42.216370842488246,-1.8176168728866935,94.95991,94.95991,75.68131,75.68131,97.34841,97.34841
0.0,14.058029999999999,21.98,26.614711219999997,86.55,86.4192,9.97288000128054,456.5704029793334,456.5704029793334,37.03927138456082,-6.1,94.95991,94.95991,75.68131,75.68131,97.34841,97.34841
0.0,14.058029999999999,21.98,26.614711219999997,86.55,86.4192,45.18410937792303,456.5704029793334,456.5704029793334,51.66520149788361,-6.1,94.95991,94.95991,75.68131,75.68131,97.34841,97.34841
0.0,14.058029999999999,21.98,26.614711219999997,99.85652164480786,86.4192,45.184109377923015,439.494028717396,439.494028717396,51.66520149788361,-6.1,94.95991,94.95991,75.68131,75.68131,97.34841,97.34841
0.0,14.058029999999999,21.98,26.614711219999997,103.6220717647812,86.4192,57.81321321068475,473.8989601499168,473.8989601499168,53.273306855876534,-6.1,94.95991,94.95991,75.68131,75.68131,97.34841,97.34841
0.0,14.058029999999999,21.98,26.614711219999997,86.55,86.4192,60.249013779372426,469.21239451450714,469.21239451450714,53.32202286725028,-6.1,94.95991,94.95991,75.68131,75.68131,97.34841,97.34841
0.0,14.058029999999999,21.98,26.614711219999997,86.55,86.4192,60.249013779372405,456.5704029793334,456.5704029793334,53.3220228672503,-6.1,94.95991,94.95991,75.68131,75.68131,97.34841,97.34841
0.0,14.058029999999999,21.98,26.614711219999997,86.55,86.4192,60.249013779372426,456.5704029793334,456.5704029793334,53.32202286725028,-6.1,94.95991,94.95991,75.68131,75.68131,97.34841,97.34841
0.0,14.058029999999999,21.98,26.614711219999997,86.55,86.4192,60.249013779372426,456.5704029793334,456.5704029793334,53.32202286725028,-6.1,94.95991,94.95991,75.68131,75.68131,97.34841,97.34841
0.0,14.058029999999999,21.98,26.614711219999997,86.55,86.4192,57.81321321068475,456.5704029793334,456.5704029793334,53.273306855876534,-6.1,94.95991,94.95991,75.68131,75.68131,97.34841,97.34841
0.0,14.058029999999999,21.98,26.614711219999997,86.55,86.4192,60.249013779372405,456.5704029793334,456.5704029793334,53.3220228672503,-6.1,94.95991,94.95991,75.68131,75.68131,97.34841,97.34841
0.0,14.058029999999999,21.98,26.614711219999997,86.55,86.4192,60.249013779372405,456.5704029793334,456.5704029793334,53.3220228672503,-6.1,94.95991,94.95991,75.68131,75.68131,97.34841,97.34841
0.0,14.058029999999999,21.98,26.614711219999997,86.55,86.4192,60.249013779372405,456.5704029793334,456.5704029793334,53.3220228672503,-6.1,94.95991,94.95991,75.68131,75.68131,97.34841,97.34841
0.0,14.058029999999999,21.98,26.614711219999997,86.55,86.4192,60.249013779372405,469.21239451450714,469.21239451450714,53.3220228672503,-6.1,94.95991,94.95991,75.68131,75.68131,97.34841,97.34841
0.0,14.058029999999999,21.98,26.614711219999997,103.56490745379581,86.4192,60.249013779372426,456.5704029793334,456.5704029793334,53.32202286725028,-6.1,94.95991,94.95991,75.68131,75.68131,97.34841,97.34841
0.0,14.058029999999999,21.98,26.614711219999997,86.55,86.4192,138.3952113137809,337.9115860505497,337.9115860505497,54.884946817938456,9820.343674211781,94.95991,94.95991,75.68131,75.68131,97.34841,97.34841
0.0,14.058029999999999,21.98,26.614711219999997,103.56490745379581,86.4192,60.249013779372426,456.5704029793334,456.5704029793334,53.32202286725028,-6.1,94.95991,94.95991,75.68131,75.68131,97.34841,97.34841
0.0,14.058029999999999,21.98,26.614711219999997,103.6220717647812,86.4192,57.81321321068475,456.5704029793334,456.5704029793334,53.273306855876534,-6.1,94.95991,94.95991,75.68131,75.68131,97.34841,97.34841
0.0,14.058029999999999,21.98,26.614711219999997,99.85652164480786,86.4192,45.184109377923015,439.49402871739613,439.49402871739613,51.66520149788361,-6.1,94.95991,94.95991,75.68131,75.68131,97.34841,97.34841
0.0,14.058029999999999,21.98,26.614711219999997,86.55,86.4192,40.56556693093133,456.5704029793334,456.5704029793334,46.38418723345412,-6.1,94.95991,94.95991,75.68131,75.68131,97.34841,97.34841
0.0,14.058029999999999,21.98,26.614711219999997,86.55,86.4192,9.97288000128054,456.5704029793334,456.5704029793334,37.03927138456082,-6.1,94.95991,94.95991,75.68131,75.68131,97.34841,97.34841
0.0,14.058029999999999,21.98,26.614711219999997,86.55,86.4192,9.97288000128054,404.7208324670315,404.7208324670315,37.03927138456082,-6.1,94.95991,94.95991,75.68131,75.68131,97.34841,97.34841
0.0,14.058029999999999,21.98,26.614711219999997,86.55,86.4192,45.18410937792302,439.49402871739613,439.49402871739613,51.66520149788361,-6.1,94.95991,94.95991,75.68131,75.68131,97.34841,97.34841
0.0,14.058029999999999,21.98,26.614711219999997,86.55,86.4192,45.18410937792302,439.49402871739613,439.49402871739613,51.66520149788361,-6.1,94.95991,94.95991,75.68131,75.68131,97.34841,97.34841
0.0,14.058029999999999,21.98,26.614711219999997,86.55,86.4192,45.184109377923015,439.49402871739613,439.49402871739613,51.66520149788361,-6.1,94.95991,94.95991,75.68131,75.68131,97.34841,97.34841
0.0,14.058029999999999,21.98,26.614711219999997,86.55,86.4192,45.184109377923015,439.494028717396,439.494028717396,51.66520149788361,-6.1,94.95991,94.95991,75.68131,75.68131,97.34841,97.34841
0.0,14.058029999999999,21.98,26.614711219999997,86.55,86.4192,57.81321321068475,440.8015432452246,440.8015432452246,66.10579141412822,-6.1,94.95991,94.95991,75.68131,75.68131,97.34841,97.34841
0.0,14.058029999999999,21.98,26.614711219999997,86.55,86.4192,57.81321321068475,440.8015432452246,440.8015432452246,66.10579141412822,-6.1,94.95991,94.95991,75.68131,75.68131,97.34841,97.34841
0.0,14.058029999999999,21.98,26.614711219999997,86.55,86.4192,60.249013779372405,456.5704029793334,456.5704029793334,66.15450742550198,-1.897793119616368,94.95991,94.95991,75.68131,75.68131,97.34841,97.34841
0.0,14.058029999999999,21.98,26.614711219999997,86.55,86.4192,60.249013779372405,456.5704029793334,456.5704029793334,66.15450742550198,-1.8977931196162854,94.95991,94.95991,75.68131,75.68131,97.34841,97.34841
0.0,14.058029999999999,21.98,26.614711219999997,86.55,86.4192,60.249013779372405,456.5704029793334,456.5704029793334,66.15450742550198,-1.8977931196162938,94.95991,94.95991,75.68131,75.68131,97.34841,97.34841
0.0,14.058029999999999,21.98,26.614711219999997,86.55,86.4192,60.249013779372405,449.43119172429897,449.43119172429897,66.15450742550198,-1.8977931196162938,94.95991,94.95991,75.68131,75.68131,97.34841,97.34841
0.0,14.058029999999999,21.98,26.614711219999997,86.55,86.4192,60.249013779372405,449.43119172429897,449.43119172429897,66.15450742550198,-6.1,94.95991,94.95991,75.68131,75.68131,97.34841,97.34841
0.0,14.058029999999999,21.98,26.614711219999997,142.0184822184868,86.4192,60.249013779372405,324.47617154114903,324.47617154114903,66.15450742550198,-6.1,94.95991,94.95991,75.68131,75.68131,97.34841,97.34841
0.0,14.058029999999999,21.98,26.614711219999997,86.55,86.4192,60.249013779372405,449.4311917242991,449.4311917242991,66.15450742550198,-2.3313542284717816,94.95991,94.95991,75.68131,75.68131,97.34841,97.34841
0.0,14.058029999999999,21.98,26.614711219999997,86.55,86.4192,60.249013779372405,449.4311917242991,449.4311917242991,66.15450742550198,-2.120161521819263,94.95991,94.95991,75.68131,75.68131,97.34841,97.34841
0.0,14.058029999999999,21.98,26.614711219999997,86.55,86.4192,60.249013779372405,449.4311917242991,449.4311917242991,66.15450742550198,-6.1,94.95991,94.95991,75.68131,75.68131,97.34841,97.34841
0.0,14.058029999999999,21.98,26.614711219999997,86.55,86.4192,60.249013779372405,456.5704029793334,456.5704029793334,66.15450742550198,-6.1,94.95991,94.95991,75.68131,75.68131,97.34841,97.34841
0.0,14.058029999999999,21.98,26.614711219999997,86.55,86.4192,60.249013779372426,449.43119172429897,449.43119172429897,66.15450742550198,-2.120161521819308,94.95991,94.95991,75.68131,75.68131,97.34841,97.34841
0.0,14.058029999999999,21.98,26.614711219999997,112.96573145344385,86.4192,105.77030343158422,456.5704029793334,456.5704029793334,67.06493321854622,-6.1,94.95991,94.95991,75.68131,75.68131,97.34841,97.34841
0.0,14.058029999999999,21.98,26.614711219999997,112.96573145344385,86.4192,105.77030343158422,456.5704029793334,456.5704029793334,67.06493321854622,-6.1,94.95991,94.95991,75.68131,75.68131,97.34841,97.34841
0.0,14.058029999999999,21.98,26.614711219999997,86.55,86.4192,57.81321321068475,456.5704029793334,456.5704029793334,66.10579141412822,5.227120592746448,94.95991,94.95991,75.68131,75.68131,97.34841,97.34841
0.0,14.058029999999999,21.98,26.614711219999997,86.55,86.4192,57.81321321068475,440.8015432452246,440.8015432452246,66.10579141412822,-6.1,94.95991,94.95991,75.68131,75.68131,97.34841,97.34841
0.0,14.058029999999999,21.98,26.614711219999997,86.55,86.4192,45.18410937792303,456.5704029793334,456.5704029793334,51.665201497883615,-6.1,94.95991,94.95991,75.68131,75.68131,97.34841,97.34841
0.0,14.058029999999999,21.98,26.614711219999997,146.61615613386226,86.4192,39.995285207686536,438.9568201335747,438.9568201335747,45.732105770575956,37.670205218422865,94.95991,94.95991,75.68131,75.68131,97.34841,97.34841
0.0,14.058029999999999,21.98,26.614711219999997,86.55,86.4192,39.995285207686536,456.5704029793334,456.5704029793334,45.732105770575956,-3.341753761437383,94.95991,94.95991,75.68131,75.68131,97.34841,97.34841
0.0,14.058029999999999,21.98,26.614711219999997,86.55,86.4192,39.995285207686536,465.8438239513151,465.8438239513151,45.732105770575956,-6.1,94.95991,94.95991,75.68131,75.68131,97.34841,97.34841
0.0,14.058029999999999,21.98,26.614711219999997,86.55,86.4192,39.995285207686536,438.9568201335747,438.9568201335747,45.732105770575956,-6.1,94.95991,94.95991,75.68131,75.68131,97.34841,97.34841
0.0,14.058029999999999,21.98,26.614711219999997,86.55,86.4192,33.02818387247882,456.5704029793334,456.5704029793334,37.76566138790643,24.238843491716455,94.95991,94.95991,75.68131,75.68131,97.34841,97.34841
0.0,14.058029999999999,21.98,26.614711219999997,86.55,86.4192,33.02818387247882,438.2355032188301,438.2355032188301,37.76566138790643,16.062331163134687,94.95991,94.95991,75.68131,75.68131,97.34841,97.34841
0.0,14.058029999999999,21.98,26.614711219999997,86.55,86.4192,33.02818387247882,456.07277658259596,456.07277658259596,37.76566138790643,7.983787265213914,94.95991,94.95991,75.68131,75.68131,97.34841,97.34841
0.0,14.058029999999999,21.98,26.614711219999997,86.55,86.4192,39.995285207686536,456.5704029793334,456.5704029793334,45.732105770575956,-6.1,94.95991,94.95991,75.68131,75.68131,97.34841,97.34841
0.0,14.058029999999999,21.98,26.614711219999997,86.55,86.4192,57.81321321068475,456.5704029793334,456.5704029793334,47.28832288686652,-6.1,94.95991,94.95991,75.68131,75.68131,97.34841,97.34841
0.0,14.058029999999999,21.98,26.614711219999997,86.55,86.4192,57.81321321068475,381.8027050559701,381.8027050559701,47.28832288686652,-6.1,94.95991,94.95991,75.68131,75.68131,97.34841,97.34841
0.0,14.058029999999999,21.98,26.614711219999997,86.55,86.4192,57.81321321068475,456.5704029793334,456.5704029793334,47.28832288686652,-6.1,94.95991,94.95991,75.68131,75.68131,97.34841,97.34841
0.0,14.058029999999999,21.98,26.614711219999997,86.55,86.4192,57.81321321068475,473.8989601499168,473.8989601499168,47.28832288686652,-6.1,94.95991,94.95991,75.68131,75.68131,97.34841,97.34841
0.0,14.058029999999999,21.98,26.614711219999997,86.55,86.4192,57.81321321068475,473.8989601499168,473.8989601499168,47.28832288686652,-6.1,94.95991,94.95991,75.68131,75.68131,97.34841,97.34841
0.0,14.058029999999999,21.98,26.614711219999997,86.55,86.4192,57.81321321068475,456.5704029793334,456.5704029793334,47.28832288686652,-6.1,94.95991,94.95991,75.68131,75.68131,97.34841,97.34841
0.0,14.058029999999999,21.98,26.614711219999997,86.55,86.4192,57.81321321068475,466.5345070116305,466.5345070116305,47.28832288686652,-6.1,94.95991,94.95991,75.68131,75.68131,97.34841,97.34841
