Time_Index,Load_MW_z1,Load_MW_z2,Load_MW_z3,Load_H2_tonne_per_hr_z1,Load_H2_tonne_per_hr_z2,Load_H2_tonne_per_hr_z3,H2_Load_tonneperhr_z1,H2_Load_tonneperhr_z2,H2_Load_tonneperhr_z3,Diesel_Load_mmbtu_z1,Diesel_Load_mmbtu_z2,Diesel_Load_mmbtu_z3,Gasoline_Load_mmbtu_z1,Gasoline_Load_mmbtu_z2,Gasoline_Load_mmbtu_z3,JetFuel_Load_mmbtu_z1,JetFuel_Load_mmbtu_z2,JetFuel_Load_mmbtu_z3,NG_Load_mmbtu_z1,NG_Load_mmbtu_z2,NG_Load_mmbtu_z3,Demand_Zero
1,806154.0484,473038.6862,179488.025,522.3,266.33,77.14,4303.652968,4781.836631,5260.020294,15693.6,8816.3,3150.1,18194.95,11895.91,7058.56,59244.77,32395.61,33613.87,51899,38971,19417,0
2,754796.8441,451992.4479,170430.7046,522.3,266.33,77.14,4303.652968,4781.836631,5260.020294,15693.6,8816.3,3150.1,18194.95,11895.91,7058.56,59244.77,32395.61,33613.87,51899,38971,19417,0
3,719983.8566,441022.0508,165297.6156,522.3,266.33,77.14,4303.652968,4781.836631,5260.020294,15693.6,8816.3,3150.1,18194.95,11895.91,7058.56,59244.77,32395.61,33613.87,51899,38971,19417,0
4,699168.4954,441541.8603,164240.6245,522.3,266.33,77.14,4303.652968,4781.836631,5260.020294,15693.6,8816.3,3150.1,18194.95,11895.91,7058.56,59244.77,32395.61,33613.87,51899,38971,19417,0
5,698208.494,458937.3439,167915.7947,522.3,266.33,77.14,4303.652968,4781.836631,5260.020294,15693.6,8816.3,3150.1,18194.95,11895.91,7058.56,59244.77,32395.61,33613.87,51899,38971,19417,0
6,717580.9787,486620.2191,179074.948,522.3,266.33,77.14,4303.652968,4781.836631,5260.020294,15693.6,8816.3,3150.1,18194.95,11895.91,7058.56,59244.77,32395.61,33613.87,51899,38971,19417,0
7,752480.1938,528380.2596,199461.5121,522.3,266.33,77.14,4303.652968,4781.836631,5260.020294,15693.6,8816.3,3150.1,18194.95,11895.91,7058.56,59244.77,32395.61,33613.87,51899,38971,19417,0
8,792121.9311,562917.3664,218900.4291,522.3,266.33,77.14,4303.652968,4781.836631,5260.020294,15693.6,8816.3,3150.1,18194.95,11895.91,7058.56,59244.77,32395.61,33613.87,51899,38971,19417,0
9,841334.9406,589234.2307,231049.7522,522.3,266.33,77.14,4303.652968,4781.836631,5260.020294,15693.6,8816.3,3150.1,18194.95,11895.91,7058.56,59244.77,32395.61,33613.87,51899,38971,19417,0
10,889967.3504,612178.378,239511.7558,522.3,266.33,77.14,4303.652968,4781.836631,5260.020294,15693.6,8816.3,3150.1,18194.95,11895.91,7058.56,59244.77,32395.61,33613.87,51899,38971,19417,0
11,939335.5697,628207.8507,246521.9152,522.3,266.33,77.14,4303.652968,4781.836631,5260.020294,15693.6,8816.3,3150.1,18194.95,11895.91,7058.56,59244.77,32395.61,33613.87,51899,38971,19417,0
12,982328.6894,641378.3715,250269.9814,522.3,266.33,77.14,4303.652968,4781.836631,5260.020294,15693.6,8816.3,3150.1,18194.95,11895.91,7058.56,59244.77,32395.61,33613.87,51899,38971,19417,0
13,1.02E+06,654923.6387,253033.9524,522.3,266.33,77.14,4303.652968,4781.836631,5260.020294,15693.6,8816.3,3150.1,18194.95,11895.91,7058.56,59244.77,32395.61,33613.87,51899,38971,19417,0
14,1.05E+06,665035.7457,254582.9911,522.3,266.33,77.14,4303.652968,4781.836631,5260.020294,15693.6,8816.3,3150.1,18194.95,11895.91,7058.56,59244.77,32395.61,33613.87,51899,38971,19417,0
15,1.07E+06,676936.9643,254078.7942,522.3,266.33,77.14,4303.652968,4781.836631,5260.020294,15693.6,8816.3,3150.1,18194.95,11895.91,7058.56,59244.77,32395.61,33613.87,51899,38971,19417,0
16,1.09E+06,688324.4178,253179.7443,522.3,266.33,77.14,4303.652968,4781.836631,5260.020294,15693.6,8816.3,3150.1,18194.95,11895.91,7058.56,59244.77,32395.61,33613.87,51899,38971,19417,0
17,1.10E+06,694272.005,252487.2329,522.3,266.33,77.14,4303.652968,4781.836631,5260.020294,15693.6,8816.3,3150.1,18194.95,11895.91,7058.56,59244.77,32395.61,33613.87,51899,38971,19417,0
18,1.09E+06,686233.0914,248733.092,522.3,266.33,77.14,4303.652968,4781.836631,5260.020294,15693.6,8816.3,3150.1,18194.95,11895.91,7058.56,59244.77,32395.61,33613.87,51899,38971,19417,0
19,1.06E+06,667284.2238,242621.9825,522.3,266.33,77.14,4303.652968,4781.836631,5260.020294,15693.6,8816.3,3150.1,18194.95,11895.91,7058.56,59244.77,32395.61,33613.87,51899,38971,19417,0
20,1.03E+06,649411.2408,239754.7422,522.3,266.33,77.14,4303.652968,4781.836631,5260.020294,15693.6,8816.3,3150.1,18194.95,11895.91,7058.56,59244.77,32395.61,33613.87,51899,38971,19417,0
21,994216.6118,643681.2483,238971.1109,522.3,266.33,77.14,4303.652968,4781.836631,5260.020294,15693.6,8816.3,3150.1,18194.95,11895.91,7058.56,59244.77,32395.61,33613.87,51899,38971,19417,0
22,951367.2048,605420.8552,228783.9035,522.3,266.33,77.14,4303.652968,4781.836631,5260.020294,15693.6,8816.3,3150.1,18194.95,11895.91,7058.56,59244.77,32395.61,33613.87,51899,38971,19417,0
23,876268.6468,551820.0391,208616.0271,522.3,266.33,77.14,4303.652968,4781.836631,5260.020294,15693.6,8816.3,3150.1,18194.95,11895.91,7058.56,59244.77,32395.61,33613.87,51899,38971,19417,0
24,792495.5844,501966.6864,189250.0061,522.3,266.33,77.14,4303.652968,4781.836631,5260.020294,15693.6,8816.3,3150.1,18194.95,11895.91,7058.56,59244.77,32395.61,33613.87,51899,38971,19417,0
25,724048.0545,470107.2027,176049.7665,522.3,266.33,77.14,4303.652968,4781.836631,5260.020294,15693.6,8816.3,3150.1,18194.95,11895.91,7058.56,59244.77,32395.61,33613.87,51899,38971,19417,0
26,676956.2459,452264.4412,166962.0728,522.3,266.33,77.14,4303.652968,4781.836631,5260.020294,15693.6,8816.3,3150.1,18194.95,11895.91,7058.56,59244.77,32395.61,33613.87,51899,38971,19417,0
27,646264.9414,441590.2146,162624.7645,522.3,266.33,77.14,4303.652968,4781.836631,5260.020294,15693.6,8816.3,3150.1,18194.95,11895.91,7058.56,59244.77,32395.61,33613.87,51899,38971,19417,0
28,629898.9283,443463.9464,162321.0314,522.3,266.33,77.14,4303.652968,4781.836631,5260.020294,15693.6,8816.3,3150.1,18194.95,11895.91,7058.56,59244.77,32395.61,33613.87,51899,38971,19417,0
29,633037.6158,460931.9615,166500.3986,522.3,266.33,77.14,4303.652968,4781.836631,5260.020294,15693.6,8816.3,3150.1,18194.95,11895.91,7058.56,59244.77,32395.61,33613.87,51899,38971,19417,0
30,656462.8013,490567.1444,179506.2489,522.3,266.33,77.14,4303.652968,4781.836631,5260.020294,15693.6,8816.3,3150.1,18194.95,11895.91,7058.56,59244.77,32395.61,33613.87,51899,38971,19417,0
31,691810.4003,535518.573,201350.7319,522.3,266.33,77.14,4303.652968,4781.836631,5260.020294,15693.6,8816.3,3150.1,18194.95,11895.91,7058.56,59244.77,32395.61,33613.87,51899,38971,19417,0
32,731687.8266,576607.6966,222454.1061,522.3,266.33,77.14,4303.652968,4781.836631,5260.020294,15693.6,8816.3,3150.1,18194.95,11895.91,7058.56,59244.77,32395.61,33613.87,51899,38971,19417,0
33,780371.973,612130.0236,236863.2033,522.3,266.33,77.14,4303.652968,4781.836631,5260.020294,15693.6,8816.3,3150.1,18194.95,11895.91,7058.56,59244.77,32395.61,33613.87,51899,38971,19417,0
34,833062.8321,645168.1451,246436.87,522.3,266.33,77.14,4303.652968,4781.836631,5260.020294,15693.6,8816.3,3150.1,18194.95,11895.91,7058.56,59244.77,32395.61,33613.87,51899,38971,19417,0
35,887340.2805,671037.7315,253999.8236,522.3,266.33,77.14,4303.652968,4781.836631,5260.020294,15693.6,8816.3,3150.1,18194.95,11895.91,7058.56,59244.77,32395.61,33613.87,51899,38971,19417,0
36,938743.4729,690621.2503,258865.6275,522.3,266.33,77.14,4303.652968,4781.836631,5260.020294,15693.6,8816.3,3150.1,18194.95,11895.91,7058.56,59244.77,32395.61,33613.87,51899,38971,19417,0
37,988134.6863,717083.1778,263038.92,522.3,266.33,77.14,4303.652968,4781.836631,5260.020294,15693.6,8816.3,3150.1,18194.95,11895.91,7058.56,59244.77,32395.61,33613.87,51899,38971,19417,0
38,1.04E+06,741278.4943,266926.7034,522.3,266.33,77.14,4303.652968,4781.836631,5260.020294,15693.6,8816.3,3150.1,18194.95,11895.91,7058.56,59244.77,32395.61,33613.87,51899,38971,19417,0
39,1.08E+06,765262.2604,269229.0001,522.3,266.33,77.14,4303.652968,4781.836631,5260.020294,15693.6,8816.3,3150.1,18194.95,11895.91,7058.56,59244.77,32395.61,33613.87,51899,38971,19417,0
40,1.12E+06,784604.0073,270826.6361,522.3,266.33,77.14,4303.652968,4781.836631,5260.020294,15693.6,8816.3,3150.1,18194.95,11895.91,7058.56,59244.77,32395.61,33613.87,51899,38971,19417,0
41,1.14E+06,793906.1787,271373.3556,522.3,266.33,77.14,4303.652968,4781.836631,5260.020294,15693.6,8816.3,3150.1,18194.95,11895.91,7058.56,59244.77,32395.61,33613.87,51899,38971,19417,0
42,1.15E+06,788629.5084,268123.4117,522.3,266.33,77.14,4303.652968,4781.836631,5260.020294,15693.6,8816.3,3150.1,18194.95,11895.91,7058.56,59244.77,32395.61,33613.87,51899,38971,19417,0
43,1.12E+06,769130.6098,261866.5103,522.3,266.33,77.14,4303.652968,4781.836631,5260.020294,15693.6,8816.3,3150.1,18194.95,11895.91,7058.56,59244.77,32395.61,33613.87,51899,38971,19417,0
44,1.08E+06,745255.641,254765.2309,522.3,266.33,77.14,4303.652968,4781.836631,5260.020294,15693.6,8816.3,3150.1,18194.95,11895.91,7058.56,59244.77,32395.61,33613.87,51899,38971,19417,0
45,1.03E+06,728464.5869,251618.5563,522.3,266.33,77.14,4303.652968,4781.836631,5260.020294,15693.6,8816.3,3150.1,18194.95,11895.91,7058.56,59244.77,32395.61,33613.87,51899,38971,19417,0
46,973958.8562,683803.2845,241364.5276,522.3,266.33,77.14,4303.652968,4781.836631,5260.020294,15693.6,8816.3,3150.1,18194.95,11895.91,7058.56,59244.77,32395.61,33613.87,51899,38971,19417,0
47,891519.4486,620870.0755,220589.185,522.3,266.33,77.14,4303.652968,4781.836631,5260.020294,15693.6,8816.3,3150.1,18194.95,11895.91,7058.56,59244.77,32395.61,33613.87,51899,38971,19417,0
48,799870.925,565800.4955,200682.5191,522.3,266.33,77.14,4303.652968,4781.836631,5260.020294,15693.6,8816.3,3150.1,18194.95,11895.91,7058.56,59244.77,32395.61,33613.87,51899,38971,19417,0
49,726755.6035,527721.4313,186352.3925,522.3,266.33,77.14,4303.652968,4781.836631,5260.020294,15693.6,8816.3,3150.1,18194.95,11895.91,7058.56,59244.77,32395.61,33613.87,51899,38971,19417,0
50,675898.5197,502323.2999,177070.3097,522.3,266.33,77.14,4303.652968,4781.836631,5260.020294,15693.6,8816.3,3150.1,18194.95,11895.91,7058.56,59244.77,32395.61,33613.87,51899,38971,19417,0
51,643022.7807,488052.7173,171882.5487,522.3,266.33,77.14,4303.652968,4781.836631,5260.020294,15693.6,8816.3,3150.1,18194.95,11895.91,7058.56,59244.77,32395.61,33613.87,51899,38971,19417,0
52,623851.4939,485882.815,170351.734,522.3,266.33,77.14,4303.652968,4781.836631,5260.020294,15693.6,8816.3,3150.1,18194.95,11895.91,7058.56,59244.77,32395.61,33613.87,51899,38971,19417,0
53,624184.9076,503175.5456,174288.1147,522.3,266.33,77.14,4303.652968,4781.836631,5260.020294,15693.6,8816.3,3150.1,18194.95,11895.91,7058.56,59244.77,32395.61,33613.87,51899,38971,19417,0
54,648782.7896,535403.7314,187044.9039,522.3,266.33,77.14,4303.652968,4781.836631,5260.020294,15693.6,8816.3,3150.1,18194.95,11895.91,7058.56,59244.77,32395.61,33613.87,51899,38971,19417,0
55,686084.8826,585758.7606,209673.0182,522.3,266.33,77.14,4303.652968,4781.836631,5260.020294,15693.6,8816.3,3150.1,18194.95,11895.91,7058.56,59244.77,32395.61,33613.87,51899,38971,19417,0
56,736206.1569,637703.4396,232951.1213,522.3,266.33,77.14,4303.652968,4781.836631,5260.020294,15693.6,8816.3,3150.1,18194.95,11895.91,7058.56,59244.77,32395.61,33613.87,51899,38971,19417,0
57,800997.6333,689315.6824,251484.9137,522.3,266.33,77.14,4303.652968,4781.836631,5260.020294,15693.6,8816.3,3150.1,18194.95,11895.91,7058.56,59244.77,32395.61,33613.87,51899,38971,19417,0
58,873842.7748,742856.0555,265359.4407,522.3,266.33,77.14,4303.652968,4781.836631,5260.020294,15693.6,8816.3,3150.1,18194.95,11895.91,7058.56,59244.77,32395.61,33613.87,51899,38971,19417,0
59,951499.4206,790599.9489,276992.4176,522.3,266.33,77.14,4303.652968,4781.836631,5260.020294,15693.6,8816.3,3150.1,18194.95,11895.91,7058.56,59244.77,32395.61,33613.87,51899,38971,19417,0
60,1.03E+06,833447.9625,285843.1995,522.3,266.33,77.14,4303.652968,4781.836631,5260.020294,15693.6,8816.3,3150.1,18194.95,11895.91,7058.56,59244.77,32395.61,33613.87,51899,38971,19417,0
61,1.10E+06,873358.4484,294390.2483,522.3,266.33,77.14,4303.652968,4781.836631,5260.020294,15693.6,8816.3,3150.1,18194.95,11895.91,7058.56,59244.77,32395.61,33613.87,51899,38971,19417,0
62,1.16E+06,906577.8987,301667.6928,522.3,266.33,77.14,4303.652968,4781.836631,5260.020294,15693.6,8816.3,3150.1,18194.95,11895.91,7058.56,59244.77,32395.61,33613.87,51899,38971,19417,0
63,1.21E+06,929673.1534,307195.6348,522.3,266.33,77.14,4303.652968,4781.836631,5260.020294,15693.6,8816.3,3150.1,18194.95,11895.91,7058.56,59244.77,32395.61,33613.87,51899,38971,19417,0
64,1.24E+06,947564.2693,311933.8708,522.3,266.33,77.14,4303.652968,4781.836631,5260.020294,15693.6,8816.3,3150.1,18194.95,11895.91,7058.56,59244.77,32395.61,33613.87,51899,38971,19417,0
65,1.26E+06,954696.5384,315129.1428,522.3,266.33,77.14,4303.652968,4781.836631,5260.020294,15693.6,8816.3,3150.1,18194.95,11895.91,7058.56,59244.77,32395.61,33613.87,51899,38971,19417,0
66,1.26E+06,942456.8392,312966.5633,522.3,266.33,77.14,4303.652968,4781.836631,5260.020294,15693.6,8816.3,3150.1,18194.95,11895.91,7058.56,59244.77,32395.61,33613.87,51899,38971,19417,0
67,1.23E+06,918805.5093,306302.6596,522.3,266.33,77.14,4303.652968,4781.836631,5260.020294,15693.6,8816.3,3150.1,18194.95,11895.91,7058.56,59244.77,32395.61,33613.87,51899,38971,19417,0
68,1.18E+06,889672.0031,296838.3369,522.3,266.33,77.14,4303.652968,4781.836631,5260.020294,15693.6,8816.3,3150.1,18194.95,11895.91,7058.56,59244.77,32395.61,33613.87,51899,38971,19417,0
69,1.13E+06,870191.2374,291917.861,522.3,266.33,77.14,4303.652968,4781.836631,5260.020294,15693.6,8816.3,3150.1,18194.95,11895.91,7058.56,59244.77,32395.61,33613.87,51899,38971,19417,0
70,1.08E+06,819521.9048,279762.4632,522.3,266.33,77.14,4303.652968,4781.836631,5260.020294,15693.6,8816.3,3150.1,18194.95,11895.91,7058.56,59244.77,32395.61,33613.87,51899,38971,19417,0
71,989893.7309,749003.1044,256119.8805,522.3,266.33,77.14,4303.652968,4781.836631,5260.020294,15693.6,8816.3,3150.1,18194.95,11895.91,7058.56,59244.77,32395.61,33613.87,51899,38971,19417,0
72,895589.3949,688251.8863,232531.9697,522.3,266.33,77.14,4303.652968,4781.836631,5260.020294,15693.6,8816.3,3150.1,18194.95,11895.91,7058.56,59244.77,32395.61,33613.87,51899,38971,19417,0
73,815259.6911,642774.6039,215146.2883,522.3,266.33,77.14,4303.652968,4781.836631,5260.020294,15693.6,8816.3,3150.1,18194.95,11895.91,7058.56,59244.77,32395.61,33613.87,51899,38971,19417,0
74,757067.5062,613151.5096,203950.687,522.3,266.33,77.14,4303.652968,4781.836631,5260.020294,15693.6,8816.3,3150.1,18194.95,11895.91,7058.56,59244.77,32395.61,33613.87,51899,38971,19417,0
75,716511.7555,592866.8526,197584.4417,522.3,266.33,77.14,4303.652968,4781.836631,5260.020294,15693.6,8816.3,3150.1,18194.95,11895.91,7058.56,59244.77,32395.61,33613.87,51899,38971,19417,0
76,693161.3006,584676.8316,195409.7129,522.3,266.33,77.14,4303.652968,4781.836631,5260.020294,15693.6,8816.3,3150.1,18194.95,11895.91,7058.56,59244.77,32395.61,33613.87,51899,38971,19417,0
77,689942.134,596342.3227,198611.0595,522.3,266.33,77.14,4303.652968,4781.836631,5260.020294,15693.6,8816.3,3150.1,18194.95,11895.91,7058.56,59244.77,32395.61,33613.87,51899,38971,19417,0
78,707066.9506,621377.7964,210511.3215,522.3,266.33,77.14,4303.652968,4781.836631,5260.020294,15693.6,8816.3,3150.1,18194.95,11895.91,7058.56,59244.77,32395.61,33613.87,51899,38971,19417,0
79,742966.4068,666963.8761,231930.5782,522.3,266.33,77.14,4303.652968,4781.836631,5260.020294,15693.6,8816.3,3150.1,18194.95,11895.91,7058.56,59244.77,32395.61,33613.87,51899,38971,19417,0
80,794507.5635,722668.1072,255658.2062,522.3,266.33,77.14,4303.652968,4781.836631,5260.020294,15693.6,8816.3,3150.1,18194.95,11895.91,7058.56,59244.77,32395.61,33613.87,51899,38971,19417,0
81,868772.5874,780415.3103,274216.2972,522.3,266.33,77.14,4303.652968,4781.836631,5260.020294,15693.6,8816.3,3150.1,18194.95,11895.91,7058.56,59244.77,32395.61,33613.87,51899,38971,19417,0
82,958685.0604,836844.8568,289554.8177,522.3,266.33,77.14,4303.652968,4781.836631,5260.020294,15693.6,8816.3,3150.1,18194.95,11895.91,7058.56,59244.77,32395.61,33613.87,51899,38971,19417,0
83,1.05E+06,886770.741,304498.4851,522.3,266.33,77.14,4303.652968,4781.836631,5260.020294,15693.6,8816.3,3150.1,18194.95,11895.91,7058.56,59244.77,32395.61,33613.87,51899,38971,19417,0
84,1.14E+06,918249.4341,318105.727,522.3,266.33,77.14,4303.652968,4781.836631,5260.020294,15693.6,8816.3,3150.1,18194.95,11895.91,7058.56,59244.77,32395.61,33613.87,51899,38971,19417,0
85,1.20E+06,942444.7506,331135.876,522.3,266.33,77.14,4303.652968,4781.836631,5260.020294,15693.6,8816.3,3150.1,18194.95,11895.91,7058.56,59244.77,32395.61,33613.87,51899,38971,19417,0
86,1.26E+06,957301.63,342853.8981,522.3,266.33,77.14,4303.652968,4781.836631,5260.020294,15693.6,8816.3,3150.1,18194.95,11895.91,7058.56,59244.77,32395.61,33613.87,51899,38971,19417,0
87,1.29E+06,963793.2038,351564.9628,522.3,266.33,77.14,4303.652968,4781.836631,5260.020294,15693.6,8816.3,3150.1,18194.95,11895.91,7058.56,59244.77,32395.61,33613.87,51899,38971,19417,0
88,1.31E+06,963351.9702,356570.4839,522.3,266.33,77.14,4303.652968,4781.836631,5260.020294,15693.6,8816.3,3150.1,18194.95,11895.91,7058.56,59244.77,32395.61,33613.87,51899,38971,19417,0
89,1.32E+06,937784.5985,358435.405,522.3,266.33,77.14,4303.652968,4781.836631,5260.020294,15693.6,8816.3,3150.1,18194.95,11895.91,7058.56,59244.77,32395.61,33613.87,51899,38971,19417,0
90,1.31E+06,908923.0855,354079.8727,522.3,266.33,77.14,4303.652968,4781.836631,5260.020294,15693.6,8816.3,3150.1,18194.95,11895.91,7058.56,59244.77,32395.61,33613.87,51899,38971,19417,0
91,1.27E+06,867259.7538,344087.0544,522.3,266.33,77.14,4303.652968,4781.836631,5260.020294,15693.6,8816.3,3150.1,18194.95,11895.91,7058.56,59244.77,32395.61,33613.87,51899,38971,19417,0
92,1.23E+06,828328.4439,330613.4551,522.3,266.33,77.14,4303.652968,4781.836631,5260.020294,15693.6,8816.3,3150.1,18194.95,11895.91,7058.56,59244.77,32395.61,33613.87,51899,38971,19417,0
93,1.18E+06,793313.8377,320486.9943,522.3,266.33,77.14,4303.652968,4781.836631,5260.020294,15693.6,8816.3,3150.1,18194.95,11895.91,7058.56,59244.77,32395.61,33613.87,51899,38971,19417,0
94,1.13E+06,723496.1757,305093.8019,522.3,266.33,77.14,4303.652968,4781.836631,5260.020294,15693.6,8816.3,3150.1,18194.95,11895.91,7058.56,59244.77,32395.61,33613.87,51899,38971,19417,0
95,1.05E+06,631991.58,280126.9429,522.3,266.33,77.14,4303.652968,4781.836631,5260.020294,15693.6,8816.3,3150.1,18194.95,11895.91,7058.56,59244.77,32395.61,33613.87,51899,38971,19417,0
96,963531.0558,573984.4722,254321.7806,522.3,266.33,77.14,4303.652968,4781.836631,5260.020294,15693.6,8816.3,3150.1,18194.95,11895.91,7058.56,59244.77,32395.61,33613.87,51899,38971,19417,0
97,884552.2523,530199.5926,233564.6621,522.3,266.33,77.14,4303.652968,4781.836631,5260.020294,15693.6,8816.3,3150.1,18194.95,11895.91,7058.56,59244.77,32395.61,33613.87,51899,38971,19417,0
98,820824.2505,501174.8837,218420.5309,522.3,266.33,77.14,4303.652968,4781.836631,5260.020294,15693.6,8816.3,3150.1,18194.95,11895.91,7058.56,59244.77,32395.61,33613.87,51899,38971,19417,0
99,771777.9479,481567.1878,208148.2782,522.3,266.33,77.14,4303.652968,4781.836631,5260.020294,15693.6,8816.3,3150.1,18194.95,11895.91,7058.56,59244.77,32395.61,33613.87,51899,38971,19417,0
100,738137.6569,470264.3544,201921.7501,522.3,266.33,77.14,4303.652968,4781.836631,5260.020294,15693.6,8816.3,3150.1,18194.95,11895.91,7058.56,59244.77,32395.61,33613.87,51899,38971,19417,0
101,718966.37,466565.2453,198216.2065,522.3,266.33,77.14,4303.652968,4781.836631,5260.020294,15693.6,8816.3,3150.1,18194.95,11895.91,7058.56,59244.77,32395.61,33613.87,51899,38971,19417,0
102,707549.8256,468306.0025,199054.5098,522.3,266.33,77.14,4303.652968,4781.836631,5260.020294,15693.6,8816.3,3150.1,18194.95,11895.91,7058.56,59244.77,32395.61,33613.87,51899,38971,19417,0
103,714890.6752,495626.22,212625.3037,522.3,266.33,77.14,4303.652968,4781.836631,5260.020294,15693.6,8816.3,3150.1,18194.95,11895.91,7058.56,59244.77,32395.61,33613.87,51899,38971,19417,0
104,756826.0687,540499.0728,235144.0741,522.3,266.33,77.14,4303.652968,4781.836631,5260.020294,15693.6,8816.3,3150.1,18194.95,11895.91,7058.56,59244.77,32395.61,33613.87,51899,38971,19417,0
105,839219.4883,592461.8848,259266.5552,522.3,266.33,77.14,4303.652968,4781.836631,5260.020294,15693.6,8816.3,3150.1,18194.95,11895.91,7058.56,59244.77,32395.61,33613.87,51899,38971,19417,0
106,934656.2811,640483.8157,278960.6079,522.3,266.33,77.14,4303.652968,4781.836631,5260.020294,15693.6,8816.3,3150.1,18194.95,11895.91,7058.56,59244.77,32395.61,33613.87,51899,38971,19417,0
107,1.03E+06,679572.2774,292786.5376,522.3,266.33,77.14,4303.652968,4781.836631,5260.020294,15693.6,8816.3,3150.1,18194.95,11895.91,7058.56,59244.77,32395.61,33613.87,51899,38971,19417,0
108,1.12E+06,711050.9704,302560.6681,522.3,266.33,77.14,4303.652968,4781.836631,5260.020294,15693.6,8816.3,3150.1,18194.95,11895.91,7058.56,59244.77,32395.61,33613.87,51899,38971,19417,0
109,1.18E+06,737041.4428,309030.1826,522.3,266.33,77.14,4303.652968,4781.836631,5260.020294,15693.6,8816.3,3150.1,18194.95,11895.91,7058.56,59244.77,32395.61,33613.87,51899,38971,19417,0
110,1.23E+06,759459.7364,313962.8078,522.3,266.33,77.14,4303.652968,4781.836631,5260.020294,15693.6,8816.3,3150.1,18194.95,11895.91,7058.56,59244.77,32395.61,33613.87,51899,38971,19417,0
111,1.27E+06,775839.7783,317085.1838,522.3,266.33,77.14,4303.652968,4781.836631,5260.020294,15693.6,8816.3,3150.1,18194.95,11895.91,7058.56,59244.77,32395.61,33613.87,51899,38971,19417,0
112,1.29E+06,787813.5285,318822.537,522.3,266.33,77.14,4303.652968,4781.836631,5260.020294,15693.6,8816.3,3150.1,18194.95,11895.91,7058.56,59244.77,32395.61,33613.87,51899,38971,19417,0
113,1.30E+06,793718.8056,318798.2384,522.3,266.33,77.14,4303.652968,4781.836631,5260.020294,15693.6,8816.3,3150.1,18194.95,11895.91,7058.56,59244.77,32395.61,33613.87,51899,38971,19417,0
114,1.29E+06,788345.4265,316295.4778,522.3,266.33,77.14,4303.652968,4781.836631,5260.020294,15693.6,8816.3,3150.1,18194.95,11895.91,7058.56,59244.77,32395.61,33613.87,51899,38971,19417,0
115,1.26E+06,771765.9228,309844.1873,522.3,266.33,77.14,4303.652968,4781.836631,5260.020294,15693.6,8816.3,3150.1,18194.95,11895.91,7058.56,59244.77,32395.61,33613.87,51899,38971,19417,0
116,1.22E+06,746796.9364,299742.0251,522.3,266.33,77.14,4303.652968,4781.836631,5260.020294,15693.6,8816.3,3150.1,18194.95,11895.91,7058.56,59244.77,32395.61,33613.87,51899,38971,19417,0
117,1.18E+06,727817.8473,293515.497,522.3,266.33,77.14,4303.652968,4781.836631,5260.020294,15693.6,8816.3,3150.1,18194.95,11895.91,7058.56,59244.77,32395.61,33613.87,51899,38971,19417,0
118,1.13E+06,690977.8637,283601.6493,522.3,266.33,77.14,4303.652968,4781.836631,5260.020294,15693.6,8816.3,3150.1,18194.95,11895.91,7058.56,59244.77,32395.61,33613.87,51899,38971,19417,0
119,1.06E+06,640066.7593,264351.0469,522.3,266.33,77.14,4303.652968,4781.836631,5260.020294,15693.6,8816.3,3150.1,18194.95,11895.91,7058.56,59244.77,32395.61,33613.87,51899,38971,19417,0
120,971423.7625,589004.5475,242980.3875,522.3,266.33,77.14,4303.652968,4781.836631,5260.020294,15693.6,8816.3,3150.1,18194.95,11895.91,7058.56,59244.77,32395.61,33613.87,51899,38971,19417,0
121,897302.4514,550883.1732,225333.4957,522.3,266.33,77.14,4303.652968,4781.836631,5260.020294,15693.6,8816.3,3150.1,18194.95,11895.91,7058.56,59244.77,32395.61,33613.87,51899,38971,19417,0
122,835488.7041,522529.3811,212625.3037,522.3,266.33,77.14,4303.652968,4781.836631,5260.020294,15693.6,8816.3,3150.1,18194.95,11895.91,7058.56,59244.77,32395.61,33613.87,51899,38971,19417,0
123,791058.4565,500153.3977,203458.6395,522.3,266.33,77.14,4303.652968,4781.836631,5260.020294,15693.6,8816.3,3150.1,18194.95,11895.91,7058.56,59244.77,32395.61,33613.87,51899,38971,19417,0
124,757648.1059,487115.8514,197481.1725,522.3,266.33,77.14,4303.652968,4781.836631,5260.020294,15693.6,8816.3,3150.1,18194.95,11895.91,7058.56,59244.77,32395.61,33613.87,51899,38971,19417,0
125,736723.523,479753.899,193520.4931,522.3,266.33,77.14,4303.652968,4781.836631,5260.020294,15693.6,8816.3,3150.1,18194.95,11895.91,7058.56,59244.77,32395.61,33613.87,51899,38971,19417,0
126,722403.9801,475680.0435,192603.2193,522.3,266.33,77.14,4303.652968,4781.836631,5260.020294,15693.6,8816.3,3150.1,18194.95,11895.91,7058.56,59244.77,32395.61,33613.87,51899,38971,19417,0
127,725364.4637,503441.4946,202972.6665,522.3,266.33,77.14,4303.652968,4781.836631,5260.020294,15693.6,8816.3,3150.1,18194.95,11895.91,7058.56,59244.77,32395.61,33613.87,51899,38971,19417,0
128,766075.4242,557380.7913,223176.9909,522.3,266.33,77.14,4303.652968,4781.836631,5260.020294,15693.6,8816.3,3150.1,18194.95,11895.91,7058.56,59244.77,32395.61,33613.87,51899,38971,19417,0
129,851383.3392,621256.9105,246831.723,522.3,266.33,77.14,4303.652968,4781.836631,5260.020294,15693.6,8816.3,3150.1,18194.95,11895.91,7058.56,59244.77,32395.61,33613.87,51899,38971,19417,0
130,954362.1795,679868.4479,268469.6674,522.3,266.33,77.14,4303.652968,4781.836631,5260.020294,15693.6,8816.3,3150.1,18194.95,11895.91,7058.56,59244.77,32395.61,33613.87,51899,38971,19417,0
131,1.05E+06,730489.4261,285618.437,522.3,266.33,77.14,4303.652968,4781.836631,5260.020294,15693.6,8816.3,3150.1,18194.95,11895.91,7058.56,59244.77,32395.61,33613.87,51899,38971,19417,0
132,1.13E+06,768985.5467,299037.3644,522.3,266.33,77.14,4303.652968,4781.836631,5260.020294,15693.6,8816.3,3150.1,18194.95,11895.91,7058.56,59244.77,32395.61,33613.87,51899,38971,19417,0
133,1.19E+06,789947.1649,308368.0445,522.3,266.33,77.14,4303.652968,4781.836631,5260.020294,15693.6,8816.3,3150.1,18194.95,11895.91,7058.56,59244.77,32395.61,33613.87,51899,38971,19417,0
134,1.23E+06,799575.7283,313646.9254,522.3,266.33,77.14,4303.652968,4781.836631,5260.020294,15693.6,8816.3,3150.1,18194.95,11895.91,7058.56,59244.77,32395.61,33613.87,51899,38971,19417,0
135,1.26E+06,815695.8655,316368.3738,522.3,266.33,77.14,4303.652968,4781.836631,5260.020294,15693.6,8816.3,3150.1,18194.95,11895.91,7058.56,59244.77,32395.61,33613.87,51899,38971,19417,0
136,1.27E+06,832136.3503,315882.4008,522.3,266.33,77.14,4303.652968,4781.836631,5260.020294,15693.6,8816.3,3150.1,18194.95,11895.91,7058.56,59244.77,32395.61,33613.87,51899,38971,19417,0
137,1.27E+06,834390.8727,314509.5273,522.3,266.33,77.14,4303.652968,4781.836631,5260.020294,15693.6,8816.3,3150.1,18194.95,11895.91,7058.56,59244.77,32395.61,33613.87,51899,38971,19417,0
138,1.24E+06,822386.901,311879.1989,522.3,266.33,77.14,4303.652968,4781.836631,5260.020294,15693.6,8816.3,3150.1,18194.95,11895.91,7058.56,59244.77,32395.61,33613.87,51899,38971,19417,0
139,1.20E+06,798469.6221,308234.4019,522.3,266.33,77.14,4303.652968,4781.836631,5260.020294,15693.6,8816.3,3150.1,18194.95,11895.91,7058.56,59244.77,32395.61,33613.87,51899,38971,19417,0
140,1.16E+06,771312.6006,299529.4119,522.3,266.33,77.14,4303.652968,4781.836631,5260.020294,15693.6,8816.3,3150.1,18194.95,11895.91,7058.56,59244.77,32395.61,33613.87,51899,38971,19417,0
141,1.12E+06,749988.3247,293497.273,522.3,266.33,77.14,4303.652968,4781.836631,5260.020294,15693.6,8816.3,3150.1,18194.95,11895.91,7058.56,59244.77,32395.61,33613.87,51899,38971,19417,0
142,1.07E+06,706076.5149,281347.9499,522.3,266.33,77.14,4303.652968,4781.836631,5260.020294,15693.6,8816.3,3150.1,18194.95,11895.91,7058.56,59244.77,32395.61,33613.87,51899,38971,19417,0
143,991250.3797,647948.5212,258294.6093,522.3,266.33,77.14,4303.652968,4781.836631,5260.020294,15693.6,8816.3,3150.1,18194.95,11895.91,7058.56,59244.77,32395.61,33613.87,51899,38971,19417,0
144,906425.3396,596281.8798,234998.2822,522.3,266.33,77.14,4303.652968,4781.836631,5260.020294,15693.6,8816.3,3150.1,18194.95,11895.91,7058.56,59244.77,32395.61,33613.87,51899,38971,19417,0
145,832154.5673,556715.9188,218153.2458,522.3,266.33,77.14,4303.652968,4781.836631,5260.020294,15693.6,8816.3,3150.1,18194.95,11895.91,7058.56,59244.77,32395.61,33613.87,51899,38971,19417,0
146,778124.3049,530108.9282,206890.8232,522.3,266.33,77.14,4303.652968,4781.836631,5260.020294,15693.6,8816.3,3150.1,18194.95,11895.91,7058.56,59244.77,32395.61,33613.87,51899,38971,19417,0
147,740212.8696,511571.0726,198981.6139,522.3,266.33,77.14,4303.652968,4781.836631,5260.020294,15693.6,8816.3,3150.1,18194.95,11895.91,7058.56,59244.77,32395.61,33613.87,51899,38971,19417,0
148,717546.4876,507690.6347,196326.9868,522.3,266.33,77.14,4303.652968,4781.836631,5260.020294,15693.6,8816.3,3150.1,18194.95,11895.91,7058.56,59244.77,32395.61,33613.87,51899,38971,19417,0
149,714241.0934,520782.5796,198884.4193,522.3,266.33,77.14,4303.652968,4781.836631,5260.020294,15693.6,8816.3,3150.1,18194.95,11895.91,7058.56,59244.77,32395.61,33613.87,51899,38971,19417,0
150,731584.3534,547589.0319,209423.9571,522.3,266.33,77.14,4303.652968,4781.836631,5260.020294,15693.6,8816.3,3150.1,18194.95,11895.91,7058.56,59244.77,32395.61,33613.87,51899,38971,19417,0
151,765885.7233,596668.7147,232216.0873,522.3,266.33,77.14,4303.652968,4781.836631,5260.020294,15693.6,8816.3,3150.1,18194.95,11895.91,7058.56,59244.77,32395.61,33613.87,51899,38971,19417,0
152,809505.4308,650734.9416,256636.2267,522.3,266.33,77.14,4303.652968,4781.836631,5260.020294,15693.6,8816.3,3150.1,18194.95,11895.91,7058.56,59244.77,32395.61,33613.87,51899,38971,19417,0
153,870111.9906,703145.0314,276409.2501,522.3,266.33,77.14,4303.652968,4781.836631,5260.020294,15693.6,8816.3,3150.1,18194.95,11895.91,7058.56,59244.77,32395.61,33613.87,51899,38971,19417,0
154,941456.7705,753306.6431,292780.463,522.3,266.33,77.14,4303.652968,4781.836631,5260.020294,15693.6,8816.3,3150.1,18194.95,11895.91,7058.56,59244.77,32395.61,33613.87,51899,38971,19417,0
155,1.02E+06,796698.6434,305342.863,522.3,266.33,77.14,4303.652968,4781.836631,5260.020294,15693.6,8816.3,3150.1,18194.95,11895.91,7058.56,59244.77,32395.61,33613.87,51899,38971,19417,0
156,1.09E+06,831042.3328,313610.4774,522.3,266.33,77.14,4303.652968,4781.836631,5260.020294,15693.6,8816.3,3150.1,18194.95,11895.91,7058.56,59244.77,32395.61,33613.87,51899,38971,19417,0
157,1.14E+06,858834.0054,319958.4987,522.3,266.33,77.14,4303.652968,4781.836631,5260.020294,15693.6,8816.3,3150.1,18194.95,11895.91,7058.56,59244.77,32395.61,33613.87,51899,38971,19417,0
158,1.19E+06,883017.2333,325188.7823,522.3,266.33,77.14,4303.652968,4781.836631,5260.020294,15693.6,8816.3,3150.1,18194.95,11895.91,7058.56,59244.77,32395.61,33613.87,51899,38971,19417,0
159,1.23E+06,898164.2388,328189.6652,522.3,266.33,77.14,4303.652968,4781.836631,5260.020294,15693.6,8816.3,3150.1,18194.95,11895.91,7058.56,59244.77,32395.61,33613.87,51899,38971,19417,0
160,1.25E+06,908862.6426,329021.8938,522.3,266.33,77.14,4303.652968,4781.836631,5260.020294,15693.6,8816.3,3150.1,18194.95,11895.91,7058.56,59244.77,32395.61,33613.87,51899,38971,19417,0
161,1.25E+06,910585.2669,328280.7851,522.3,266.33,77.14,4303.652968,4781.836631,5260.020294,15693.6,8816.3,3150.1,18194.95,11895.91,7058.56,59244.77,32395.61,33613.87,51899,38971,19417,0
162,1.24E+06,898303.2576,322989.7549,522.3,266.33,77.14,4303.652968,4781.836631,5260.020294,15693.6,8816.3,3150.1,18194.95,11895.91,7058.56,59244.77,32395.61,33613.87,51899,38971,19417,0
163,1.21E+06,871176.4576,313458.6109,522.3,266.33,77.14,4303.652968,4781.836631,5260.020294,15693.6,8816.3,3150.1,18194.95,11895.91,7058.56,59244.77,32395.61,33613.87,51899,38971,19417,0
164,1.17E+06,839389.5054,303635.8831,522.3,266.33,77.14,4303.652968,4781.836631,5260.020294,15693.6,8816.3,3150.1,18194.95,11895.91,7058.56,59244.77,32395.61,33613.87,51899,38971,19417,0
165,1.13E+06,817503.1099,296929.4568,522.3,266.33,77.14,4303.652968,4781.836631,5260.020294,15693.6,8816.3,3150.1,18194.95,11895.91,7058.56,59244.77,32395.61,33613.87,51899,38971,19417,0
166,1.07E+06,763092.3582,282332.0451,522.3,266.33,77.14,4303.652968,4781.836631,5260.020294,15693.6,8816.3,3150.1,18194.95,11895.91,7058.56,59244.77,32395.61,33613.87,51899,38971,19417,0
167,989255.6461,694852.2574,256484.3602,522.3,266.33,77.14,4303.652968,4781.836631,5260.020294,15693.6,8816.3,3150.1,18194.95,11895.91,7058.56,59244.77,32395.61,33613.87,51899,38971,19417,0
168,898348.6806,633937.8433,231487.1279,522.3,266.33,77.14,4303.652968,4781.836631,5260.020294,15693.6,8816.3,3150.1,18194.95,11895.91,7058.56,59244.77,32395.61,33613.87,51899,38971,19417,0