,commodity,commodity_subtype,node_in,node_out,resource_id,component_id,type,variable,time,weighted_value,time_weight,zone,weighted_value_flow,value
0,Electricity,flow,SE_battery_moderate_0_storage,elec_SE,SE_battery_moderate_0,SE_battery_moderate_0_discharge_edge,Battery,flow,8736,44182180.20829672,,SE,44182180.20829672,
1,Electricity,flow,SE_conventional_hydroelectric_1_storage,elec_SE,SE_conventional_hydroelectric_1,SE_conventional_hydroelectric_1_discharge_edge,HydroRes,flow,8736,22153226.463009574,,SE,22153226.463009574,
2,Electricity,flow,SE_hydroelectric_pumped_storage_1_storage,elec_SE,SE_hydroelectric_pumped_storage_1,SE_hydroelectric_pumped_storage_1_discharge_edge,Battery,flow,8736,11156058.94684051,,SE,11156058.94684051,
3,Electricity,flow,SE_landbasedwind_class4_moderate_70_1_transforms,elec_SE,SE_landbasedwind_class4_moderate_70_1,SE_landbasedwind_class4_moderate_70_1_edge,VRE,flow,8736,0.0,,SE,0.0,
4,Electricity,flow,SE_landbasedwind_class4_moderate_70_2_transforms,elec_SE,SE_landbasedwind_class4_moderate_70_2,SE_landbasedwind_class4_moderate_70_2_edge,VRE,flow,8736,41070948.50395895,,SE,41070948.50395895,
5,Electricity,flow,SE_landbasedwind_class4_moderate_70_3_transforms,elec_SE,SE_landbasedwind_class4_moderate_70_3,SE_landbasedwind_class4_moderate_70_3_edge,VRE,flow,8736,0.0,,SE,0.0,
6,Electricity,flow,SE_landbasedwind_class4_moderate_70_4_transforms,elec_SE,SE_landbasedwind_class4_moderate_70_4,SE_landbasedwind_class4_moderate_70_4_edge,VRE,flow,8736,138007738.64973712,,SE,138007738.64973712,
7,Electricity,flow,SE_landbasedwind_class4_moderate_70_5_transforms,elec_SE,SE_landbasedwind_class4_moderate_70_5,SE_landbasedwind_class4_moderate_70_5_edge,VRE,flow,8736,0.0,,SE,0.0,
8,Electricity,flow,SE_landbasedwind_class4_moderate_70_6_transforms,elec_SE,SE_landbasedwind_class4_moderate_70_6,SE_landbasedwind_class4_moderate_70_6_edge,VRE,flow,8736,126493600.51659179,,SE,126493600.51659179,
9,Electricity,flow,SE_landbasedwind_class4_moderate_70_7_transforms,elec_SE,SE_landbasedwind_class4_moderate_70_7,SE_landbasedwind_class4_moderate_70_7_edge,VRE,flow,8736,0.0,,SE,0.0,
10,Electricity,flow,SE_landbasedwind_class4_moderate_70_8_transforms,elec_SE,SE_landbasedwind_class4_moderate_70_8,SE_landbasedwind_class4_moderate_70_8_edge,VRE,flow,8736,0.0,,SE,0.0,
11,Electricity,flow,SE_natural_gas_fired_combined_cycle_1_transforms,elec_SE,SE_natural_gas_fired_combined_cycle_1,SE_natural_gas_fired_combined_cycle_1_elec_edge,ThermalPower{NaturalGas},flow,8736,80060163.35814558,,SE,80060163.35814558,
12,Electricity,flow,SE_natural_gas_fired_combined_cycle_2_transforms,elec_SE,SE_natural_gas_fired_combined_cycle_2,SE_natural_gas_fired_combined_cycle_2_elec_edge,ThermalPower{NaturalGas},flow,8736,6106634.828687602,,SE,6106634.828687602,
13,Electricity,flow,SE_natural_gas_fired_combined_cycle_3_transforms,elec_SE,SE_natural_gas_fired_combined_cycle_3,SE_natural_gas_fired_combined_cycle_3_elec_edge,ThermalPower{NaturalGas},flow,8736,193490885.24964973,,SE,193490885.24964973,
14,Electricity,flow,SE_natural_gas_fired_combined_cycle_4_transforms,elec_SE,SE_natural_gas_fired_combined_cycle_4,SE_natural_gas_fired_combined_cycle_4_elec_edge,ThermalPower{NaturalGas},flow,8736,3107384.326220227,,SE,3107384.326220227,
15,Electricity,flow,SE_natural_gas_fired_combustion_turbine_1_transforms,elec_SE,SE_natural_gas_fired_combustion_turbine_1,SE_natural_gas_fired_combustion_turbine_1_elec_edge,ThermalPower{NaturalGas},flow,8736,4522151.069060494,,SE,4522151.069060494,
16,Electricity,flow,SE_natural_gas_fired_combustion_turbine_2_transforms,elec_SE,SE_natural_gas_fired_combustion_turbine_2,SE_natural_gas_fired_combustion_turbine_2_elec_edge,ThermalPower{NaturalGas},flow,8736,459469.6666481015,,SE,459469.6666481015,
17,Electricity,flow,SE_naturalgas_ccavgcf_moderate_0_transforms,elec_SE,SE_naturalgas_ccavgcf_moderate_0,SE_naturalgas_ccavgcf_moderate_0_elec_edge,ThermalPower{NaturalGas},flow,8736,69084959.34794424,,SE,69084959.34794424,
18,Electricity,flow,SE_naturalgas_ctavgcf_moderate_0_transforms,elec_SE,SE_naturalgas_ctavgcf_moderate_0,SE_naturalgas_ctavgcf_moderate_0_elec_edge,ThermalPower{NaturalGas},flow,8736,0.0,,SE,0.0,
19,Electricity,flow,SE_nuclear_1_transforms,elec_SE,SE_nuclear_1,SE_nuclear_1_elec_edge,ThermalPower{Uranium},flow,8736,287344066.9547674,,SE,287344066.9547674,
20,Electricity,flow,SE_nuclear_2_transforms,elec_SE,SE_nuclear_2,SE_nuclear_2_elec_edge,ThermalPower{Uranium},flow,8736,19247952.261200596,,SE,19247952.261200596,
21,Electricity,flow,SE_nuclear_mid_0_transforms,elec_SE,SE_nuclear_mid_0,SE_nuclear_mid_0_elec_edge,ThermalPower{Uranium},flow,8736,0.0,,SE,0.0,
22,Electricity,flow,SE_small_hydroelectric_1_transforms,elec_SE,SE_small_hydroelectric_1,SE_small_hydroelectric_1_elec_edge,MustRun,flow,8736,500193.1086199138,,SE,500193.1086199138,
23,Electricity,flow,SE_solar_photovoltaic_1_transforms,elec_SE,SE_solar_photovoltaic_1,SE_solar_photovoltaic_1_edge,VRE,flow,8736,18783313.755788937,,SE,18783313.755788937,
24,Electricity,flow,SE_utilitypv_class1_moderate_70_0_2_1_transforms,elec_SE,SE_utilitypv_class1_moderate_70_0_2_1,SE_utilitypv_class1_moderate_70_0_2_1_edge,VRE,flow,8736,0.0,,SE,0.0,
25,Electricity,flow,SE_utilitypv_class1_moderate_70_0_2_2_transforms,elec_SE,SE_utilitypv_class1_moderate_70_0_2_2,SE_utilitypv_class1_moderate_70_0_2_2_edge,VRE,flow,8736,0.0,,SE,0.0,
26,Electricity,flow,SE_utilitypv_class1_moderate_70_0_2_3_transforms,elec_SE,SE_utilitypv_class1_moderate_70_0_2_3,SE_utilitypv_class1_moderate_70_0_2_3_edge,VRE,flow,8736,155088635.61961305,,SE,155088635.61961305,
27,Electricity,flow,SE_utilitypv_class1_moderate_70_0_2_4_transforms,elec_SE,SE_utilitypv_class1_moderate_70_0_2_4,SE_utilitypv_class1_moderate_70_0_2_4_edge,VRE,flow,8736,0.0,,SE,0.0,
28,Electricity,flow,SE_utilitypv_class1_moderate_70_0_2_5_transforms,elec_SE,SE_utilitypv_class1_moderate_70_0_2_5,SE_utilitypv_class1_moderate_70_0_2_5_edge,VRE,flow,8736,106202601.38872726,,SE,106202601.38872726,
29,Electricity,flow,SE_utilitypv_class1_moderate_70_0_2_6_transforms,elec_SE,SE_utilitypv_class1_moderate_70_0_2_6,SE_utilitypv_class1_moderate_70_0_2_6_edge,VRE,flow,8736,0.0,,SE,0.0,
30,Electricity,flow,SE_utilitypv_class1_moderate_70_0_2_7_transforms,elec_SE,SE_utilitypv_class1_moderate_70_0_2_7,SE_utilitypv_class1_moderate_70_0_2_7_edge,VRE,flow,8736,0.0,,SE,0.0,
31,Electricity,flow,SE_utilitypv_class1_moderate_70_0_2_8_transforms,elec_SE,SE_utilitypv_class1_moderate_70_0_2_8,SE_utilitypv_class1_moderate_70_0_2_8_edge,VRE,flow,8736,0.0,,SE,0.0,
32,Electricity,flow,elec_SE,SE_battery_moderate_0_storage,SE_battery_moderate_0,SE_battery_moderate_0_charge_edge,Battery,flow,8736,52200118.39354528,,SE,-52200118.39354528,
33,Electricity,flow,elec_SE,SE_hydroelectric_pumped_storage_1_storage,SE_hydroelectric_pumped_storage_1,SE_hydroelectric_pumped_storage_1_charge_edge,Battery,flow,8736,14875617.965374649,,SE,-14875617.965374649,
34,Electricity,flow,uranium_SE,uranium_demand_SE,SE_Electricity_Demand,SE_Electricity_demand_edge,Demand,flow,8736,1262741926.9230769,1.0027472527472527,SE,-1262741926.9230769,1259282360.0
35,Electricity,flow,elec_SE,elec_nsd_SE,SE_Electricity_NSD,SE_Electricity_nsd_edge,NSD,flow,8736,804.9513461538461,1.0027472527472527,SE,-804.9513461538461,802.746
