commodity,commodity_subtype,zone,resource_id,component_id,type,variable,value
Hydrogen,capacity,h2_CA,CA_Electrolyzer,CA_Electrolyzer_h2_edge,Electrolyzer,capacity,0
Hydrogen,capacity,h2_NW,NW_Electrolyzer,NW_Electrolyzer_h2_edge,Electrolyzer,capacity,0
Hydrogen,capacity,h2_SW,SW_Electrolyzer,SW_Electrolyzer_h2_edge,Electrolyzer,capacity,0
Hydrogen,capacity,h2_TX,TX_Electrolyzer,TX_Electrolyzer_h2_edge,Electrolyzer,capacity,0
Hydrogen,capacity,h2_NCEN,NCEN_Electrolyzer,NCEN_Electrolyzer_h2_edge,Electrolyzer,capacity,0
Hydrogen,capacity,h2_CEN,CEN_Electrolyzer,CEN_Electrolyzer_h2_edge,Electrolyzer,capacity,0
Hydrogen,capacity,h2_SE,SE_Electrolyzer,SE_Electrolyzer_h2_edge,Electrolyzer,capacity,0
Hydrogen,capacity,h2_MIDAT,MIDAT_Electrolyzer,MIDAT_Electrolyzer_h2_edge,Electrolyzer,capacity,0
Hydrogen,capacity,h2_NE,NE_Electrolyzer,NE_Electrolyzer_h2_edge,Electrolyzer,capacity,0
Hydrogen,capacity,internal,h2_NW_to_CA,h2_NW_to_CA_charge_edge,GasStorage{Hydrogen},capacity,0
Hydrogen,capacity,internal,h2_NW_to_CA,h2_NW_to_CA_discharge_edge,GasStorage{Hydrogen},capacity,0
Hydrogen,capacity,internal,h2_CA_to_SW,h2_CA_to_SW_charge_edge,GasStorage{Hydrogen},capacity,0
Hydrogen,capacity,internal,h2_CA_to_SW,h2_CA_to_SW_discharge_edge,GasStorage{Hydrogen},capacity,0
Hydrogen,capacity,internal,h2_SW_to_CA,h2_SW_to_CA_charge_edge,GasStorage{Hydrogen},capacity,0
Hydrogen,capacity,internal,h2_SW_to_CA,h2_SW_to_CA_discharge_edge,GasStorage{Hydrogen},capacity,0
Hydrogen,capacity,internal,h2_NW_to_SW,h2_NW_to_SW_charge_edge,GasStorage{Hydrogen},capacity,0
Hydrogen,capacity,internal,h2_NW_to_SW,h2_NW_to_SW_discharge_edge,GasStorage{Hydrogen},capacity,0
Hydrogen,capacity,internal,h2_SW_to_NW,h2_SW_to_NW_charge_edge,GasStorage{Hydrogen},capacity,0
Hydrogen,capacity,internal,h2_SW_to_NW,h2_SW_to_NW_discharge_edge,GasStorage{Hydrogen},capacity,0
Hydrogen,capacity,internal,h2_SW_to_CEN,h2_SW_to_CEN_charge_edge,GasStorage{Hydrogen},capacity,0
Hydrogen,capacity,internal,h2_SW_to_CEN,h2_SW_to_CEN_discharge_edge,GasStorage{Hydrogen},capacity,0
Hydrogen,capacity,internal,h2_CEN_to_SW,h2_CEN_to_SW_charge_edge,GasStorage{Hydrogen},capacity,0
Hydrogen,capacity,internal,h2_CEN_to_SW,h2_CEN_to_SW_discharge_edge,GasStorage{Hydrogen},capacity,0
Hydrogen,capacity,internal,h2_TX_to_CEN,h2_TX_to_CEN_charge_edge,GasStorage{Hydrogen},capacity,0
Hydrogen,capacity,internal,h2_TX_to_CEN,h2_TX_to_CEN_discharge_edge,GasStorage{Hydrogen},capacity,0
Hydrogen,capacity,internal,h2_CEN_to_TX,h2_CEN_to_TX_charge_edge,GasStorage{Hydrogen},capacity,0
Hydrogen,capacity,internal,h2_CEN_to_TX,h2_CEN_to_TX_discharge_edge,GasStorage{Hydrogen},capacity,0
Hydrogen,capacity,internal,h2_NCEN_to_CEN,h2_NCEN_to_CEN_charge_edge,GasStorage{Hydrogen},capacity,0
Hydrogen,capacity,internal,h2_NCEN_to_CEN,h2_NCEN_to_CEN_discharge_edge,GasStorage{Hydrogen},capacity,0
Hydrogen,capacity,internal,h2_CEN_to_NCEN,h2_CEN_to_NCEN_charge_edge,GasStorage{Hydrogen},capacity,0
Hydrogen,capacity,internal,h2_CEN_to_NCEN,h2_CEN_to_NCEN_discharge_edge,GasStorage{Hydrogen},capacity,0
Hydrogen,capacity,internal,h2_NCEN_to_SE,h2_NCEN_to_SE_charge_edge,GasStorage{Hydrogen},capacity,0
Hydrogen,capacity,internal,h2_NCEN_to_SE,h2_NCEN_to_SE_discharge_edge,GasStorage{Hydrogen},capacity,0
Hydrogen,capacity,internal,h2_SE_to_NCEN,h2_SE_to_NCEN_charge_edge,GasStorage{Hydrogen},capacity,0
Hydrogen,capacity,internal,h2_SE_to_NCEN,h2_SE_to_NCEN_discharge_edge,GasStorage{Hydrogen},capacity,0
Hydrogen,capacity,internal,h2_NCEN_to_MIDAT,h2_NCEN_to_MIDAT_charge_edge,GasStorage{Hydrogen},capacity,0
Hydrogen,capacity,internal,h2_NCEN_to_MIDAT,h2_NCEN_to_MIDAT_discharge_edge,GasStorage{Hydrogen},capacity,0
Hydrogen,capacity,internal,h2_MIDAT_to_NCEN,h2_MIDAT_to_NCEN_charge_edge,GasStorage{Hydrogen},capacity,0
Hydrogen,capacity,internal,h2_MIDAT_to_NCEN,h2_MIDAT_to_NCEN_discharge_edge,GasStorage{Hydrogen},capacity,0
Hydrogen,capacity,internal,h2_CEN_to_SE,h2_CEN_to_SE_charge_edge,GasStorage{Hydrogen},capacity,0
Hydrogen,capacity,internal,h2_CEN_to_SE,h2_CEN_to_SE_discharge_edge,GasStorage{Hydrogen},capacity,0
Hydrogen,capacity,internal,h2_SE_to_CEN,h2_SE_to_CEN_charge_edge,GasStorage{Hydrogen},capacity,0
Hydrogen,capacity,internal,h2_SE_to_CEN,h2_SE_to_CEN_discharge_edge,GasStorage{Hydrogen},capacity,0
Hydrogen,capacity,internal,h2_SE_to_MIDAT,h2_SE_to_MIDAT_charge_edge,GasStorage{Hydrogen},capacity,0
Hydrogen,capacity,internal,h2_SE_to_MIDAT,h2_SE_to_MIDAT_discharge_edge,GasStorage{Hydrogen},capacity,0
Hydrogen,capacity,internal,h2_MIDAT_to_SE,h2_MIDAT_to_SE_charge_edge,GasStorage{Hydrogen},capacity,0
Hydrogen,capacity,internal,h2_MIDAT_to_SE,h2_MIDAT_to_SE_discharge_edge,GasStorage{Hydrogen},capacity,0
Hydrogen,capacity,internal,h2_MIDAT_to_NE,h2_MIDAT_to_NE_charge_edge,GasStorage{Hydrogen},capacity,0
Hydrogen,capacity,internal,h2_MIDAT_to_NE,h2_MIDAT_to_NE_discharge_edge,GasStorage{Hydrogen},capacity,0
Hydrogen,capacity,internal,h2_NE_to_MIDAT,h2_NE_to_MIDAT_charge_edge,GasStorage{Hydrogen},capacity,0
Hydrogen,capacity,internal,h2_NE_to_MIDAT,h2_NE_to_MIDAT_discharge_edge,GasStorage{Hydrogen},capacity,0
Hydrogen,capacity,internal,CA_Above_ground_storage,CA_Above_ground_storage_charge_edge,GasStorage{Hydrogen},capacity,1.333192042
Hydrogen,capacity,internal,CA_Above_ground_storage,CA_Above_ground_storage_discharge_edge,GasStorage{Hydrogen},capacity,28.56995377
Hydrogen,capacity,internal,NW_Above_ground_storage,NW_Above_ground_storage_charge_edge,GasStorage{Hydrogen},capacity,0.195768087
Hydrogen,capacity,internal,NW_Above_ground_storage,NW_Above_ground_storage_discharge_edge,GasStorage{Hydrogen},capacity,15.46567884
Hydrogen,capacity,internal,SW_Above_ground_storage,SW_Above_ground_storage_charge_edge,GasStorage{Hydrogen},capacity,0
Hydrogen,capacity,internal,SW_Above_ground_storage,SW_Above_ground_storage_discharge_edge,GasStorage{Hydrogen},capacity,1.03E-11
Hydrogen,capacity,internal,TX_Above_ground_storage,TX_Above_ground_storage_charge_edge,GasStorage{Hydrogen},capacity,8.422120401
Hydrogen,capacity,internal,TX_Above_ground_storage,TX_Above_ground_storage_discharge_edge,GasStorage{Hydrogen},capacity,51.65668156
Hydrogen,capacity,internal,NCEN_Above_ground_storage,NCEN_Above_ground_storage_charge_edge,GasStorage{Hydrogen},capacity,3.667657427
Hydrogen,capacity,internal,NCEN_Above_ground_storage,NCEN_Above_ground_storage_discharge_edge,GasStorage{Hydrogen},capacity,16.68722142
Hydrogen,capacity,internal,CEN_Above_ground_storage,CEN_Above_ground_storage_charge_edge,GasStorage{Hydrogen},capacity,3.843352685
Hydrogen,capacity,internal,CEN_Above_ground_storage,CEN_Above_ground_storage_discharge_edge,GasStorage{Hydrogen},capacity,15.01815324
Hydrogen,capacity,internal,SE_Above_ground_storage,SE_Above_ground_storage_charge_edge,GasStorage{Hydrogen},capacity,0.157950164
Hydrogen,capacity,internal,SE_Above_ground_storage,SE_Above_ground_storage_discharge_edge,GasStorage{Hydrogen},capacity,0.710775736
Hydrogen,capacity,internal,MIDAT_Above_ground_storage,MIDAT_Above_ground_storage_charge_edge,GasStorage{Hydrogen},capacity,1.730637106
Hydrogen,capacity,internal,MIDAT_Above_ground_storage,MIDAT_Above_ground_storage_discharge_edge,GasStorage{Hydrogen},capacity,8.65318553
Hydrogen,capacity,internal,NE_Above_ground_storage,NE_Above_ground_storage_charge_edge,GasStorage{Hydrogen},capacity,-3.90E-12
Hydrogen,capacity,internal,NE_Above_ground_storage,NE_Above_ground_storage_discharge_edge,GasStorage{Hydrogen},capacity,-3.61E-12
Hydrogen,capacity,h2_CA,CA_ATR_wCCS_94pct,CA_ATR_wCCS_94pct_h2_edge,ThermalHydrogenCCS{NaturalGas},capacity,0
Hydrogen,capacity,h2_NW,NW_ATR_wCCS_94pct,NW_ATR_wCCS_94pct_h2_edge,ThermalHydrogenCCS{NaturalGas},capacity,0
Hydrogen,capacity,h2_SW,SW_ATR_wCCS_94pct,SW_ATR_wCCS_94pct_h2_edge,ThermalHydrogenCCS{NaturalGas},capacity,0
Hydrogen,capacity,h2_TX,TX_ATR_wCCS_94pct,TX_ATR_wCCS_94pct_h2_edge,ThermalHydrogenCCS{NaturalGas},capacity,0
Hydrogen,capacity,h2_NCEN,NCEN_ATR_wCCS_94pct,NCEN_ATR_wCCS_94pct_h2_edge,ThermalHydrogenCCS{NaturalGas},capacity,0
Hydrogen,capacity,h2_CEN,CEN_ATR_wCCS_94pct,CEN_ATR_wCCS_94pct_h2_edge,ThermalHydrogenCCS{NaturalGas},capacity,0
Hydrogen,capacity,h2_SE,SE_ATR_wCCS_94pct,SE_ATR_wCCS_94pct_h2_edge,ThermalHydrogenCCS{NaturalGas},capacity,0
Hydrogen,capacity,h2_MIDAT,MIDAT_ATR_wCCS_94pct,MIDAT_ATR_wCCS_94pct_h2_edge,ThermalHydrogenCCS{NaturalGas},capacity,0
Hydrogen,capacity,h2_NE,NE_ATR_wCCS_94pct,NE_ATR_wCCS_94pct_h2_edge,ThermalHydrogenCCS{NaturalGas},capacity,0
Hydrogen,capacity,h2_CA,CA_Large_SMR_wCCS_96pct,CA_Large_SMR_wCCS_96pct_h2_edge,ThermalHydrogenCCS{NaturalGas},capacity,0
Hydrogen,capacity,h2_NW,NW_Large_SMR_wCCS_96pct,NW_Large_SMR_wCCS_96pct_h2_edge,ThermalHydrogenCCS{NaturalGas},capacity,0
Hydrogen,capacity,h2_SW,SW_Large_SMR_wCCS_96pct,SW_Large_SMR_wCCS_96pct_h2_edge,ThermalHydrogenCCS{NaturalGas},capacity,0
Hydrogen,capacity,h2_TX,TX_Large_SMR_wCCS_96pct,TX_Large_SMR_wCCS_96pct_h2_edge,ThermalHydrogenCCS{NaturalGas},capacity,0
Hydrogen,capacity,h2_NCEN,NCEN_Large_SMR_wCCS_96pct,NCEN_Large_SMR_wCCS_96pct_h2_edge,ThermalHydrogenCCS{NaturalGas},capacity,0
Hydrogen,capacity,h2_CEN,CEN_Large_SMR_wCCS_96pct,CEN_Large_SMR_wCCS_96pct_h2_edge,ThermalHydrogenCCS{NaturalGas},capacity,0
Hydrogen,capacity,h2_SE,SE_Large_SMR_wCCS_96pct,SE_Large_SMR_wCCS_96pct_h2_edge,ThermalHydrogenCCS{NaturalGas},capacity,0
Hydrogen,capacity,h2_MIDAT,MIDAT_Large_SMR_wCCS_96pct,MIDAT_Large_SMR_wCCS_96pct_h2_edge,ThermalHydrogenCCS{NaturalGas},capacity,0
Hydrogen,capacity,h2_NE,NE_Large_SMR_wCCS_96pct,NE_Large_SMR_wCCS_96pct_h2_edge,ThermalHydrogenCCS{NaturalGas},capacity,0
Hydrogen,capacity,h2_NW_to_CA_storage,h2_NW_to_CA,h2_NW_to_CA_storage,GasStorage{Hydrogen},capacity,0
Hydrogen,capacity,h2_CA_to_SW_storage,h2_CA_to_SW,h2_CA_to_SW_storage,GasStorage{Hydrogen},capacity,0
Hydrogen,capacity,h2_SW_to_CA_storage,h2_SW_to_CA,h2_SW_to_CA_storage,GasStorage{Hydrogen},capacity,0
Hydrogen,capacity,h2_NW_to_SW_storage,h2_NW_to_SW,h2_NW_to_SW_storage,GasStorage{Hydrogen},capacity,0
Hydrogen,capacity,h2_SW_to_NW_storage,h2_SW_to_NW,h2_SW_to_NW_storage,GasStorage{Hydrogen},capacity,0
Hydrogen,capacity,h2_SW_to_CEN_storage,h2_SW_to_CEN,h2_SW_to_CEN_storage,GasStorage{Hydrogen},capacity,0
Hydrogen,capacity,h2_CEN_to_SW_storage,h2_CEN_to_SW,h2_CEN_to_SW_storage,GasStorage{Hydrogen},capacity,0
Hydrogen,capacity,h2_TX_to_CEN_storage,h2_TX_to_CEN,h2_TX_to_CEN_storage,GasStorage{Hydrogen},capacity,0
Hydrogen,capacity,h2_CEN_to_TX_storage,h2_CEN_to_TX,h2_CEN_to_TX_storage,GasStorage{Hydrogen},capacity,0
Hydrogen,capacity,h2_NCEN_to_CEN_storage,h2_NCEN_to_CEN,h2_NCEN_to_CEN_storage,GasStorage{Hydrogen},capacity,0
Hydrogen,capacity,h2_CEN_to_NCEN_storage,h2_CEN_to_NCEN,h2_CEN_to_NCEN_storage,GasStorage{Hydrogen},capacity,0
Hydrogen,capacity,h2_NCEN_to_SE_storage,h2_NCEN_to_SE,h2_NCEN_to_SE_storage,GasStorage{Hydrogen},capacity,0
Hydrogen,capacity,h2_SE_to_NCEN_storage,h2_SE_to_NCEN,h2_SE_to_NCEN_storage,GasStorage{Hydrogen},capacity,0
Hydrogen,capacity,h2_NCEN_to_MIDAT_storage,h2_NCEN_to_MIDAT,h2_NCEN_to_MIDAT_storage,GasStorage{Hydrogen},capacity,0
Hydrogen,capacity,h2_MIDAT_to_NCEN_storage,h2_MIDAT_to_NCEN,h2_MIDAT_to_NCEN_storage,GasStorage{Hydrogen},capacity,0
Hydrogen,capacity,h2_CEN_to_SE_storage,h2_CEN_to_SE,h2_CEN_to_SE_storage,GasStorage{Hydrogen},capacity,0
Hydrogen,capacity,h2_SE_to_CEN_storage,h2_SE_to_CEN,h2_SE_to_CEN_storage,GasStorage{Hydrogen},capacity,0
Hydrogen,capacity,h2_SE_to_MIDAT_storage,h2_SE_to_MIDAT,h2_SE_to_MIDAT_storage,GasStorage{Hydrogen},capacity,0
Hydrogen,capacity,h2_MIDAT_to_SE_storage,h2_MIDAT_to_SE,h2_MIDAT_to_SE_storage,GasStorage{Hydrogen},capacity,0
Hydrogen,capacity,h2_MIDAT_to_NE_storage,h2_MIDAT_to_NE,h2_MIDAT_to_NE_storage,GasStorage{Hydrogen},capacity,0
Hydrogen,capacity,h2_NE_to_MIDAT_storage,h2_NE_to_MIDAT,h2_NE_to_MIDAT_storage,GasStorage{Hydrogen},capacity,0
Hydrogen,capacity,h2_CA,CA_Electrolyzer,CA_Electrolyzer_h2_edge,Electrolyzer,new_capacity,0
Hydrogen,capacity,h2_NW,NW_Electrolyzer,NW_Electrolyzer_h2_edge,Electrolyzer,new_capacity,0
Hydrogen,capacity,h2_SW,SW_Electrolyzer,SW_Electrolyzer_h2_edge,Electrolyzer,new_capacity,0
Hydrogen,capacity,h2_TX,TX_Electrolyzer,TX_Electrolyzer_h2_edge,Electrolyzer,new_capacity,0
Hydrogen,capacity,h2_NCEN,NCEN_Electrolyzer,NCEN_Electrolyzer_h2_edge,Electrolyzer,new_capacity,0
Hydrogen,capacity,h2_CEN,CEN_Electrolyzer,CEN_Electrolyzer_h2_edge,Electrolyzer,new_capacity,0
Hydrogen,capacity,h2_SE,SE_Electrolyzer,SE_Electrolyzer_h2_edge,Electrolyzer,new_capacity,0
Hydrogen,capacity,h2_MIDAT,MIDAT_Electrolyzer,MIDAT_Electrolyzer_h2_edge,Electrolyzer,new_capacity,0
Hydrogen,capacity,h2_NE,NE_Electrolyzer,NE_Electrolyzer_h2_edge,Electrolyzer,new_capacity,0
Hydrogen,capacity,internal,h2_NW_to_CA,h2_NW_to_CA_charge_edge,GasStorage{Hydrogen},new_capacity,0
Hydrogen,capacity,internal,h2_NW_to_CA,h2_NW_to_CA_discharge_edge,GasStorage{Hydrogen},new_capacity,0
Hydrogen,capacity,internal,h2_CA_to_SW,h2_CA_to_SW_charge_edge,GasStorage{Hydrogen},new_capacity,0
Hydrogen,capacity,internal,h2_CA_to_SW,h2_CA_to_SW_discharge_edge,GasStorage{Hydrogen},new_capacity,0
Hydrogen,capacity,internal,h2_SW_to_CA,h2_SW_to_CA_charge_edge,GasStorage{Hydrogen},new_capacity,0
Hydrogen,capacity,internal,h2_SW_to_CA,h2_SW_to_CA_discharge_edge,GasStorage{Hydrogen},new_capacity,0
Hydrogen,capacity,internal,h2_NW_to_SW,h2_NW_to_SW_charge_edge,GasStorage{Hydrogen},new_capacity,0
Hydrogen,capacity,internal,h2_NW_to_SW,h2_NW_to_SW_discharge_edge,GasStorage{Hydrogen},new_capacity,0
Hydrogen,capacity,internal,h2_SW_to_NW,h2_SW_to_NW_charge_edge,GasStorage{Hydrogen},new_capacity,0
Hydrogen,capacity,internal,h2_SW_to_NW,h2_SW_to_NW_discharge_edge,GasStorage{Hydrogen},new_capacity,0
Hydrogen,capacity,internal,h2_SW_to_CEN,h2_SW_to_CEN_charge_edge,GasStorage{Hydrogen},new_capacity,0
Hydrogen,capacity,internal,h2_SW_to_CEN,h2_SW_to_CEN_discharge_edge,GasStorage{Hydrogen},new_capacity,0
Hydrogen,capacity,internal,h2_CEN_to_SW,h2_CEN_to_SW_charge_edge,GasStorage{Hydrogen},new_capacity,0
Hydrogen,capacity,internal,h2_CEN_to_SW,h2_CEN_to_SW_discharge_edge,GasStorage{Hydrogen},new_capacity,0
Hydrogen,capacity,internal,h2_TX_to_CEN,h2_TX_to_CEN_charge_edge,GasStorage{Hydrogen},new_capacity,0
Hydrogen,capacity,internal,h2_TX_to_CEN,h2_TX_to_CEN_discharge_edge,GasStorage{Hydrogen},new_capacity,0
Hydrogen,capacity,internal,h2_CEN_to_TX,h2_CEN_to_TX_charge_edge,GasStorage{Hydrogen},new_capacity,0
Hydrogen,capacity,internal,h2_CEN_to_TX,h2_CEN_to_TX_discharge_edge,GasStorage{Hydrogen},new_capacity,0
Hydrogen,capacity,internal,h2_NCEN_to_CEN,h2_NCEN_to_CEN_charge_edge,GasStorage{Hydrogen},new_capacity,0
Hydrogen,capacity,internal,h2_NCEN_to_CEN,h2_NCEN_to_CEN_discharge_edge,GasStorage{Hydrogen},new_capacity,0
Hydrogen,capacity,internal,h2_CEN_to_NCEN,h2_CEN_to_NCEN_charge_edge,GasStorage{Hydrogen},new_capacity,0
Hydrogen,capacity,internal,h2_CEN_to_NCEN,h2_CEN_to_NCEN_discharge_edge,GasStorage{Hydrogen},new_capacity,0
Hydrogen,capacity,internal,h2_NCEN_to_SE,h2_NCEN_to_SE_charge_edge,GasStorage{Hydrogen},new_capacity,0
Hydrogen,capacity,internal,h2_NCEN_to_SE,h2_NCEN_to_SE_discharge_edge,GasStorage{Hydrogen},new_capacity,0
Hydrogen,capacity,internal,h2_SE_to_NCEN,h2_SE_to_NCEN_charge_edge,GasStorage{Hydrogen},new_capacity,0
Hydrogen,capacity,internal,h2_SE_to_NCEN,h2_SE_to_NCEN_discharge_edge,GasStorage{Hydrogen},new_capacity,0
Hydrogen,capacity,internal,h2_NCEN_to_MIDAT,h2_NCEN_to_MIDAT_charge_edge,GasStorage{Hydrogen},new_capacity,0
Hydrogen,capacity,internal,h2_NCEN_to_MIDAT,h2_NCEN_to_MIDAT_discharge_edge,GasStorage{Hydrogen},new_capacity,0
Hydrogen,capacity,internal,h2_MIDAT_to_NCEN,h2_MIDAT_to_NCEN_charge_edge,GasStorage{Hydrogen},new_capacity,0
Hydrogen,capacity,internal,h2_MIDAT_to_NCEN,h2_MIDAT_to_NCEN_discharge_edge,GasStorage{Hydrogen},new_capacity,0
Hydrogen,capacity,internal,h2_CEN_to_SE,h2_CEN_to_SE_charge_edge,GasStorage{Hydrogen},new_capacity,0
Hydrogen,capacity,internal,h2_CEN_to_SE,h2_CEN_to_SE_discharge_edge,GasStorage{Hydrogen},new_capacity,0
Hydrogen,capacity,internal,h2_SE_to_CEN,h2_SE_to_CEN_charge_edge,GasStorage{Hydrogen},new_capacity,0
Hydrogen,capacity,internal,h2_SE_to_CEN,h2_SE_to_CEN_discharge_edge,GasStorage{Hydrogen},new_capacity,0
Hydrogen,capacity,internal,h2_SE_to_MIDAT,h2_SE_to_MIDAT_charge_edge,GasStorage{Hydrogen},new_capacity,0
Hydrogen,capacity,internal,h2_SE_to_MIDAT,h2_SE_to_MIDAT_discharge_edge,GasStorage{Hydrogen},new_capacity,0
Hydrogen,capacity,internal,h2_MIDAT_to_SE,h2_MIDAT_to_SE_charge_edge,GasStorage{Hydrogen},new_capacity,0
Hydrogen,capacity,internal,h2_MIDAT_to_SE,h2_MIDAT_to_SE_discharge_edge,GasStorage{Hydrogen},new_capacity,0
Hydrogen,capacity,internal,h2_MIDAT_to_NE,h2_MIDAT_to_NE_charge_edge,GasStorage{Hydrogen},new_capacity,0
Hydrogen,capacity,internal,h2_MIDAT_to_NE,h2_MIDAT_to_NE_discharge_edge,GasStorage{Hydrogen},new_capacity,0
Hydrogen,capacity,internal,h2_NE_to_MIDAT,h2_NE_to_MIDAT_charge_edge,GasStorage{Hydrogen},new_capacity,0
Hydrogen,capacity,internal,h2_NE_to_MIDAT,h2_NE_to_MIDAT_discharge_edge,GasStorage{Hydrogen},new_capacity,0
Hydrogen,capacity,internal,CA_Above_ground_storage,CA_Above_ground_storage_charge_edge,GasStorage{Hydrogen},new_capacity,1.333192042
Hydrogen,capacity,internal,CA_Above_ground_storage,CA_Above_ground_storage_discharge_edge,GasStorage{Hydrogen},new_capacity,28.56995377
Hydrogen,capacity,internal,NW_Above_ground_storage,NW_Above_ground_storage_charge_edge,GasStorage{Hydrogen},new_capacity,0.195768087
Hydrogen,capacity,internal,NW_Above_ground_storage,NW_Above_ground_storage_discharge_edge,GasStorage{Hydrogen},new_capacity,15.46567884
Hydrogen,capacity,internal,SW_Above_ground_storage,SW_Above_ground_storage_charge_edge,GasStorage{Hydrogen},new_capacity,0
Hydrogen,capacity,internal,SW_Above_ground_storage,SW_Above_ground_storage_discharge_edge,GasStorage{Hydrogen},new_capacity,1.03E-11
Hydrogen,capacity,internal,TX_Above_ground_storage,TX_Above_ground_storage_charge_edge,GasStorage{Hydrogen},new_capacity,8.422120401
Hydrogen,capacity,internal,TX_Above_ground_storage,TX_Above_ground_storage_discharge_edge,GasStorage{Hydrogen},new_capacity,51.65668156
Hydrogen,capacity,internal,NCEN_Above_ground_storage,NCEN_Above_ground_storage_charge_edge,GasStorage{Hydrogen},new_capacity,3.667657427
Hydrogen,capacity,internal,NCEN_Above_ground_storage,NCEN_Above_ground_storage_discharge_edge,GasStorage{Hydrogen},new_capacity,16.68722142
Hydrogen,capacity,internal,CEN_Above_ground_storage,CEN_Above_ground_storage_charge_edge,GasStorage{Hydrogen},new_capacity,3.843352685
Hydrogen,capacity,internal,CEN_Above_ground_storage,CEN_Above_ground_storage_discharge_edge,GasStorage{Hydrogen},new_capacity,15.01815324
Hydrogen,capacity,internal,SE_Above_ground_storage,SE_Above_ground_storage_charge_edge,GasStorage{Hydrogen},new_capacity,0.157950164
Hydrogen,capacity,internal,SE_Above_ground_storage,SE_Above_ground_storage_discharge_edge,GasStorage{Hydrogen},new_capacity,0.710775736
Hydrogen,capacity,internal,MIDAT_Above_ground_storage,MIDAT_Above_ground_storage_charge_edge,GasStorage{Hydrogen},new_capacity,1.730637106
Hydrogen,capacity,internal,MIDAT_Above_ground_storage,MIDAT_Above_ground_storage_discharge_edge,GasStorage{Hydrogen},new_capacity,8.65318553
Hydrogen,capacity,internal,NE_Above_ground_storage,NE_Above_ground_storage_charge_edge,GasStorage{Hydrogen},new_capacity,-3.90E-12
Hydrogen,capacity,internal,NE_Above_ground_storage,NE_Above_ground_storage_discharge_edge,GasStorage{Hydrogen},new_capacity,-3.61E-12
Hydrogen,capacity,h2_CA,CA_ATR_wCCS_94pct,CA_ATR_wCCS_94pct_h2_edge,ThermalHydrogenCCS{NaturalGas},new_capacity,0
Hydrogen,capacity,h2_NW,NW_ATR_wCCS_94pct,NW_ATR_wCCS_94pct_h2_edge,ThermalHydrogenCCS{NaturalGas},new_capacity,0
Hydrogen,capacity,h2_SW,SW_ATR_wCCS_94pct,SW_ATR_wCCS_94pct_h2_edge,ThermalHydrogenCCS{NaturalGas},new_capacity,0
Hydrogen,capacity,h2_TX,TX_ATR_wCCS_94pct,TX_ATR_wCCS_94pct_h2_edge,ThermalHydrogenCCS{NaturalGas},new_capacity,0
Hydrogen,capacity,h2_NCEN,NCEN_ATR_wCCS_94pct,NCEN_ATR_wCCS_94pct_h2_edge,ThermalHydrogenCCS{NaturalGas},new_capacity,0
Hydrogen,capacity,h2_CEN,CEN_ATR_wCCS_94pct,CEN_ATR_wCCS_94pct_h2_edge,ThermalHydrogenCCS{NaturalGas},new_capacity,0
Hydrogen,capacity,h2_SE,SE_ATR_wCCS_94pct,SE_ATR_wCCS_94pct_h2_edge,ThermalHydrogenCCS{NaturalGas},new_capacity,0
Hydrogen,capacity,h2_MIDAT,MIDAT_ATR_wCCS_94pct,MIDAT_ATR_wCCS_94pct_h2_edge,ThermalHydrogenCCS{NaturalGas},new_capacity,0
Hydrogen,capacity,h2_NE,NE_ATR_wCCS_94pct,NE_ATR_wCCS_94pct_h2_edge,ThermalHydrogenCCS{NaturalGas},new_capacity,0
Hydrogen,capacity,h2_CA,CA_Large_SMR_wCCS_96pct,CA_Large_SMR_wCCS_96pct_h2_edge,ThermalHydrogenCCS{NaturalGas},new_capacity,0
Hydrogen,capacity,h2_NW,NW_Large_SMR_wCCS_96pct,NW_Large_SMR_wCCS_96pct_h2_edge,ThermalHydrogenCCS{NaturalGas},new_capacity,0
Hydrogen,capacity,h2_SW,SW_Large_SMR_wCCS_96pct,SW_Large_SMR_wCCS_96pct_h2_edge,ThermalHydrogenCCS{NaturalGas},new_capacity,0
Hydrogen,capacity,h2_TX,TX_Large_SMR_wCCS_96pct,TX_Large_SMR_wCCS_96pct_h2_edge,ThermalHydrogenCCS{NaturalGas},new_capacity,0
Hydrogen,capacity,h2_NCEN,NCEN_Large_SMR_wCCS_96pct,NCEN_Large_SMR_wCCS_96pct_h2_edge,ThermalHydrogenCCS{NaturalGas},new_capacity,0
Hydrogen,capacity,h2_CEN,CEN_Large_SMR_wCCS_96pct,CEN_Large_SMR_wCCS_96pct_h2_edge,ThermalHydrogenCCS{NaturalGas},new_capacity,0
Hydrogen,capacity,h2_SE,SE_Large_SMR_wCCS_96pct,SE_Large_SMR_wCCS_96pct_h2_edge,ThermalHydrogenCCS{NaturalGas},new_capacity,0
Hydrogen,capacity,h2_MIDAT,MIDAT_Large_SMR_wCCS_96pct,MIDAT_Large_SMR_wCCS_96pct_h2_edge,ThermalHydrogenCCS{NaturalGas},new_capacity,0
Hydrogen,capacity,h2_NE,NE_Large_SMR_wCCS_96pct,NE_Large_SMR_wCCS_96pct_h2_edge,ThermalHydrogenCCS{NaturalGas},new_capacity,0
Hydrogen,capacity,h2_NW_to_CA_storage,h2_NW_to_CA,h2_NW_to_CA_storage,GasStorage{Hydrogen},new_capacity,0
Hydrogen,capacity,h2_CA_to_SW_storage,h2_CA_to_SW,h2_CA_to_SW_storage,GasStorage{Hydrogen},new_capacity,0
Hydrogen,capacity,h2_SW_to_CA_storage,h2_SW_to_CA,h2_SW_to_CA_storage,GasStorage{Hydrogen},new_capacity,0
Hydrogen,capacity,h2_NW_to_SW_storage,h2_NW_to_SW,h2_NW_to_SW_storage,GasStorage{Hydrogen},new_capacity,0
Hydrogen,capacity,h2_SW_to_NW_storage,h2_SW_to_NW,h2_SW_to_NW_storage,GasStorage{Hydrogen},new_capacity,0
Hydrogen,capacity,h2_SW_to_CEN_storage,h2_SW_to_CEN,h2_SW_to_CEN_storage,GasStorage{Hydrogen},new_capacity,0
Hydrogen,capacity,h2_CEN_to_SW_storage,h2_CEN_to_SW,h2_CEN_to_SW_storage,GasStorage{Hydrogen},new_capacity,0
Hydrogen,capacity,h2_TX_to_CEN_storage,h2_TX_to_CEN,h2_TX_to_CEN_storage,GasStorage{Hydrogen},new_capacity,0
Hydrogen,capacity,h2_CEN_to_TX_storage,h2_CEN_to_TX,h2_CEN_to_TX_storage,GasStorage{Hydrogen},new_capacity,0
Hydrogen,capacity,h2_NCEN_to_CEN_storage,h2_NCEN_to_CEN,h2_NCEN_to_CEN_storage,GasStorage{Hydrogen},new_capacity,0
Hydrogen,capacity,h2_CEN_to_NCEN_storage,h2_CEN_to_NCEN,h2_CEN_to_NCEN_storage,GasStorage{Hydrogen},new_capacity,0
Hydrogen,capacity,h2_NCEN_to_SE_storage,h2_NCEN_to_SE,h2_NCEN_to_SE_storage,GasStorage{Hydrogen},new_capacity,0
Hydrogen,capacity,h2_SE_to_NCEN_storage,h2_SE_to_NCEN,h2_SE_to_NCEN_storage,GasStorage{Hydrogen},new_capacity,0
Hydrogen,capacity,h2_NCEN_to_MIDAT_storage,h2_NCEN_to_MIDAT,h2_NCEN_to_MIDAT_storage,GasStorage{Hydrogen},new_capacity,0
Hydrogen,capacity,h2_MIDAT_to_NCEN_storage,h2_MIDAT_to_NCEN,h2_MIDAT_to_NCEN_storage,GasStorage{Hydrogen},new_capacity,0
Hydrogen,capacity,h2_CEN_to_SE_storage,h2_CEN_to_SE,h2_CEN_to_SE_storage,GasStorage{Hydrogen},new_capacity,0
Hydrogen,capacity,h2_SE_to_CEN_storage,h2_SE_to_CEN,h2_SE_to_CEN_storage,GasStorage{Hydrogen},new_capacity,0
Hydrogen,capacity,h2_SE_to_MIDAT_storage,h2_SE_to_MIDAT,h2_SE_to_MIDAT_storage,GasStorage{Hydrogen},new_capacity,0
Hydrogen,capacity,h2_MIDAT_to_SE_storage,h2_MIDAT_to_SE,h2_MIDAT_to_SE_storage,GasStorage{Hydrogen},new_capacity,0
Hydrogen,capacity,h2_MIDAT_to_NE_storage,h2_MIDAT_to_NE,h2_MIDAT_to_NE_storage,GasStorage{Hydrogen},new_capacity,0
Hydrogen,capacity,h2_NE_to_MIDAT_storage,h2_NE_to_MIDAT,h2_NE_to_MIDAT_storage,GasStorage{Hydrogen},new_capacity,0
Hydrogen,capacity,h2_CA,CA_Electrolyzer,CA_Electrolyzer_h2_edge,Electrolyzer,retired_capacity,0
Hydrogen,capacity,h2_NW,NW_Electrolyzer,NW_Electrolyzer_h2_edge,Electrolyzer,retired_capacity,0
Hydrogen,capacity,h2_SW,SW_Electrolyzer,SW_Electrolyzer_h2_edge,Electrolyzer,retired_capacity,0
Hydrogen,capacity,h2_TX,TX_Electrolyzer,TX_Electrolyzer_h2_edge,Electrolyzer,retired_capacity,0
Hydrogen,capacity,h2_NCEN,NCEN_Electrolyzer,NCEN_Electrolyzer_h2_edge,Electrolyzer,retired_capacity,0
Hydrogen,capacity,h2_CEN,CEN_Electrolyzer,CEN_Electrolyzer_h2_edge,Electrolyzer,retired_capacity,0
Hydrogen,capacity,h2_SE,SE_Electrolyzer,SE_Electrolyzer_h2_edge,Electrolyzer,retired_capacity,0
Hydrogen,capacity,h2_MIDAT,MIDAT_Electrolyzer,MIDAT_Electrolyzer_h2_edge,Electrolyzer,retired_capacity,0
Hydrogen,capacity,h2_NE,NE_Electrolyzer,NE_Electrolyzer_h2_edge,Electrolyzer,retired_capacity,0
Hydrogen,capacity,internal,h2_NW_to_CA,h2_NW_to_CA_charge_edge,GasStorage{Hydrogen},retired_capacity,0
Hydrogen,capacity,internal,h2_NW_to_CA,h2_NW_to_CA_discharge_edge,GasStorage{Hydrogen},retired_capacity,0
Hydrogen,capacity,internal,h2_CA_to_SW,h2_CA_to_SW_charge_edge,GasStorage{Hydrogen},retired_capacity,0
Hydrogen,capacity,internal,h2_CA_to_SW,h2_CA_to_SW_discharge_edge,GasStorage{Hydrogen},retired_capacity,0
Hydrogen,capacity,internal,h2_SW_to_CA,h2_SW_to_CA_charge_edge,GasStorage{Hydrogen},retired_capacity,0
Hydrogen,capacity,internal,h2_SW_to_CA,h2_SW_to_CA_discharge_edge,GasStorage{Hydrogen},retired_capacity,0
Hydrogen,capacity,internal,h2_NW_to_SW,h2_NW_to_SW_charge_edge,GasStorage{Hydrogen},retired_capacity,0
Hydrogen,capacity,internal,h2_NW_to_SW,h2_NW_to_SW_discharge_edge,GasStorage{Hydrogen},retired_capacity,0
Hydrogen,capacity,internal,h2_SW_to_NW,h2_SW_to_NW_charge_edge,GasStorage{Hydrogen},retired_capacity,0
Hydrogen,capacity,internal,h2_SW_to_NW,h2_SW_to_NW_discharge_edge,GasStorage{Hydrogen},retired_capacity,0
Hydrogen,capacity,internal,h2_SW_to_CEN,h2_SW_to_CEN_charge_edge,GasStorage{Hydrogen},retired_capacity,0
Hydrogen,capacity,internal,h2_SW_to_CEN,h2_SW_to_CEN_discharge_edge,GasStorage{Hydrogen},retired_capacity,0
Hydrogen,capacity,internal,h2_CEN_to_SW,h2_CEN_to_SW_charge_edge,GasStorage{Hydrogen},retired_capacity,0
Hydrogen,capacity,internal,h2_CEN_to_SW,h2_CEN_to_SW_discharge_edge,GasStorage{Hydrogen},retired_capacity,0
Hydrogen,capacity,internal,h2_TX_to_CEN,h2_TX_to_CEN_charge_edge,GasStorage{Hydrogen},retired_capacity,0
Hydrogen,capacity,internal,h2_TX_to_CEN,h2_TX_to_CEN_discharge_edge,GasStorage{Hydrogen},retired_capacity,0
Hydrogen,capacity,internal,h2_CEN_to_TX,h2_CEN_to_TX_charge_edge,GasStorage{Hydrogen},retired_capacity,0
Hydrogen,capacity,internal,h2_CEN_to_TX,h2_CEN_to_TX_discharge_edge,GasStorage{Hydrogen},retired_capacity,0
Hydrogen,capacity,internal,h2_NCEN_to_CEN,h2_NCEN_to_CEN_charge_edge,GasStorage{Hydrogen},retired_capacity,0
Hydrogen,capacity,internal,h2_NCEN_to_CEN,h2_NCEN_to_CEN_discharge_edge,GasStorage{Hydrogen},retired_capacity,0
Hydrogen,capacity,internal,h2_CEN_to_NCEN,h2_CEN_to_NCEN_charge_edge,GasStorage{Hydrogen},retired_capacity,0
Hydrogen,capacity,internal,h2_CEN_to_NCEN,h2_CEN_to_NCEN_discharge_edge,GasStorage{Hydrogen},retired_capacity,0
Hydrogen,capacity,internal,h2_NCEN_to_SE,h2_NCEN_to_SE_charge_edge,GasStorage{Hydrogen},retired_capacity,0
Hydrogen,capacity,internal,h2_NCEN_to_SE,h2_NCEN_to_SE_discharge_edge,GasStorage{Hydrogen},retired_capacity,0
Hydrogen,capacity,internal,h2_SE_to_NCEN,h2_SE_to_NCEN_charge_edge,GasStorage{Hydrogen},retired_capacity,0
Hydrogen,capacity,internal,h2_SE_to_NCEN,h2_SE_to_NCEN_discharge_edge,GasStorage{Hydrogen},retired_capacity,0
Hydrogen,capacity,internal,h2_NCEN_to_MIDAT,h2_NCEN_to_MIDAT_charge_edge,GasStorage{Hydrogen},retired_capacity,0
Hydrogen,capacity,internal,h2_NCEN_to_MIDAT,h2_NCEN_to_MIDAT_discharge_edge,GasStorage{Hydrogen},retired_capacity,0
Hydrogen,capacity,internal,h2_MIDAT_to_NCEN,h2_MIDAT_to_NCEN_charge_edge,GasStorage{Hydrogen},retired_capacity,0
Hydrogen,capacity,internal,h2_MIDAT_to_NCEN,h2_MIDAT_to_NCEN_discharge_edge,GasStorage{Hydrogen},retired_capacity,0
Hydrogen,capacity,internal,h2_CEN_to_SE,h2_CEN_to_SE_charge_edge,GasStorage{Hydrogen},retired_capacity,0
Hydrogen,capacity,internal,h2_CEN_to_SE,h2_CEN_to_SE_discharge_edge,GasStorage{Hydrogen},retired_capacity,0
Hydrogen,capacity,internal,h2_SE_to_CEN,h2_SE_to_CEN_charge_edge,GasStorage{Hydrogen},retired_capacity,0
Hydrogen,capacity,internal,h2_SE_to_CEN,h2_SE_to_CEN_discharge_edge,GasStorage{Hydrogen},retired_capacity,0
Hydrogen,capacity,internal,h2_SE_to_MIDAT,h2_SE_to_MIDAT_charge_edge,GasStorage{Hydrogen},retired_capacity,0
Hydrogen,capacity,internal,h2_SE_to_MIDAT,h2_SE_to_MIDAT_discharge_edge,GasStorage{Hydrogen},retired_capacity,0
Hydrogen,capacity,internal,h2_MIDAT_to_SE,h2_MIDAT_to_SE_charge_edge,GasStorage{Hydrogen},retired_capacity,0
Hydrogen,capacity,internal,h2_MIDAT_to_SE,h2_MIDAT_to_SE_discharge_edge,GasStorage{Hydrogen},retired_capacity,0
Hydrogen,capacity,internal,h2_MIDAT_to_NE,h2_MIDAT_to_NE_charge_edge,GasStorage{Hydrogen},retired_capacity,0
Hydrogen,capacity,internal,h2_MIDAT_to_NE,h2_MIDAT_to_NE_discharge_edge,GasStorage{Hydrogen},retired_capacity,0
Hydrogen,capacity,internal,h2_NE_to_MIDAT,h2_NE_to_MIDAT_charge_edge,GasStorage{Hydrogen},retired_capacity,0
Hydrogen,capacity,internal,h2_NE_to_MIDAT,h2_NE_to_MIDAT_discharge_edge,GasStorage{Hydrogen},retired_capacity,0
Hydrogen,capacity,internal,CA_Above_ground_storage,CA_Above_ground_storage_charge_edge,GasStorage{Hydrogen},retired_capacity,0
Hydrogen,capacity,internal,CA_Above_ground_storage,CA_Above_ground_storage_discharge_edge,GasStorage{Hydrogen},retired_capacity,0
Hydrogen,capacity,internal,NW_Above_ground_storage,NW_Above_ground_storage_charge_edge,GasStorage{Hydrogen},retired_capacity,0
Hydrogen,capacity,internal,NW_Above_ground_storage,NW_Above_ground_storage_discharge_edge,GasStorage{Hydrogen},retired_capacity,0
Hydrogen,capacity,internal,SW_Above_ground_storage,SW_Above_ground_storage_charge_edge,GasStorage{Hydrogen},retired_capacity,0
Hydrogen,capacity,internal,SW_Above_ground_storage,SW_Above_ground_storage_discharge_edge,GasStorage{Hydrogen},retired_capacity,0
Hydrogen,capacity,internal,TX_Above_ground_storage,TX_Above_ground_storage_charge_edge,GasStorage{Hydrogen},retired_capacity,0
Hydrogen,capacity,internal,TX_Above_ground_storage,TX_Above_ground_storage_discharge_edge,GasStorage{Hydrogen},retired_capacity,0
Hydrogen,capacity,internal,NCEN_Above_ground_storage,NCEN_Above_ground_storage_charge_edge,GasStorage{Hydrogen},retired_capacity,0
Hydrogen,capacity,internal,NCEN_Above_ground_storage,NCEN_Above_ground_storage_discharge_edge,GasStorage{Hydrogen},retired_capacity,0
Hydrogen,capacity,internal,CEN_Above_ground_storage,CEN_Above_ground_storage_charge_edge,GasStorage{Hydrogen},retired_capacity,0
Hydrogen,capacity,internal,CEN_Above_ground_storage,CEN_Above_ground_storage_discharge_edge,GasStorage{Hydrogen},retired_capacity,0
Hydrogen,capacity,internal,SE_Above_ground_storage,SE_Above_ground_storage_charge_edge,GasStorage{Hydrogen},retired_capacity,0
Hydrogen,capacity,internal,SE_Above_ground_storage,SE_Above_ground_storage_discharge_edge,GasStorage{Hydrogen},retired_capacity,0
Hydrogen,capacity,internal,MIDAT_Above_ground_storage,MIDAT_Above_ground_storage_charge_edge,GasStorage{Hydrogen},retired_capacity,0
Hydrogen,capacity,internal,MIDAT_Above_ground_storage,MIDAT_Above_ground_storage_discharge_edge,GasStorage{Hydrogen},retired_capacity,0
Hydrogen,capacity,internal,NE_Above_ground_storage,NE_Above_ground_storage_charge_edge,GasStorage{Hydrogen},retired_capacity,0
Hydrogen,capacity,internal,NE_Above_ground_storage,NE_Above_ground_storage_discharge_edge,GasStorage{Hydrogen},retired_capacity,0
Hydrogen,capacity,h2_CA,CA_ATR_wCCS_94pct,CA_ATR_wCCS_94pct_h2_edge,ThermalHydrogenCCS{NaturalGas},retired_capacity,0
Hydrogen,capacity,h2_NW,NW_ATR_wCCS_94pct,NW_ATR_wCCS_94pct_h2_edge,ThermalHydrogenCCS{NaturalGas},retired_capacity,0
Hydrogen,capacity,h2_SW,SW_ATR_wCCS_94pct,SW_ATR_wCCS_94pct_h2_edge,ThermalHydrogenCCS{NaturalGas},retired_capacity,0
Hydrogen,capacity,h2_TX,TX_ATR_wCCS_94pct,TX_ATR_wCCS_94pct_h2_edge,ThermalHydrogenCCS{NaturalGas},retired_capacity,0
Hydrogen,capacity,h2_NCEN,NCEN_ATR_wCCS_94pct,NCEN_ATR_wCCS_94pct_h2_edge,ThermalHydrogenCCS{NaturalGas},retired_capacity,0
Hydrogen,capacity,h2_CEN,CEN_ATR_wCCS_94pct,CEN_ATR_wCCS_94pct_h2_edge,ThermalHydrogenCCS{NaturalGas},retired_capacity,0
Hydrogen,capacity,h2_SE,SE_ATR_wCCS_94pct,SE_ATR_wCCS_94pct_h2_edge,ThermalHydrogenCCS{NaturalGas},retired_capacity,0
Hydrogen,capacity,h2_MIDAT,MIDAT_ATR_wCCS_94pct,MIDAT_ATR_wCCS_94pct_h2_edge,ThermalHydrogenCCS{NaturalGas},retired_capacity,0
Hydrogen,capacity,h2_NE,NE_ATR_wCCS_94pct,NE_ATR_wCCS_94pct_h2_edge,ThermalHydrogenCCS{NaturalGas},retired_capacity,0
Hydrogen,capacity,h2_CA,CA_Large_SMR_wCCS_96pct,CA_Large_SMR_wCCS_96pct_h2_edge,ThermalHydrogenCCS{NaturalGas},retired_capacity,0
Hydrogen,capacity,h2_NW,NW_Large_SMR_wCCS_96pct,NW_Large_SMR_wCCS_96pct_h2_edge,ThermalHydrogenCCS{NaturalGas},retired_capacity,0
Hydrogen,capacity,h2_SW,SW_Large_SMR_wCCS_96pct,SW_Large_SMR_wCCS_96pct_h2_edge,ThermalHydrogenCCS{NaturalGas},retired_capacity,0
Hydrogen,capacity,h2_TX,TX_Large_SMR_wCCS_96pct,TX_Large_SMR_wCCS_96pct_h2_edge,ThermalHydrogenCCS{NaturalGas},retired_capacity,0
Hydrogen,capacity,h2_NCEN,NCEN_Large_SMR_wCCS_96pct,NCEN_Large_SMR_wCCS_96pct_h2_edge,ThermalHydrogenCCS{NaturalGas},retired_capacity,0
Hydrogen,capacity,h2_CEN,CEN_Large_SMR_wCCS_96pct,CEN_Large_SMR_wCCS_96pct_h2_edge,ThermalHydrogenCCS{NaturalGas},retired_capacity,0
Hydrogen,capacity,h2_SE,SE_Large_SMR_wCCS_96pct,SE_Large_SMR_wCCS_96pct_h2_edge,ThermalHydrogenCCS{NaturalGas},retired_capacity,0
Hydrogen,capacity,h2_MIDAT,MIDAT_Large_SMR_wCCS_96pct,MIDAT_Large_SMR_wCCS_96pct_h2_edge,ThermalHydrogenCCS{NaturalGas},retired_capacity,0
Hydrogen,capacity,h2_NE,NE_Large_SMR_wCCS_96pct,NE_Large_SMR_wCCS_96pct_h2_edge,ThermalHydrogenCCS{NaturalGas},retired_capacity,0
Hydrogen,capacity,h2_NW_to_CA_storage,h2_NW_to_CA,h2_NW_to_CA_storage,GasStorage{Hydrogen},retired_capacity,0
Hydrogen,capacity,h2_CA_to_SW_storage,h2_CA_to_SW,h2_CA_to_SW_storage,GasStorage{Hydrogen},retired_capacity,0
Hydrogen,capacity,h2_SW_to_CA_storage,h2_SW_to_CA,h2_SW_to_CA_storage,GasStorage{Hydrogen},retired_capacity,0
Hydrogen,capacity,h2_NW_to_SW_storage,h2_NW_to_SW,h2_NW_to_SW_storage,GasStorage{Hydrogen},retired_capacity,0
Hydrogen,capacity,h2_SW_to_NW_storage,h2_SW_to_NW,h2_SW_to_NW_storage,GasStorage{Hydrogen},retired_capacity,0
Hydrogen,capacity,h2_SW_to_CEN_storage,h2_SW_to_CEN,h2_SW_to_CEN_storage,GasStorage{Hydrogen},retired_capacity,0
Hydrogen,capacity,h2_CEN_to_SW_storage,h2_CEN_to_SW,h2_CEN_to_SW_storage,GasStorage{Hydrogen},retired_capacity,0
Hydrogen,capacity,h2_TX_to_CEN_storage,h2_TX_to_CEN,h2_TX_to_CEN_storage,GasStorage{Hydrogen},retired_capacity,0
Hydrogen,capacity,h2_CEN_to_TX_storage,h2_CEN_to_TX,h2_CEN_to_TX_storage,GasStorage{Hydrogen},retired_capacity,0
Hydrogen,capacity,h2_NCEN_to_CEN_storage,h2_NCEN_to_CEN,h2_NCEN_to_CEN_storage,GasStorage{Hydrogen},retired_capacity,0
Hydrogen,capacity,h2_CEN_to_NCEN_storage,h2_CEN_to_NCEN,h2_CEN_to_NCEN_storage,GasStorage{Hydrogen},retired_capacity,0
Hydrogen,capacity,h2_NCEN_to_SE_storage,h2_NCEN_to_SE,h2_NCEN_to_SE_storage,GasStorage{Hydrogen},retired_capacity,0
Hydrogen,capacity,h2_SE_to_NCEN_storage,h2_SE_to_NCEN,h2_SE_to_NCEN_storage,GasStorage{Hydrogen},retired_capacity,0
Hydrogen,capacity,h2_NCEN_to_MIDAT_storage,h2_NCEN_to_MIDAT,h2_NCEN_to_MIDAT_storage,GasStorage{Hydrogen},retired_capacity,0
Hydrogen,capacity,h2_MIDAT_to_NCEN_storage,h2_MIDAT_to_NCEN,h2_MIDAT_to_NCEN_storage,GasStorage{Hydrogen},retired_capacity,0
Hydrogen,capacity,h2_CEN_to_SE_storage,h2_CEN_to_SE,h2_CEN_to_SE_storage,GasStorage{Hydrogen},retired_capacity,0
Hydrogen,capacity,h2_SE_to_CEN_storage,h2_SE_to_CEN,h2_SE_to_CEN_storage,GasStorage{Hydrogen},retired_capacity,0
Hydrogen,capacity,h2_SE_to_MIDAT_storage,h2_SE_to_MIDAT,h2_SE_to_MIDAT_storage,GasStorage{Hydrogen},retired_capacity,0
Hydrogen,capacity,h2_MIDAT_to_SE_storage,h2_MIDAT_to_SE,h2_MIDAT_to_SE_storage,GasStorage{Hydrogen},retired_capacity,0
Hydrogen,capacity,h2_MIDAT_to_NE_storage,h2_MIDAT_to_NE,h2_MIDAT_to_NE_storage,GasStorage{Hydrogen},retired_capacity,0
Hydrogen,capacity,h2_NE_to_MIDAT_storage,h2_NE_to_MIDAT,h2_NE_to_MIDAT_storage,GasStorage{Hydrogen},retired_capacity,0
Hydrogen,capacity,h2_CA,CA_Electrolyzer,CA_Electrolyzer_h2_edge,Electrolyzer,retrofitted_capacity,0
Hydrogen,capacity,h2_NW,NW_Electrolyzer,NW_Electrolyzer_h2_edge,Electrolyzer,retrofitted_capacity,0
Hydrogen,capacity,h2_SW,SW_Electrolyzer,SW_Electrolyzer_h2_edge,Electrolyzer,retrofitted_capacity,0
Hydrogen,capacity,h2_TX,TX_Electrolyzer,TX_Electrolyzer_h2_edge,Electrolyzer,retrofitted_capacity,0
Hydrogen,capacity,h2_NCEN,NCEN_Electrolyzer,NCEN_Electrolyzer_h2_edge,Electrolyzer,retrofitted_capacity,0
Hydrogen,capacity,h2_CEN,CEN_Electrolyzer,CEN_Electrolyzer_h2_edge,Electrolyzer,retrofitted_capacity,0
Hydrogen,capacity,h2_SE,SE_Electrolyzer,SE_Electrolyzer_h2_edge,Electrolyzer,retrofitted_capacity,0
Hydrogen,capacity,h2_MIDAT,MIDAT_Electrolyzer,MIDAT_Electrolyzer_h2_edge,Electrolyzer,retrofitted_capacity,0
Hydrogen,capacity,h2_NE,NE_Electrolyzer,NE_Electrolyzer_h2_edge,Electrolyzer,retrofitted_capacity,0
Hydrogen,capacity,internal,h2_NW_to_CA,h2_NW_to_CA_charge_edge,GasStorage{Hydrogen},retrofitted_capacity,0
Hydrogen,capacity,internal,h2_NW_to_CA,h2_NW_to_CA_discharge_edge,GasStorage{Hydrogen},retrofitted_capacity,0
Hydrogen,capacity,internal,h2_CA_to_SW,h2_CA_to_SW_charge_edge,GasStorage{Hydrogen},retrofitted_capacity,0
Hydrogen,capacity,internal,h2_CA_to_SW,h2_CA_to_SW_discharge_edge,GasStorage{Hydrogen},retrofitted_capacity,0
Hydrogen,capacity,internal,h2_SW_to_CA,h2_SW_to_CA_charge_edge,GasStorage{Hydrogen},retrofitted_capacity,0
Hydrogen,capacity,internal,h2_SW_to_CA,h2_SW_to_CA_discharge_edge,GasStorage{Hydrogen},retrofitted_capacity,0
Hydrogen,capacity,internal,h2_NW_to_SW,h2_NW_to_SW_charge_edge,GasStorage{Hydrogen},retrofitted_capacity,0
Hydrogen,capacity,internal,h2_NW_to_SW,h2_NW_to_SW_discharge_edge,GasStorage{Hydrogen},retrofitted_capacity,0
Hydrogen,capacity,internal,h2_SW_to_NW,h2_SW_to_NW_charge_edge,GasStorage{Hydrogen},retrofitted_capacity,0
Hydrogen,capacity,internal,h2_SW_to_NW,h2_SW_to_NW_discharge_edge,GasStorage{Hydrogen},retrofitted_capacity,0
Hydrogen,capacity,internal,h2_SW_to_CEN,h2_SW_to_CEN_charge_edge,GasStorage{Hydrogen},retrofitted_capacity,0
Hydrogen,capacity,internal,h2_SW_to_CEN,h2_SW_to_CEN_discharge_edge,GasStorage{Hydrogen},retrofitted_capacity,0
Hydrogen,capacity,internal,h2_CEN_to_SW,h2_CEN_to_SW_charge_edge,GasStorage{Hydrogen},retrofitted_capacity,0
Hydrogen,capacity,internal,h2_CEN_to_SW,h2_CEN_to_SW_discharge_edge,GasStorage{Hydrogen},retrofitted_capacity,0
Hydrogen,capacity,internal,h2_TX_to_CEN,h2_TX_to_CEN_charge_edge,GasStorage{Hydrogen},retrofitted_capacity,0
Hydrogen,capacity,internal,h2_TX_to_CEN,h2_TX_to_CEN_discharge_edge,GasStorage{Hydrogen},retrofitted_capacity,0
Hydrogen,capacity,internal,h2_CEN_to_TX,h2_CEN_to_TX_charge_edge,GasStorage{Hydrogen},retrofitted_capacity,0
Hydrogen,capacity,internal,h2_CEN_to_TX,h2_CEN_to_TX_discharge_edge,GasStorage{Hydrogen},retrofitted_capacity,0
Hydrogen,capacity,internal,h2_NCEN_to_CEN,h2_NCEN_to_CEN_charge_edge,GasStorage{Hydrogen},retrofitted_capacity,0
Hydrogen,capacity,internal,h2_NCEN_to_CEN,h2_NCEN_to_CEN_discharge_edge,GasStorage{Hydrogen},retrofitted_capacity,0
Hydrogen,capacity,internal,h2_CEN_to_NCEN,h2_CEN_to_NCEN_charge_edge,GasStorage{Hydrogen},retrofitted_capacity,0
Hydrogen,capacity,internal,h2_CEN_to_NCEN,h2_CEN_to_NCEN_discharge_edge,GasStorage{Hydrogen},retrofitted_capacity,0
Hydrogen,capacity,internal,h2_NCEN_to_SE,h2_NCEN_to_SE_charge_edge,GasStorage{Hydrogen},retrofitted_capacity,0
Hydrogen,capacity,internal,h2_NCEN_to_SE,h2_NCEN_to_SE_discharge_edge,GasStorage{Hydrogen},retrofitted_capacity,0
Hydrogen,capacity,internal,h2_SE_to_NCEN,h2_SE_to_NCEN_charge_edge,GasStorage{Hydrogen},retrofitted_capacity,0
Hydrogen,capacity,internal,h2_SE_to_NCEN,h2_SE_to_NCEN_discharge_edge,GasStorage{Hydrogen},retrofitted_capacity,0
Hydrogen,capacity,internal,h2_NCEN_to_MIDAT,h2_NCEN_to_MIDAT_charge_edge,GasStorage{Hydrogen},retrofitted_capacity,0
Hydrogen,capacity,internal,h2_NCEN_to_MIDAT,h2_NCEN_to_MIDAT_discharge_edge,GasStorage{Hydrogen},retrofitted_capacity,0
Hydrogen,capacity,internal,h2_MIDAT_to_NCEN,h2_MIDAT_to_NCEN_charge_edge,GasStorage{Hydrogen},retrofitted_capacity,0
Hydrogen,capacity,internal,h2_MIDAT_to_NCEN,h2_MIDAT_to_NCEN_discharge_edge,GasStorage{Hydrogen},retrofitted_capacity,0
Hydrogen,capacity,internal,h2_CEN_to_SE,h2_CEN_to_SE_charge_edge,GasStorage{Hydrogen},retrofitted_capacity,0
Hydrogen,capacity,internal,h2_CEN_to_SE,h2_CEN_to_SE_discharge_edge,GasStorage{Hydrogen},retrofitted_capacity,0
Hydrogen,capacity,internal,h2_SE_to_CEN,h2_SE_to_CEN_charge_edge,GasStorage{Hydrogen},retrofitted_capacity,0
Hydrogen,capacity,internal,h2_SE_to_CEN,h2_SE_to_CEN_discharge_edge,GasStorage{Hydrogen},retrofitted_capacity,0
Hydrogen,capacity,internal,h2_SE_to_MIDAT,h2_SE_to_MIDAT_charge_edge,GasStorage{Hydrogen},retrofitted_capacity,0
Hydrogen,capacity,internal,h2_SE_to_MIDAT,h2_SE_to_MIDAT_discharge_edge,GasStorage{Hydrogen},retrofitted_capacity,0
Hydrogen,capacity,internal,h2_MIDAT_to_SE,h2_MIDAT_to_SE_charge_edge,GasStorage{Hydrogen},retrofitted_capacity,0
Hydrogen,capacity,internal,h2_MIDAT_to_SE,h2_MIDAT_to_SE_discharge_edge,GasStorage{Hydrogen},retrofitted_capacity,0
Hydrogen,capacity,internal,h2_MIDAT_to_NE,h2_MIDAT_to_NE_charge_edge,GasStorage{Hydrogen},retrofitted_capacity,0
Hydrogen,capacity,internal,h2_MIDAT_to_NE,h2_MIDAT_to_NE_discharge_edge,GasStorage{Hydrogen},retrofitted_capacity,0
Hydrogen,capacity,internal,h2_NE_to_MIDAT,h2_NE_to_MIDAT_charge_edge,GasStorage{Hydrogen},retrofitted_capacity,0
Hydrogen,capacity,internal,h2_NE_to_MIDAT,h2_NE_to_MIDAT_discharge_edge,GasStorage{Hydrogen},retrofitted_capacity,0
Hydrogen,capacity,internal,CA_Above_ground_storage,CA_Above_ground_storage_charge_edge,GasStorage{Hydrogen},retrofitted_capacity,0
Hydrogen,capacity,internal,CA_Above_ground_storage,CA_Above_ground_storage_discharge_edge,GasStorage{Hydrogen},retrofitted_capacity,0
Hydrogen,capacity,internal,NW_Above_ground_storage,NW_Above_ground_storage_charge_edge,GasStorage{Hydrogen},retrofitted_capacity,0
Hydrogen,capacity,internal,NW_Above_ground_storage,NW_Above_ground_storage_discharge_edge,GasStorage{Hydrogen},retrofitted_capacity,0
Hydrogen,capacity,internal,SW_Above_ground_storage,SW_Above_ground_storage_charge_edge,GasStorage{Hydrogen},retrofitted_capacity,0
Hydrogen,capacity,internal,SW_Above_ground_storage,SW_Above_ground_storage_discharge_edge,GasStorage{Hydrogen},retrofitted_capacity,0
Hydrogen,capacity,internal,TX_Above_ground_storage,TX_Above_ground_storage_charge_edge,GasStorage{Hydrogen},retrofitted_capacity,0
Hydrogen,capacity,internal,TX_Above_ground_storage,TX_Above_ground_storage_discharge_edge,GasStorage{Hydrogen},retrofitted_capacity,0
Hydrogen,capacity,internal,NCEN_Above_ground_storage,NCEN_Above_ground_storage_charge_edge,GasStorage{Hydrogen},retrofitted_capacity,0
Hydrogen,capacity,internal,NCEN_Above_ground_storage,NCEN_Above_ground_storage_discharge_edge,GasStorage{Hydrogen},retrofitted_capacity,0
Hydrogen,capacity,internal,CEN_Above_ground_storage,CEN_Above_ground_storage_charge_edge,GasStorage{Hydrogen},retrofitted_capacity,0
Hydrogen,capacity,internal,CEN_Above_ground_storage,CEN_Above_ground_storage_discharge_edge,GasStorage{Hydrogen},retrofitted_capacity,0
Hydrogen,capacity,internal,SE_Above_ground_storage,SE_Above_ground_storage_charge_edge,GasStorage{Hydrogen},retrofitted_capacity,0
Hydrogen,capacity,internal,SE_Above_ground_storage,SE_Above_ground_storage_discharge_edge,GasStorage{Hydrogen},retrofitted_capacity,0
Hydrogen,capacity,internal,MIDAT_Above_ground_storage,MIDAT_Above_ground_storage_charge_edge,GasStorage{Hydrogen},retrofitted_capacity,0
Hydrogen,capacity,internal,MIDAT_Above_ground_storage,MIDAT_Above_ground_storage_discharge_edge,GasStorage{Hydrogen},retrofitted_capacity,0
Hydrogen,capacity,internal,NE_Above_ground_storage,NE_Above_ground_storage_charge_edge,GasStorage{Hydrogen},retrofitted_capacity,0
Hydrogen,capacity,internal,NE_Above_ground_storage,NE_Above_ground_storage_discharge_edge,GasStorage{Hydrogen},retrofitted_capacity,0
Hydrogen,capacity,h2_CA,CA_ATR_wCCS_94pct,CA_ATR_wCCS_94pct_h2_edge,ThermalHydrogenCCS{NaturalGas},retrofitted_capacity,0
Hydrogen,capacity,h2_NW,NW_ATR_wCCS_94pct,NW_ATR_wCCS_94pct_h2_edge,ThermalHydrogenCCS{NaturalGas},retrofitted_capacity,0
Hydrogen,capacity,h2_SW,SW_ATR_wCCS_94pct,SW_ATR_wCCS_94pct_h2_edge,ThermalHydrogenCCS{NaturalGas},retrofitted_capacity,0
Hydrogen,capacity,h2_TX,TX_ATR_wCCS_94pct,TX_ATR_wCCS_94pct_h2_edge,ThermalHydrogenCCS{NaturalGas},retrofitted_capacity,0
Hydrogen,capacity,h2_NCEN,NCEN_ATR_wCCS_94pct,NCEN_ATR_wCCS_94pct_h2_edge,ThermalHydrogenCCS{NaturalGas},retrofitted_capacity,0
Hydrogen,capacity,h2_CEN,CEN_ATR_wCCS_94pct,CEN_ATR_wCCS_94pct_h2_edge,ThermalHydrogenCCS{NaturalGas},retrofitted_capacity,0
Hydrogen,capacity,h2_SE,SE_ATR_wCCS_94pct,SE_ATR_wCCS_94pct_h2_edge,ThermalHydrogenCCS{NaturalGas},retrofitted_capacity,0
Hydrogen,capacity,h2_MIDAT,MIDAT_ATR_wCCS_94pct,MIDAT_ATR_wCCS_94pct_h2_edge,ThermalHydrogenCCS{NaturalGas},retrofitted_capacity,0
Hydrogen,capacity,h2_NE,NE_ATR_wCCS_94pct,NE_ATR_wCCS_94pct_h2_edge,ThermalHydrogenCCS{NaturalGas},retrofitted_capacity,0
Hydrogen,capacity,h2_CA,CA_Large_SMR_wCCS_96pct,CA_Large_SMR_wCCS_96pct_h2_edge,ThermalHydrogenCCS{NaturalGas},retrofitted_capacity,0
Hydrogen,capacity,h2_NW,NW_Large_SMR_wCCS_96pct,NW_Large_SMR_wCCS_96pct_h2_edge,ThermalHydrogenCCS{NaturalGas},retrofitted_capacity,0
Hydrogen,capacity,h2_SW,SW_Large_SMR_wCCS_96pct,SW_Large_SMR_wCCS_96pct_h2_edge,ThermalHydrogenCCS{NaturalGas},retrofitted_capacity,0
Hydrogen,capacity,h2_TX,TX_Large_SMR_wCCS_96pct,TX_Large_SMR_wCCS_96pct_h2_edge,ThermalHydrogenCCS{NaturalGas},retrofitted_capacity,0
Hydrogen,capacity,h2_NCEN,NCEN_Large_SMR_wCCS_96pct,NCEN_Large_SMR_wCCS_96pct_h2_edge,ThermalHydrogenCCS{NaturalGas},retrofitted_capacity,0
Hydrogen,capacity,h2_CEN,CEN_Large_SMR_wCCS_96pct,CEN_Large_SMR_wCCS_96pct_h2_edge,ThermalHydrogenCCS{NaturalGas},retrofitted_capacity,0
Hydrogen,capacity,h2_SE,SE_Large_SMR_wCCS_96pct,SE_Large_SMR_wCCS_96pct_h2_edge,ThermalHydrogenCCS{NaturalGas},retrofitted_capacity,0
Hydrogen,capacity,h2_MIDAT,MIDAT_Large_SMR_wCCS_96pct,MIDAT_Large_SMR_wCCS_96pct_h2_edge,ThermalHydrogenCCS{NaturalGas},retrofitted_capacity,0
Hydrogen,capacity,h2_NE,NE_Large_SMR_wCCS_96pct,NE_Large_SMR_wCCS_96pct_h2_edge,ThermalHydrogenCCS{NaturalGas},retrofitted_capacity,0
Hydrogen,capacity,h2_NW_to_CA_storage,h2_NW_to_CA,h2_NW_to_CA_storage,GasStorage{Hydrogen},retrofitted_capacity,0
Hydrogen,capacity,h2_CA_to_SW_storage,h2_CA_to_SW,h2_CA_to_SW_storage,GasStorage{Hydrogen},retrofitted_capacity,0
Hydrogen,capacity,h2_SW_to_CA_storage,h2_SW_to_CA,h2_SW_to_CA_storage,GasStorage{Hydrogen},retrofitted_capacity,0
Hydrogen,capacity,h2_NW_to_SW_storage,h2_NW_to_SW,h2_NW_to_SW_storage,GasStorage{Hydrogen},retrofitted_capacity,0
Hydrogen,capacity,h2_SW_to_NW_storage,h2_SW_to_NW,h2_SW_to_NW_storage,GasStorage{Hydrogen},retrofitted_capacity,0
Hydrogen,capacity,h2_SW_to_CEN_storage,h2_SW_to_CEN,h2_SW_to_CEN_storage,GasStorage{Hydrogen},retrofitted_capacity,0
Hydrogen,capacity,h2_CEN_to_SW_storage,h2_CEN_to_SW,h2_CEN_to_SW_storage,GasStorage{Hydrogen},retrofitted_capacity,0
Hydrogen,capacity,h2_TX_to_CEN_storage,h2_TX_to_CEN,h2_TX_to_CEN_storage,GasStorage{Hydrogen},retrofitted_capacity,0
Hydrogen,capacity,h2_CEN_to_TX_storage,h2_CEN_to_TX,h2_CEN_to_TX_storage,GasStorage{Hydrogen},retrofitted_capacity,0
Hydrogen,capacity,h2_NCEN_to_CEN_storage,h2_NCEN_to_CEN,h2_NCEN_to_CEN_storage,GasStorage{Hydrogen},retrofitted_capacity,0
Hydrogen,capacity,h2_CEN_to_NCEN_storage,h2_CEN_to_NCEN,h2_CEN_to_NCEN_storage,GasStorage{Hydrogen},retrofitted_capacity,0
Hydrogen,capacity,h2_NCEN_to_SE_storage,h2_NCEN_to_SE,h2_NCEN_to_SE_storage,GasStorage{Hydrogen},retrofitted_capacity,0
Hydrogen,capacity,h2_SE_to_NCEN_storage,h2_SE_to_NCEN,h2_SE_to_NCEN_storage,GasStorage{Hydrogen},retrofitted_capacity,0
Hydrogen,capacity,h2_NCEN_to_MIDAT_storage,h2_NCEN_to_MIDAT,h2_NCEN_to_MIDAT_storage,GasStorage{Hydrogen},retrofitted_capacity,0
Hydrogen,capacity,h2_MIDAT_to_NCEN_storage,h2_MIDAT_to_NCEN,h2_MIDAT_to_NCEN_storage,GasStorage{Hydrogen},retrofitted_capacity,0
Hydrogen,capacity,h2_CEN_to_SE_storage,h2_CEN_to_SE,h2_CEN_to_SE_storage,GasStorage{Hydrogen},retrofitted_capacity,0
Hydrogen,capacity,h2_SE_to_CEN_storage,h2_SE_to_CEN,h2_SE_to_CEN_storage,GasStorage{Hydrogen},retrofitted_capacity,0
Hydrogen,capacity,h2_SE_to_MIDAT_storage,h2_SE_to_MIDAT,h2_SE_to_MIDAT_storage,GasStorage{Hydrogen},retrofitted_capacity,0
Hydrogen,capacity,h2_MIDAT_to_SE_storage,h2_MIDAT_to_SE,h2_MIDAT_to_SE_storage,GasStorage{Hydrogen},retrofitted_capacity,0
Hydrogen,capacity,h2_MIDAT_to_NE_storage,h2_MIDAT_to_NE,h2_MIDAT_to_NE_storage,GasStorage{Hydrogen},retrofitted_capacity,0
Hydrogen,capacity,h2_NE_to_MIDAT_storage,h2_NE_to_MIDAT,h2_NE_to_MIDAT_storage,GasStorage{Hydrogen},retrofitted_capacity,0