Time_Index,CA_conventional_hydroelectric_1,CA_hydroelectric_pumped_storage_1,CA_natural_gas_fired_combined_cycle_1,CA_natural_gas_fired_combined_cycle_2,CA_natural_gas_fired_combined_cycle_3,CA_natural_gas_fired_combined_cycle_4,CA_natural_gas_fired_combustion_turbine_1,CA_natural_gas_fired_combustion_turbine_2,CA_onshore_wind_turbine_1,CA_small_hydroelectric_1,CA_solar_photovoltaic_1,CEN_conventional_hydroelectric_1,CEN_hydroelectric_pumped_storage_1,CEN_natural_gas_fired_combined_cycle_1,CEN_natural_gas_fired_combined_cycle_2,CEN_natural_gas_fired_combined_cycle_3,CEN_natural_gas_fired_combustion_turbine_1,CEN_natural_gas_fired_combustion_turbine_2,CEN_nuclear_1,CEN_nuclear_2,CEN_onshore_wind_turbine_1,CEN_small_hydroelectric_1,CEN_solar_photovoltaic_1,MIDAT_conventional_hydroelectric_1,MIDAT_hydroelectric_pumped_storage_1,MIDAT_natural_gas_fired_combined_cycle_1,MIDAT_natural_gas_fired_combined_cycle_2,MIDAT_natural_gas_fired_combined_cycle_3,MIDAT_natural_gas_fired_combined_cycle_4,MIDAT_natural_gas_fired_combustion_turbine_1,MIDAT_natural_gas_fired_combustion_turbine_2,MIDAT_nuclear_1,MIDAT_nuclear_2,MIDAT_onshore_wind_turbine_1,MIDAT_small_hydroelectric_1,MIDAT_solar_photovoltaic_1,NE_conventional_hydroelectric_1,NE_hydroelectric_pumped_storage_1,NE_natural_gas_fired_combined_cycle_1,NE_natural_gas_fired_combined_cycle_2,NE_natural_gas_fired_combined_cycle_3,NE_natural_gas_fired_combustion_turbine_1,NE_natural_gas_fired_combustion_turbine_2,NE_nuclear_1,NE_nuclear_2,NE_onshore_wind_turbine_1,NE_small_hydroelectric_1,NE_solar_photovoltaic_1,NW_conventional_hydroelectric_1,NW_hydroelectric_pumped_storage_1,NW_natural_gas_fired_combined_cycle_1,NW_natural_gas_fired_combined_cycle_2,NW_natural_gas_fired_combined_cycle_3,NW_natural_gas_fired_combined_cycle_4,NW_natural_gas_fired_combustion_turbine_1,NW_natural_gas_fired_combustion_turbine_2,NW_nuclear_1,NW_onshore_wind_turbine_1,NW_small_hydroelectric_1,NW_solar_photovoltaic_1,NCEN_conventional_hydroelectric_1,NCEN_hydroelectric_pumped_storage_1,NCEN_natural_gas_fired_combined_cycle_1,NCEN_natural_gas_fired_combined_cycle_2,NCEN_natural_gas_fired_combined_cycle_3,NCEN_natural_gas_fired_combined_cycle_4,NCEN_natural_gas_fired_combustion_turbine_1,NCEN_natural_gas_fired_combustion_turbine_2,NCEN_nuclear_1,NCEN_nuclear_2,NCEN_onshore_wind_turbine_1,NCEN_small_hydroelectric_1,NCEN_solar_photovoltaic_1,SE_conventional_hydroelectric_1,SE_hydroelectric_pumped_storage_1,SE_natural_gas_fired_combined_cycle_1,SE_natural_gas_fired_combined_cycle_2,SE_natural_gas_fired_combined_cycle_3,SE_natural_gas_fired_combined_cycle_4,SE_natural_gas_fired_combustion_turbine_1,SE_natural_gas_fired_combustion_turbine_2,SE_nuclear_1,SE_nuclear_2,SE_small_hydroelectric_1,SE_solar_photovoltaic_1,SW_conventional_hydroelectric_1,SW_hydroelectric_pumped_storage_1,SW_natural_gas_fired_combined_cycle_1,SW_natural_gas_fired_combined_cycle_2,SW_natural_gas_fired_combined_cycle_3,SW_natural_gas_fired_combustion_turbine_1,SW_natural_gas_fired_combustion_turbine_2,SW_nuclear_1,SW_onshore_wind_turbine_1,SW_small_hydroelectric_1,SW_solar_photovoltaic_1,TX_conventional_hydroelectric_1,TX_natural_gas_fired_combined_cycle_1,TX_natural_gas_fired_combined_cycle_2,TX_natural_gas_fired_combined_cycle_3,TX_natural_gas_fired_combined_cycle_4,TX_natural_gas_fired_combustion_turbine_1,TX_natural_gas_fired_combustion_turbine_2,TX_nuclear_1,TX_nuclear_2,TX_onshore_wind_turbine_1,TX_small_hydroelectric_1,TX_solar_photovoltaic_1,CA_naturalgas_ccccsavgcf_conservative_0,CA_naturalgas_ccavgcf_moderate_0,CA_naturalgas_ctavgcf_moderate_0,CA_battery_moderate_0,CA_nuclear_mid_0,CA_offshorewind_class10_moderate_floating_1_1,NW_naturalgas_ccccsavgcf_conservative_0,NW_naturalgas_ccavgcf_moderate_0,NW_naturalgas_ctavgcf_moderate_0,NW_battery_moderate_0,NW_nuclear_mid_0,NW_offshorewind_class10_moderate_floating_1_1,SW_naturalgas_ccccsavgcf_conservative_0,SW_naturalgas_ccavgcf_moderate_0,SW_naturalgas_ctavgcf_moderate_0,SW_battery_moderate_0,SW_nuclear_mid_0,TX_naturalgas_ccccsavgcf_conservative_0,TX_naturalgas_ccavgcf_moderate_0,TX_naturalgas_ctavgcf_moderate_0,TX_battery_moderate_0,TX_nuclear_mid_0,NCEN_naturalgas_ccccsavgcf_conservative_0,NCEN_naturalgas_ccavgcf_moderate_0,NCEN_naturalgas_ctavgcf_moderate_0,NCEN_battery_moderate_0,NCEN_nuclear_mid_0,CEN_naturalgas_ccccsavgcf_conservative_0,CEN_naturalgas_ccavgcf_moderate_0,CEN_naturalgas_ctavgcf_moderate_0,CEN_battery_moderate_0,CEN_nuclear_mid_0,SE_naturalgas_ccccsavgcf_conservative_0,SE_naturalgas_ccavgcf_moderate_0,SE_naturalgas_ctavgcf_moderate_0,SE_battery_moderate_0,SE_nuclear_mid_0,MIDAT_naturalgas_ccccsavgcf_conservative_0,MIDAT_naturalgas_ccavgcf_moderate_0,MIDAT_naturalgas_ctavgcf_moderate_0,MIDAT_battery_moderate_0,MIDAT_nuclear_mid_0,NE_naturalgas_ccccsavgcf_conservative_0,NE_naturalgas_ccavgcf_moderate_0,NE_naturalgas_ctavgcf_moderate_0,NE_battery_moderate_0,NE_nuclear_mid_0,NE_offshorewind_class10_moderate_floating_1_1,CA_utilitypv_class1_moderate_70_0_2_1,CA_utilitypv_class1_moderate_70_0_2_2,CA_utilitypv_class1_moderate_70_0_2_3,NW_utilitypv_class1_moderate_70_0_2_1,NW_utilitypv_class1_moderate_70_0_2_2,NW_utilitypv_class1_moderate_70_0_2_3,NW_utilitypv_class1_moderate_70_0_2_4,SW_utilitypv_class1_moderate_70_0_2_1,SW_utilitypv_class1_moderate_70_0_2_2,SW_utilitypv_class1_moderate_70_0_2_3,SW_utilitypv_class1_moderate_70_0_2_4,SW_utilitypv_class1_moderate_70_0_2_5,TX_utilitypv_class1_moderate_70_0_2_1,TX_utilitypv_class1_moderate_70_0_2_2,TX_utilitypv_class1_moderate_70_0_2_3,NCEN_utilitypv_class1_moderate_70_0_2_1,NCEN_utilitypv_class1_moderate_70_0_2_2,NCEN_utilitypv_class1_moderate_70_0_2_3,NCEN_utilitypv_class1_moderate_70_0_2_4,NCEN_utilitypv_class1_moderate_70_0_2_5,NCEN_utilitypv_class1_moderate_70_0_2_6,NCEN_utilitypv_class1_moderate_70_0_2_7,CEN_utilitypv_class1_moderate_70_0_2_1,CEN_utilitypv_class1_moderate_70_0_2_2,CEN_utilitypv_class1_moderate_70_0_2_3,CEN_utilitypv_class1_moderate_70_0_2_4,CEN_utilitypv_class1_moderate_70_0_2_5,SE_utilitypv_class1_moderate_70_0_2_1,SE_utilitypv_class1_moderate_70_0_2_2,SE_utilitypv_class1_moderate_70_0_2_3,SE_utilitypv_class1_moderate_70_0_2_4,SE_utilitypv_class1_moderate_70_0_2_5,SE_utilitypv_class1_moderate_70_0_2_6,SE_utilitypv_class1_moderate_70_0_2_7,SE_utilitypv_class1_moderate_70_0_2_8,MIDAT_utilitypv_class1_moderate_70_0_2_1,MIDAT_utilitypv_class1_moderate_70_0_2_2,MIDAT_utilitypv_class1_moderate_70_0_2_3,MIDAT_utilitypv_class1_moderate_70_0_2_4,MIDAT_utilitypv_class1_moderate_70_0_2_5,MIDAT_utilitypv_class1_moderate_70_0_2_6,MIDAT_utilitypv_class1_moderate_70_0_2_7,NE_utilitypv_class1_moderate_70_0_2_1,NE_utilitypv_class1_moderate_70_0_2_2,NE_utilitypv_class1_moderate_70_0_2_3,NE_utilitypv_class1_moderate_70_0_2_4,NE_utilitypv_class1_moderate_70_0_2_5,NE_utilitypv_class1_moderate_70_0_2_6,NE_utilitypv_class1_moderate_70_0_2_7,CA_landbasedwind_class4_moderate_70_1,CA_landbasedwind_class4_moderate_70_2,CA_landbasedwind_class4_moderate_70_3,NW_landbasedwind_class4_moderate_70_1,NW_landbasedwind_class4_moderate_70_2,NW_landbasedwind_class4_moderate_70_3,NW_landbasedwind_class4_moderate_70_4,NW_landbasedwind_class4_moderate_70_5,SW_landbasedwind_class4_moderate_70_1,SW_landbasedwind_class4_moderate_70_2,SW_landbasedwind_class4_moderate_70_3,SW_landbasedwind_class4_moderate_70_4,SW_landbasedwind_class4_moderate_70_5,TX_landbasedwind_class4_moderate_70_1,TX_landbasedwind_class4_moderate_70_2,TX_landbasedwind_class4_moderate_70_3,NCEN_landbasedwind_class4_moderate_70_1,NCEN_landbasedwind_class4_moderate_70_2,NCEN_landbasedwind_class4_moderate_70_3,NCEN_landbasedwind_class4_moderate_70_4,NCEN_landbasedwind_class4_moderate_70_5,NCEN_landbasedwind_class4_moderate_70_6,NCEN_landbasedwind_class4_moderate_70_7,CEN_landbasedwind_class4_moderate_70_1,CEN_landbasedwind_class4_moderate_70_2,CEN_landbasedwind_class4_moderate_70_3,CEN_landbasedwind_class4_moderate_70_4,CEN_landbasedwind_class4_moderate_70_5,CEN_landbasedwind_class4_moderate_70_6,CEN_landbasedwind_class4_moderate_70_7,SE_landbasedwind_class4_moderate_70_1,SE_landbasedwind_class4_moderate_70_2,SE_landbasedwind_class4_moderate_70_3,SE_landbasedwind_class4_moderate_70_4,SE_landbasedwind_class4_moderate_70_5,SE_landbasedwind_class4_moderate_70_6,SE_landbasedwind_class4_moderate_70_7,SE_landbasedwind_class4_moderate_70_8,MIDAT_landbasedwind_class4_moderate_70_1,MIDAT_landbasedwind_class4_moderate_70_2,MIDAT_landbasedwind_class4_moderate_70_3,MIDAT_landbasedwind_class4_moderate_70_4,MIDAT_landbasedwind_class4_moderate_70_5,MIDAT_landbasedwind_class4_moderate_70_6,MIDAT_landbasedwind_class4_moderate_70_7,NE_landbasedwind_class4_moderate_70_1,NE_landbasedwind_class4_moderate_70_2,NE_landbasedwind_class4_moderate_70_3,NE_landbasedwind_class4_moderate_70_4,NE_landbasedwind_class4_moderate_70_5,NE_landbasedwind_class4_moderate_70_6,NE_landbasedwind_class4_moderate_70_7,electric_dac,natgas_dac,CA_Electrolyzer,NW_Electrolyzer,SW_Electrolyzer,TX_Electrolyzer,NCEN_Electrolyzer,CEN_Electrolyzer,SE_Electrolyzer,MIDAT_Electrolyzer,NE_Electrolyzer,CA_Large_SMR_wCCS_96pct,NW_Large_SMR_wCCS_96pct,SW_Large_SMR_wCCS_96pct,TX_Large_SMR_wCCS_96pct,NCEN_Large_SMR_wCCS_96pct,CEN_Large_SMR_wCCS_96pct,SE_Large_SMR_wCCS_96pct,MIDAT_Large_SMR_wCCS_96pct,NE_Large_SMR_wCCS_96pct,CA_ATR_wCCS_94pct,NW_ATR_wCCS_94pct,SW_ATR_wCCS_94pct,TX_ATR_wCCS_94pct,NCEN_ATR_wCCS_94pct,CEN_ATR_wCCS_94pct,SE_ATR_wCCS_94pct,MIDAT_ATR_wCCS_94pct,NE_ATR_wCCS_94pct,CA_Above_ground_storage,NW_Above_ground_storage,SW_Above_ground_storage,TX_Above_ground_storage,NCEN_Above_ground_storage,CEN_Above_ground_storage,SE_Above_ground_storage,MIDAT_Above_ground_storage,NE_Above_ground_storage,CA_CCGT-H2,NW_CCGT-H2,SW_CCGT-H2,TX_CCGT-H2,NCEN_CCGT-H2,CEN_CCGT-H2,SE_CCGT-H2,MIDAT_CCGT-H2,NE_CCGT-H2,CA_OCGT-H2,NW_OCGT-H2,SW_OCGT-H2,TX_OCGT-H2,NCEN_OCGT-H2,CEN_OCGT-H2,SE_OCGT-H2,MIDAT_OCGT-H2,NE_OCGT-H2,Syn_NG_Plant,synthetic_fuels,Ethylene
1,0.212333658,1,1,1,1,1,1,1,0.127262826,0.212333658,0.604862614,0.175599084,1,1,1,1,1,1,1,1,0.166724661,0.175599084,0.392527,0.224892135,1,1,1,1,1,1,1,1,1,0.450211265,0.224892135,0.419853456,0.542374405,1,1,1,1,1,1,1,1,0.691925294,0.542374405,0.48886487,0.467845147,1,1,1,1,1,1,1,1,0.469603781,0.467845147,0.339025045,0.537144164,1,1,1,1,1,1,1,1,1,0.343085462,0.537144164,0.137756449,0.233959013,1,1,1,1,1,1,1,1,1,0.233959013,0.390893273,0.207179769,1,1,1,1,1,1,1,0.172512648,0.207179769,0.49259717,0.0397,1,1,1,1,1,1,1,1,0.345234014,0.0397,0.288199922,1,1,1,1,1,0.665447593,1,1,1,1,1,0.998793721,1,1,1,1,1,1,1,1,1,1,1,1,1,1,1,1,1,1,1,1,1,1,1,1,1,1,1,1,1,1,1,1,1,1,1,0.226156026,0.608051627,0.605595627,0.583044462,0.333847796,0.227621755,0.520203523,0.374947212,0.596465265,0.304574578,0.469432481,0.608612972,0.454013438,0.397743188,0.225343407,0.267110408,0.154010092,0.091365765,0.074788402,0.075029205,0.183969501,0.216411429,0.132633486,0.544108112,0.307226301,0.21322096,0.435922697,0.34099443,0.515001255,0.461068314,0.425494184,0.135351727,0.322231632,0.499527303,0.461733616,0.254524743,0.517412816,0.549566843,0.480964201,0.105531996,0.48954155,0.551280652,0.484949602,0.52627168,0.51269299,0.438312308,0.541561208,0.502942621,0.560141612,0.51033612,0.168383196,0.024226027,0.002589002,0.311530773,0.637166572,0.252335771,0.355436343,0.513918266,0.106888607,0.182065204,0.083495963,0.375743539,0.202414262,0.326304058,0.401104725,0.207092467,0.189521444,0.353855372,0.763594861,0.715687607,0.098108367,0.213042124,0.239639085,0.400300422,0.077902956,0.688070791,0.114610614,0.038235641,0.117797323,0.219356446,0.541599607,0.557298655,0.215756854,0.533954488,0.704738903,0.056291242,0.168548077,0.648548815,0.059740108,0.094007064,0.139911701,0.758835289,0.552599721,0.162603042,0.459445319,0.486711544,0.625119422,0.697182074,0.605937196,0.727851136,0.487543568,0.713817483,1,1,0.9,0.9,0.9,0.9,0.9,0.9,0.9,0.9,0.9,0.9,0.9,0.9,0.9,0.9,0.9,0.9,0.9,0.9,0.9,0.9,0.9,0.9,0.9,0.9,0.9,0.9,0.9,1,1,1,1,1,1,1,1,1,0.9,0.9,0.9,0.9,0.9,0.9,0.9,0.9,0.9,0.9,0.9,0.9,0.9,0.9,0.9,0.9,0.9,0.9,1,1,1
2,0.212457368,1,1,1,1,1,1,1,0.128289425,0.212457368,0.556862177,0.175395327,1,1,1,1,1,1,1,1,0.173369077,0.175395327,0.415658509,0.224979184,1,1,1,1,1,1,1,1,1,0.445781497,0.224979184,0.425125875,0.54245379,1,1,1,1,1,1,1,1,0.695298978,0.54245379,0.454003157,0.468210636,1,1,1,1,1,1,1,1,0.478102708,0.468210636,0.31151357,0.537727289,1,1,1,1,1,1,1,1,1,0.33246588,0.537727289,0.116890007,0.233997016,1,1,1,1,1,1,1,1,1,0.233997016,0.385152652,0.207251381,1,1,1,1,1,1,1,0.198280799,0.207251381,0.483767225,0.0397,1,1,1,1,1,1,1,1,0.328908185,0.0397,0.281785627,1,1,1,1,1,0.655644834,1,1,1,1,1,0.982668936,1,1,1,1,1,1,1,1,1,1,1,1,1,1,1,1,1,1,1,1,1,1,1,1,1,1,1,1,1,1,1,1,1,1,1,0.342666984,0.564925525,0.55322733,0.517354197,0.319534974,0.224564986,0.449617991,0.331252498,0.592702346,0.322945974,0.464175899,0.5611395,0.435492506,0.389281281,0.216781922,0.270555319,0.11247664,0.077490331,0.059070937,0.057609453,0.181498823,0.202800714,0.087699083,0.581718469,0.267472196,0.206710501,0.482496839,0.374119359,0.494567829,0.452861675,0.430260378,0.106973434,0.282833522,0.529273042,0.464727061,0.242104909,0.579697985,0.564893566,0.523118823,0.083112868,0.499058033,0.564725764,0.498310561,0.519621145,0.506537971,0.387642801,0.525245176,0.483111721,0.49660624,0.413557709,0.167646326,0.030791455,0.002778799,0.350337847,0.617865585,0.274104375,0.317438462,0.564474954,0.11850204,0.240026018,0.100487651,0.395515158,0.202567441,0.311699205,0.379961527,0.201498092,0.160906067,0.321928417,0.724582671,0.675657021,0.100380731,0.276690973,0.223503035,0.400120794,0.081931624,0.657458235,0.109994646,0.037511309,0.151526186,0.224576798,0.547997496,0.553717767,0.222639166,0.477349281,0.685980032,0.056933732,0.171042546,0.603452627,0.06603954,0.109655247,0.139775913,0.73880795,0.551947542,0.16701113,0.451371313,0.448422939,0.612080481,0.715904859,0.615875496,0.722428966,0.483204458,0.72861011,1,1,0.9,0.9,0.9,0.9,0.9,0.9,0.9,0.9,0.9,0.9,0.9,0.9,0.9,0.9,0.9,0.9,0.9,0.9,0.9,0.9,0.9,0.9,0.9,0.9,0.9,0.9,0.9,1,1,1,1,1,1,1,1,1,0.9,0.9,0.9,0.9,0.9,0.9,0.9,0.9,0.9,0.9,0.9,0.9,0.9,0.9,0.9,0.9,0.9,0.9,1,1,1
3,0.212575782,1,1,1,1,1,1,1,0.135373814,0.212575782,0.563508213,0.175233651,1,1,1,1,1,1,1,1,0.186241512,0.175233651,0.434798281,0.225053238,1,1,1,1,1,1,1,1,1,0.443490981,0.225053238,0.296081164,0.542545856,1,1,1,1,1,1,1,1,0.71140682,0.542545856,0.166843342,0.468583424,1,1,1,1,1,1,1,1,0.495025865,0.468583424,0.326287673,0.53825628,1,1,1,1,1,1,1,1,1,0.327383126,0.53825628,0.118130917,0.234038555,1,1,1,1,1,1,1,1,1,0.234038555,0.335901165,0.20736111,1,1,1,1,1,1,1,0.228387815,0.20736111,0.489972243,0.0397,1,1,1,1,1,1,1,1,0.313846988,0.0397,0.253744146,1,1,1,1,1,0.670968652,1,1,1,1,1,0.939708948,1,1,1,1,1,1,1,1,1,1,1,1,1,1,1,1,1,1,1,1,1,1,1,1,1,1,1,1,1,1,1,1,1,1,1,0.199355036,0.571287668,0.560863427,0.522931581,0.333506983,0.232048903,0.46129571,0.363876521,0.615192391,0.315240231,0.461675387,0.584180644,0.424171914,0.343237186,0.199536999,0.244650473,0.08451773,0.059463438,0.042149346,0.038313368,0.167740644,0.18109992,0.191203337,0.625187391,0.210315861,0.181222633,0.518723175,0.422686896,0.488615746,0.434305008,0.36639428,0.074330876,0.226577522,0.453648398,0.395744214,0.185718306,0.345946635,0.369841988,0.321322113,0.052991194,0.328209001,0.399012106,0.405433142,0.217681333,0.195177894,0.091416545,0.176450306,0.224534509,0.158432433,0.146438527,0.173852336,0.041329257,0.00561202,0.410626139,0.591901229,0.314745289,0.300810419,0.626889774,0.135737249,0.297096075,0.122922419,0.424840939,0.207598391,0.299153367,0.356847363,0.209180125,0.140482251,0.29711723,0.692760192,0.637677078,0.108074212,0.352403177,0.200433628,0.381282835,0.098977775,0.590293615,0.13635001,0.04205239,0.195884413,0.226520969,0.546901859,0.537649877,0.237276834,0.436338664,0.673726446,0.060623502,0.176167787,0.572217431,0.087340559,0.122896344,0.132541815,0.712465459,0.576803854,0.164859347,0.44314534,0.430505488,0.596140283,0.751378052,0.640608406,0.729544163,0.442239211,0.748036986,1,1,0.9,0.9,0.9,0.9,0.9,0.9,0.9,0.9,0.9,0.9,0.9,0.9,0.9,0.9,0.9,0.9,0.9,0.9,0.9,0.9,0.9,0.9,0.9,0.9,0.9,0.9,0.9,1,1,1,1,1,1,1,1,1,0.9,0.9,0.9,0.9,0.9,0.9,0.9,0.9,0.9,0.9,0.9,0.9,0.9,0.9,0.9,0.9,0.9,0.9,1,1,1
4,0.212699491,1,1,1,1,1,1,1,0.139945236,0.212699491,0.61700138,0.175025103,1,1,1,1,1,1,1,1,0.205464801,0.175025103,0.383323431,0.225151765,1,1,1,1,1,1,1,1,1,0.466006768,0.225151765,0.059203326,0.542648163,1,1,1,1,1,1,1,1,0.741146823,0.542648163,0.0065811,0.468866288,1,1,1,1,1,1,1,1,0.507751913,0.468866288,0.377921883,0.538844597,1,1,1,1,1,1,1,1,1,0.324747354,0.538844597,0.073859658,0.234039638,1,1,1,1,1,1,1,1,1,0.234039638,0.158120712,0.207467254,1,1,1,1,1,1,1,0.257728127,0.207467254,0.507005553,0.0396,1,1,1,1,1,1,1,1,0.314601743,0.0396,0.199729835,1,1,1,1,1,0.67202574,1,1,1,1,1,1,1,1,1,1,1,1,1,1,1,1,1,1,1,1,1,1,1,1,1,1,1,1,1,1,1,1,1,1,1,1,1,1,1,1,1,0.125816971,0.619473996,0.619704955,0.593992482,0.361034436,0.252542075,0.548487698,0.462574747,0.662773893,0.299668462,0.463067241,0.648727029,0.396343601,0.259351761,0.155770792,0.21602318,0.095629824,0.031810601,0.020199656,0.01128137,0.098604298,0.118474905,0.112088361,0.554163034,0.130920545,0.144293635,0.489987337,0.365381867,0.299303315,0.280940768,0.172775999,0.032005733,0.129965151,0.135839789,0.145417248,0.087345207,0.036106619,0.054081921,0.028299527,0.020944647,0.040421066,0.085754615,0.121472563,0.009924609,0.004647288,0,0.001890309,0.01444362,0.005519186,0.003285692,0.177236278,0.049718755,0.009132176,0.488960898,0.561580433,0.346908488,0.279717298,0.676018515,0.153894266,0.346076565,0.150577284,0.449761392,0.216184338,0.302105524,0.351172027,0.225583918,0.151724004,0.260284009,0.617330915,0.606762778,0.117082814,0.424526841,0.204005926,0.353952534,0.132690378,0.54183223,0.183726988,0.044641258,0.243308227,0.228730165,0.558962015,0.523980714,0.263730202,0.425767587,0.685815945,0.070615365,0.192820845,0.575531042,0.12177795,0.16270872,0.187228853,0.690338535,0.640671528,0.165292818,0.51508425,0.557651055,0.671402017,0.7770906,0.691126623,0.747409575,0.51878211,0.759094377,1,1,0.9,0.9,0.9,0.9,0.9,0.9,0.9,0.9,0.9,0.9,0.9,0.9,0.9,0.9,0.9,0.9,0.9,0.9,0.9,0.9,0.9,0.9,0.9,0.9,0.9,0.9,0.9,1,1,1,1,1,1,1,1,1,0.9,0.9,0.9,0.9,0.9,0.9,0.9,0.9,0.9,0.9,0.9,0.9,0.9,0.9,0.9,0.9,0.9,0.9,1,1,1
5,0.212817906,1,1,1,1,1,1,1,0.151495685,0.212817906,0.660956808,0.174856843,1,1,1,1,1,1,1,1,0.228879449,0.174856843,0.127988238,0.225224109,1,1,1,1,1,1,1,1,1,0.508423651,0.225224109,0,0.542711612,1,1,1,1,1,1,1,1,0.75315761,0.542711612,0,0.469239076,1,1,1,1,1,1,1,1,0.510734274,0.469239076,0.341285827,0.539365813,1,1,1,1,1,1,1,1,1,0.340424129,0.539365813,0.010453285,0.234077641,1,1,1,1,1,1,1,1,1,0.234077641,0.012742489,0.207605111,1,1,1,1,1,1,1,0.286905929,0.207605111,0.447881581,0.0396,1,1,1,1,1,1,1,1,0.327441896,0.0396,0.118119674,1,1,1,1,1,0.638719559,1,1,1,1,1,1,1,1,1,1,1,1,1,1,1,1,1,1,1,1,1,1,1,1,1,1,1,1,1,1,1,1,1,1,1,1,1,1,1,1,1,0.241349086,0.658675102,0.667253837,0.657104848,0.318840541,0.151954443,0.600574666,0.464437234,0.633505262,0.177883913,0.392039067,0.651726633,0.312955648,0.142497018,0.089081308,0.156306658,0.034438225,0.002392754,0,0,0.012776781,0.017725576,0.006082297,0.170630318,0.036997104,0.035198384,0.200976792,0.111640673,0.034344188,0.027180315,0.013494404,0.001341394,0.022521217,0,0.003034014,0.006096042,0,0,0,0,0,0,0,0,0,0,0,0,0,0,0.187873711,0.06460918,0.017641863,0.544818218,0.531556523,0.367508897,0.242581597,0.709888509,0.167471346,0.393772476,0.174613236,0.479131749,0.236935344,0.31752036,0.355736141,0.261934882,0.17159372,0.230989673,0.557041261,0.57142108,0.157610133,0.476479639,0.326162271,0.361438488,0.174711173,0.471961111,0.219195596,0.047385634,0.295871173,0.232509829,0.593174049,0.467485098,0.319257003,0.462719977,0.700909135,0.13325604,0.28184317,0.600046843,0.243044705,0.224414981,0.276227559,0.679888357,0.679110261,0.212049728,0.648917438,0.655815426,0.71243043,0.778341875,0.706319906,0.757641045,0.615996781,0.756392067,1,1,0.9,0.9,0.9,0.9,0.9,0.9,0.9,0.9,0.9,0.9,0.9,0.9,0.9,0.9,0.9,0.9,0.9,0.9,0.9,0.9,0.9,0.9,0.9,0.9,0.9,0.9,0.9,1,1,1,1,1,1,1,1,1,0.9,0.9,0.9,0.9,0.9,0.9,0.9,0.9,0.9,0.9,0.9,0.9,0.9,0.9,0.9,0.9,0.9,0.9,1,1,1
6,0.212956034,1,1,1,1,1,1,1,0.15476814,0.212956034,0.443905759,0.174685739,1,1,1,1,1,1,1,1,0.287454315,0.174685739,0.002537881,0.225312868,1,1,1,1,1,1,1,1,1,0.522204865,0.225312868,0,0.542822095,1,1,1,1,1,1,1,1,0.751422456,0.542822095,0,0.469521939,1,1,1,1,1,1,1,1,0.501900872,0.469521939,0.11744309,0.539965147,1,1,1,1,1,1,1,1,1,0.376962602,0.539965147,0,0.23411404,1,1,1,1,1,1,1,1,1,0.23411404,0,0.207648838,1,1,1,1,1,1,1,0.3097134,0.207648838,0.176328767,0.0396,1,1,1,1,1,1,1,1,0.354974851,0.0396,0.01969616,1,1,1,1,1,0.645517588,1,1,1,1,1,0.999882162,1,1,1,1,1,1,1,1,1,1,1,1,1,1,1,1,1,1,1,1,1,1,1,1,1,1,1,1,1,1,1,1,1,1,1,0.386108786,0.447896255,0.442865843,0.422188157,0.089915469,0.017105454,0.309068525,0.143194548,0.301062332,0.018706125,0.102706618,0.337186414,0.092619814,0.021038556,0.013050906,0.036176023,0,0,0,0,0,0,0,0.001714455,0,0,0.006939629,0.001973813,0,0,0,0,0,0,0,0,0,0,0,0,0,0,0,0,0,0,0,0,0,0,0.187021148,0.078695962,0.030781488,0.562134847,0.48811837,0.36874916,0.251153204,0.729387201,0.177185288,0.417169061,0.210424134,0.498119723,0.247830904,0.350529588,0.367013423,0.330077994,0.253701947,0.234427849,0.487280891,0.541060495,0.227225749,0.531495221,0.453328387,0.406982519,0.269542805,0.417673862,0.328865606,0.068655672,0.371078429,0.243138676,0.706139618,0.562326133,0.459309425,0.488566968,0.674113093,0.20019776,0.44605585,0.62594029,0.368663775,0.236591755,0.375965521,0.670209911,0.686028412,0.224638973,0.706627915,0.684034662,0.721843993,0.770010554,0.704881816,0.758122197,0.6389544,0.744853971,1,1,0.9,0.9,0.9,0.9,0.9,0.9,0.9,0.9,0.9,0.9,0.9,0.9,0.9,0.9,0.9,0.9,0.9,0.9,0.9,0.9,0.9,0.9,0.9,0.9,0.9,0.9,0.9,1,1,1,1,1,1,1,1,1,0.9,0.9,0.9,0.9,0.9,0.9,0.9,0.9,0.9,0.9,0.9,0.9,0.9,0.9,0.9,0.9,0.9,0.9,1,1,1
7,0.213074449,1,1,1,1,1,1,1,0.165127271,0.213074449,0.056913031,0.174485711,1,1,1,1,1,1,1,1,0.380997132,0.174485711,0,0.225411394,1,1,1,1,1,1,1,1,1,0.515732414,0.225411394,0,0.542918134,1,1,1,1,1,1,1,1,0.744983203,0.542918134,0,0.469894727,1,1,1,1,1,1,1,1,0.503083477,0.469894727,0.004788521,0.54048538,1,1,1,1,1,1,1,1,1,0.399055565,0.54048538,0,0.234122767,1,1,1,1,1,1,1,1,1,0.234122767,0,0.207754982,1,1,1,1,1,1,1,0.352412866,0.207754982,0.00794378,0.0396,1,1,1,1,1,1,1,1,0.40315223,0.0396,0,1,1,1,1,1,0.642001271,1,1,1,1,1,0.996292353,1,1,1,1,1,1,1,1,1,1,1,1,1,1,1,1,1,1,1,1,1,1,1,1,1,1,1,1,1,1,1,1,1,1,1,0.449558586,0.059525016,0.054311459,0.048178305,0,0,0.021780406,0.00130328,0.014974939,0,0,0.0236749,0,0,0,0,0,0,0,0,0,0,0,0,0,0,0,0,0,0,0,0,0,0,0,0,0,0,0,0,0,0,0,0,0,0,0,0,0,0,0.19489223,0.097885494,0.034352211,0.561333115,0.453267019,0.431150298,0.274624794,0.730846514,0.211335023,0.466666437,0.267047905,0.513505323,0.287344279,0.406035483,0.395830764,0.415904563,0.289794821,0.294699167,0.406699612,0.502721699,0.272936848,0.588337967,0.500414107,0.466064334,0.393553796,0.39699752,0.477986708,0.10343436,0.523566776,0.261202713,0.754880139,0.605405857,0.558658256,0.511445163,0.700599485,0.254422481,0.573299402,0.650683735,0.40983445,0.251265648,0.468223992,0.641390416,0.674124976,0.222159715,0.713625049,0.677599999,0.726452201,0.762910874,0.695530295,0.75288048,0.613835654,0.729783188,1,1,0.9,0.9,0.9,0.9,0.9,0.9,0.9,0.9,0.9,0.9,0.9,0.9,0.9,0.9,0.9,0.9,0.9,0.9,0.9,0.9,0.9,0.9,0.9,0.9,0.9,0.9,0.9,1,1,1,1,1,1,1,1,1,0.9,0.9,0.9,0.9,0.9,0.9,0.9,0.9,0.9,0.9,0.9,0.9,0.9,0.9,0.9,0.9,0.9,0.9,1,1,1
8,0.213198158,1,1,1,1,1,1,1,0.190076975,0.213198158,0,0.1743083,1,1,1,1,1,1,1,1,0.447921833,0.1743083,0,0.225528852,1,1,1,1,1,1,1,1,1,0.499329314,0.225528852,0,0.542980596,1,1,1,1,1,1,1,1,0.740732112,0.542980596,0,0.470264408,1,1,1,1,1,1,1,1,0.482382825,0.470264408,0,0.54107465,1,1,1,1,1,1,1,1,1,0.414031372,0.54107465,0,0.234156968,1,1,1,1,1,1,1,1,1,0.234156968,0,0.207891041,1,1,1,1,1,1,1,0.390950807,0.207891041,0,0.0396,1,1,1,1,1,1,1,1,0.433549148,0.0396,0,1,1,1,1,1,0.636958718,1,1,1,1,1,0.996696293,1,1,1,1,1,1,1,1,1,1,1,1,1,1,1,1,1,1,1,1,1,1,1,1,1,1,1,1,1,1,1,1,1,1,1,0.496610254,0,0,0,0,0,0,0,0,0,0,0,0,0,0,0,0,0,0,0,0,0,0,0,0,0,0,0,0,0,0,0,0,0,0,0,0,0,0,0,0,0,0,0,0,0,0,0,0,0,0.223793969,0.117167207,0.023940471,0.551533779,0.399319556,0.465817649,0.262757986,0.709490832,0.247757577,0.50551378,0.301220642,0.549805628,0.34344155,0.44636801,0.411729919,0.415392348,0.29602024,0.395201092,0.361088523,0.447079962,0.300746089,0.636649189,0.507212278,0.531864476,0.480635644,0.389958555,0.562826258,0.15578861,0.607046514,0.288930162,0.768566822,0.645731032,0.619794093,0.497889492,0.69528134,0.297094046,0.646415166,0.661726194,0.414928909,0.273285246,0.507222056,0.589398662,0.66029996,0.215954076,0.713901886,0.664429721,0.734485155,0.754783917,0.690924482,0.75132165,0.604365523,0.721590503,1,1,0.9,0.9,0.9,0.9,0.9,0.9,0.9,0.9,0.9,0.9,0.9,0.9,0.9,0.9,0.9,0.9,0.9,0.9,0.9,0.9,0.9,0.9,0.9,0.9,0.9,0.9,0.9,1,1,1,1,1,1,1,1,1,0.9,0.9,0.9,0.9,0.9,0.9,0.9,0.9,0.9,0.9,0.9,0.9,0.9,0.9,0.9,0.9,0.9,0.9,1,1,1
9,0.213316573,1,1,1,1,1,1,1,0.206911384,0.213316573,0,0.174111759,1,1,1,1,1,1,1,1,0.50202067,0.174111759,0,0.225594245,1,1,1,1,1,1,1,1,1,0.479905933,0.225594245,0,0.543067571,1,1,1,1,1,1,1,1,0.733123996,0.543067571,0,0.470550379,1,1,1,1,1,1,1,1,0.448334747,0.470550379,0,0.541594748,1,1,1,1,1,1,1,1,1,0.417153865,0.541594748,0,0.234194665,1,1,1,1,1,1,1,1,1,0.234194665,0,0.207997184,1,1,1,1,1,1,1,0.416433777,0.207997184,0,0.0396,1,1,1,1,1,1,1,1,0.451812798,0.0396,0,1,1,1,1,1,0.638646662,1,1,1,1,1,1,1,1,1,1,1,1,1,1,1,1,1,1,1,1,1,1,1,1,1,1,1,1,1,1,1,1,1,1,1,1,1,1,1,1,1,0.643483877,0,0,0,0,0,0,0,0,0,0,0,0,0,0,0,0,0,0,0,0,0,0,0,0,0,0,0,0,0,0,0,0,0,0,0,0,0,0,0,0,0,0,0,0,0,0,0,0,0,0.24233118,0.133182479,0.016578491,0.543261379,0.34414157,0.45228747,0.227257828,0.680126024,0.246685308,0.542318398,0.323348167,0.576028815,0.389095793,0.476875805,0.415763881,0.370200043,0.290935192,0.471019749,0.328065733,0.393648096,0.31330002,0.667583007,0.487303061,0.60372541,0.528541216,0.440131645,0.601833124,0.228678998,0.665106441,0.317314139,0.769634405,0.656445437,0.667945746,0.462458808,0.65433715,0.326078494,0.680120217,0.673167814,0.395222984,0.262806725,0.542554059,0.534600116,0.648275345,0.210432148,0.712597143,0.65404665,0.736733071,0.741683097,0.673792442,0.74789449,0.633461411,0.715424334,1,1,0.9,0.9,0.9,0.9,0.9,0.9,0.9,0.9,0.9,0.9,0.9,0.9,0.9,0.9,0.9,0.9,0.9,0.9,0.9,0.9,0.9,0.9,0.9,0.9,0.9,0.9,0.9,1,1,1,1,1,1,1,1,1,0.9,0.9,0.9,0.9,0.9,0.9,0.9,0.9,0.9,0.9,0.9,0.9,0.9,0.9,0.9,0.9,0.9,0.9,1,1,1
10,0.213440282,1,1,1,1,1,1,1,0.221221938,0.213440282,0,0.173950083,1,1,1,1,1,1,1,1,0.540074105,0.173950083,0,0.225698762,1,1,1,1,1,1,1,1,1,0.453451291,0.225698762,0,0.54316821,1,1,1,1,1,1,1,1,0.725875656,0.54316821,0,0.470920059,1,1,1,1,1,1,1,1,0.413362588,0.470920059,0,0.542194247,1,1,1,1,1,1,1,1,1,0.409918486,0.542194247,0,0.234203391,1,1,1,1,1,1,1,1,1,0.234203391,0,0.208040669,1,1,1,1,1,1,1,0.432464819,0.208040669,0,0.0396,1,1,1,1,1,1,1,1,0.469516166,0.0396,0,1,1,1,1,1,0.637909114,1,1,1,1,1,0.992921591,1,1,1,1,1,1,1,1,1,1,1,1,1,1,1,1,1,1,1,1,1,1,1,1,1,1,1,1,1,1,1,1,1,1,1,0.676267385,0,0,0,0,0,0,0,0,0,0,0,0,0,0,0,0,0,0,0,0,0,0,0,0,0,0,0,0,0,0,0,0,0,0,0,0,0,0,0,0,0,0,0,0,0,0,0,0,0,0.258604879,0.14431439,0.015328165,0.533854342,0.294925222,0.430437995,0.190927296,0.644234818,0.222554907,0.575167163,0.340165718,0.60226953,0.407403354,0.507326326,0.416685273,0.335565189,0.278701424,0.496363381,0.323851105,0.357956132,0.318625018,0.67105927,0.444080705,0.646619307,0.54425291,0.503647105,0.607267564,0.312223382,0.699881705,0.356519199,0.776422611,0.660394535,0.691051049,0.46598649,0.65615684,0.338540811,0.687411228,0.675687374,0.33556433,0.246871113,0.544250179,0.45873153,0.636547097,0.206360092,0.711356917,0.633418736,0.736190983,0.733495554,0.670697048,0.739002732,0.655224471,0.717438409,1,1,0.9,0.9,0.9,0.9,0.9,0.9,0.9,0.9,0.9,0.9,0.9,0.9,0.9,0.9,0.9,0.9,0.9,0.9,0.9,0.9,0.9,0.9,0.9,0.9,0.9,0.9,0.9,1,1,1,1,1,1,1,1,1,0.9,0.9,0.9,0.9,0.9,0.9,0.9,0.9,0.9,0.9,0.9,0.9,0.9,0.9,0.9,0.9,0.9,0.9,1,1,1
11,0.213558048,1,1,1,1,1,1,1,0.242705614,0.213558048,0,0.173770965,1,1,1,1,1,1,1,1,0.563455312,0.173770965,0,0.225772816,1,1,1,1,1,1,1,1,1,0.433552475,0.225772816,0,0.543249571,1,1,1,1,1,1,1,1,0.715515228,0.543249571,0,0.471292848,1,1,1,1,1,1,1,1,0.37824076,0.471292848,0,0.542714315,1,1,1,1,1,1,1,1,1,0.394605117,0.542714315,0,0.234241395,1,1,1,1,1,1,1,1,1,0.234241395,0,0.208152196,1,1,1,1,1,1,1,0.453704379,0.208152196,0,0.0396,1,1,1,1,1,1,1,1,0.478886587,0.0396,0,1,1,1,1,1,0.627251148,1,1,1,1,1,0.908286214,1,1,1,1,1,1,1,1,1,1,1,1,1,1,1,1,1,1,1,1,1,1,1,1,1,1,1,1,1,1,1,1,1,1,1,0.68165046,0,0,0,0,0,0,0,0,0,0,0,0,0,0,0,0,0,0,0,0,0,0,0,0,0,0,0,0,0,0,0,0,0,0,0,0,0,0,0,0,0,0,0,0,0,0,0,0,0,0.286839932,0.148659274,0.017565696,0.518648575,0.257311899,0.402179346,0.151604243,0.597649067,0.199217367,0.609507476,0.36781349,0.621873675,0.448204131,0.53023466,0.409380132,0.281347106,0.266790668,0.496316728,0.314529657,0.319724468,0.323227011,0.652799036,0.398339321,0.671905645,0.548377458,0.550334488,0.591430298,0.392093732,0.709251846,0.395183233,0.775619921,0.677569128,0.69041871,0.513696281,0.684109587,0.339418345,0.681855384,0.686234561,0.292878837,0.224775961,0.503179003,0.411799441,0.628386377,0.200755342,0.708107484,0.600580152,0.729112258,0.72308783,0.670898119,0.726619428,0.673488497,0.713529887,1,1,0.9,0.9,0.9,0.9,0.9,0.9,0.9,0.9,0.9,0.9,0.9,0.9,0.9,0.9,0.9,0.9,0.9,0.9,0.9,0.9,0.9,0.9,0.9,0.9,0.9,0.9,0.9,1,1,1,1,1,1,1,1,1,0.9,0.9,0.9,0.9,0.9,0.9,0.9,0.9,0.9,0.9,0.9,0.9,0.9,0.9,0.9,0.9,0.9,0.9,1,1,1
12,0.213696176,1,1,1,1,1,1,1,0.258945567,0.213696176,0,0.173573274,1,1,1,1,1,1,1,1,0.581041883,0.173573274,0,0.22584516,1,1,1,1,1,1,1,1,1,0.415641254,0.22584516,0,0.543348902,1,1,1,1,1,1,1,1,0.704282036,0.543348902,0,0.471576557,1,1,1,1,1,1,1,1,0.347967695,0.471576557,0,0.54330378,1,1,1,1,1,1,1,1,1,0.373915702,0.54330378,0,0.234242478,1,1,1,1,1,1,1,1,1,0.234242478,0,0.208284912,1,1,1,1,1,1,1,0.474925051,0.208284912,0,0.0396,1,1,1,1,1,1,1,1,0.488551809,0.0396,0,1,1,1,1,1,0.609968901,1,1,1,1,1,0.946326792,1,1,1,1,1,1,1,1,1,1,1,1,1,1,1,1,1,1,1,1,1,1,1,1,1,1,1,1,1,1,1,1,1,1,1,0.586618066,0,0,0,0,0,0,0,0,0,0,0,0,0,0,0,0,0,0,0,0,0,0,0,0,0,0,0,0,0,0,0,0,0,0,0,0,0,0,0,0,0,0,0,0,0,0,0,0,0,0.306059366,0.158097997,0.021103184,0.493878608,0.237771625,0.372176148,0.116363561,0.54727388,0.176931825,0.648190797,0.394313715,0.640853725,0.480553589,0.547567749,0.410304821,0.250082034,0.262939404,0.468565042,0.293878941,0.276072169,0.332304261,0.618213004,0.360195847,0.691269818,0.550986063,0.532498566,0.573928821,0.481113115,0.708578279,0.423988831,0.772225188,0.688181138,0.660431446,0.561343205,0.643002765,0.32801971,0.671561032,0.688558538,0.224562815,0.195252022,0.424450667,0.383909964,0.610438,0.194087547,0.713194101,0.56805486,0.715055338,0.709680367,0.672627988,0.715133858,0.628954535,0.713571072,1,1,0.9,0.9,0.9,0.9,0.9,0.9,0.9,0.9,0.9,0.9,0.9,0.9,0.9,0.9,0.9,0.9,0.9,0.9,0.9,0.9,0.9,0.9,0.9,0.9,0.9,0.9,0.9,1,1,1,1,1,1,1,1,1,0.9,0.9,0.9,0.9,0.9,0.9,0.9,0.9,0.9,0.9,0.9,0.9,0.9,0.9,0.9,0.9,0.9,0.9,1,1,1
13,0.213814591,1,1,1,1,1,1,1,0.278961299,0.213814591,0,0.173399591,1,1,1,1,1,1,1,1,0.599262976,0.173399591,0,0.225943687,1,1,1,1,1,1,1,1,1,0.407817697,0.225943687,0,0.543428933,1,1,1,1,1,1,1,1,0.689570529,0.543428933,0,0.471948499,1,1,1,1,1,1,1,1,0.319864949,0.471948499,0,0.54381558,1,1,1,1,1,1,1,1,1,0.35683701,0.54381558,0,0.234282718,1,1,1,1,1,1,1,1,1,0.234282718,0,0.208394642,1,1,1,1,1,1,1,0.496210474,0.208394642,0,0.0396,1,1,1,1,1,1,1,1,0.498392059,0.0396,0,1,1,1,1,1,0.565583348,1,1,1,1,1,0.825797379,1,1,1,1,1,1,1,1,1,1,1,1,1,1,1,1,1,1,1,1,1,1,1,1,1,1,1,1,1,1,1,1,1,1,1,0.680142999,0,0,0,0,0,0,0,0,0,0,0,0,0,0,0,0,0,0,0,0,0,0,0,0,0,0,0,0,0,0,0,0,0,0,0,0,0,0,0,0,0,0,0,0,0,0,0,0,0,0.329828992,0.168574249,0.03047283,0.457036242,0.230964103,0.343686804,0.086094742,0.488083901,0.172150257,0.667987288,0.434933436,0.647086735,0.513240074,0.562042688,0.415793252,0.228687611,0.262093314,0.427463232,0.271185338,0.246155163,0.357715148,0.577643416,0.331115227,0.714918309,0.555164711,0.504601764,0.550191745,0.574225299,0.710924545,0.451635731,0.766709374,0.677444741,0.603568859,0.563284819,0.634577081,0.310398434,0.655105765,0.698535527,0.133960427,0.169307502,0.344711345,0.374392481,0.607838021,0.193079781,0.716746706,0.555770668,0.696173485,0.687493601,0.655817906,0.704545778,0.621193979,0.711988694,1,1,0.9,0.9,0.9,0.9,0.9,0.9,0.9,0.9,0.9,0.9,0.9,0.9,0.9,0.9,0.9,0.9,0.9,0.9,0.9,0.9,0.9,0.9,0.9,0.9,0.9,0.9,0.9,1,1,1,1,1,1,1,1,1,0.9,0.9,0.9,0.9,0.9,0.9,0.9,0.9,0.9,0.9,0.9,0.9,0.9,0.9,0.9,0.9,0.9,0.9,1,1,1
14,0.2139383,1,1,1,1,1,1,1,0.306801485,0.2139383,0,0.173196984,1,1,1,1,1,1,1,1,0.612982557,0.173196984,0,0.226032446,1,1,1,1,1,1,1,1,1,0.397954662,0.226032446,0,0.543495046,1,1,1,1,1,1,1,1,0.671065395,0.543495046,0,0.472319026,1,1,1,1,1,1,1,1,0.294260678,0.472319026,0,0.544414944,1,1,1,1,1,1,1,1,1,0.343913791,0.544414944,0,0.234320721,1,1,1,1,1,1,1,1,1,0.234320721,0,0.208439925,1,1,1,1,1,1,1,0.512851637,0.208439925,0,0.0396,1,1,1,1,1,1,1,1,0.509920117,0.0396,0,1,1,1,1,1,0.570905149,1,1,1,1,1,0.911185086,1,1,1,1,1,1,1,1,1,1,1,1,1,1,1,1,1,1,1,1,1,1,1,1,1,1,1,1,1,1,1,1,1,1,1,0.792030454,0,0,0,0,0,0,0,0,0,0,0,0,0,0,0,0,0,0,0,0,0,0,0,0,0,0,0,0,0,0,0,0,0,0,0,0,0,0,0,0,0,0,0,0,0,0,0,0,0,0.367015719,0.171717265,0.037026162,0.420873513,0.230900641,0.307523315,0.068110202,0.429154415,0.177609132,0.672054963,0.478169161,0.649354387,0.525389641,0.575646462,0.430286134,0.191953086,0.271141327,0.383378957,0.25519406,0.220827114,0.391059161,0.533456772,0.308086149,0.718826716,0.565424837,0.54447919,0.52381016,0.645383394,0.713112706,0.46166437,0.766051659,0.65319516,0.535644919,0.540574992,0.633658253,0.297719801,0.646037544,0.700789551,0.07208956,0.164685538,0.248093578,0.356095337,0.610184258,0.185195274,0.71890441,0.532925471,0.674521396,0.66327604,0.635385747,0.689840305,0.641181235,0.69989079,1,1,0.9,0.9,0.9,0.9,0.9,0.9,0.9,0.9,0.9,0.9,0.9,0.9,0.9,0.9,0.9,0.9,0.9,0.9,0.9,0.9,0.9,0.9,0.9,0.9,0.9,0.9,0.9,1,1,1,1,1,1,1,1,1,0.9,0.9,0.9,0.9,0.9,0.9,0.9,0.9,0.9,0.9,0.9,0.9,0.9,0.9,0.9,0.9,0.9,0.9,1,1,1
15,0.214056714,1,1,1,1,1,1,1,0.337383136,0.214056714,0,0.173039743,1,1,1,1,1,1,1,1,0.622842537,0.173039743,0,0.22610479,1,1,1,1,1,1,1,1,1,0.387875284,0.22610479,0,0.543623282,1,1,1,1,1,1,1,1,0.652471249,0.543623282,0,0.472604151,1,1,1,1,1,1,1,1,0.277375222,0.472604151,0,0.544925113,1,1,1,1,1,1,1,1,1,0.33552793,0.544925113,0,0.234358418,1,1,1,1,1,1,1,1,1,0.234358418,0,0.208570599,1,1,1,1,1,1,1,0.519444808,0.208570599,0,0.0396,1,1,1,1,1,1,1,1,0.522011816,0.0396,0,1,1,1,1,1,0.375218421,1,1,1,1,1,0.839078963,1,1,1,1,1,1,1,1,1,1,1,1,1,1,1,1,1,1,1,1,1,1,1,1,1,1,1,1,1,1,1,1,1,1,1,0.702085316,0,0,0,0,0,0,0,0,0,0,0,0,0,0,0,0,0,0,0,0,0,0,0,0,0,0,0,0,0,0,0,0,0,0,0,0,0,0,0,0,0,0,0,0,0,0,0,0,0,0.40624568,0.180628233,0.041388455,0.391870692,0.244218401,0.272771838,0.056156273,0.379355391,0.194409135,0.659086778,0.505432048,0.637879675,0.534015275,0.591736048,0.439521326,0.17084263,0.29141414,0.333710389,0.238379832,0.201234684,0.429925025,0.488086148,0.303000501,0.719054357,0.581639018,0.522246807,0.511637969,0.695160674,0.715770922,0.468409069,0.753253074,0.654223114,0.469699211,0.526784732,0.629481696,0.283238366,0.607559643,0.694079779,0.027152121,0.153378248,0.16888523,0.34260424,0.598471589,0.180012595,0.728422807,0.454385801,0.667984343,0.631476483,0.632141863,0.677334604,0.665334533,0.701734842,1,1,0.9,0.9,0.9,0.9,0.9,0.9,0.9,0.9,0.9,0.9,0.9,0.9,0.9,0.9,0.9,0.9,0.9,0.9,0.9,0.9,0.9,0.9,0.9,0.9,0.9,0.9,0.9,1,1,1,1,1,1,1,1,1,0.9,0.9,0.9,0.9,0.9,0.9,0.9,0.9,0.9,0.9,0.9,0.9,0.9,0.9,0.9,0.9,0.9,0.9,1,1,1
16,0.214180424,1,1,1,1,1,1,1,0.360841255,0.214180424,0,0.17282513,1,1,1,1,1,1,1,1,0.637998512,0.17282513,0,0.226203272,1,1,1,1,1,1,1,1,1,0.381325812,0.226203272,0,0.543698904,1,1,1,1,1,1,1,1,0.627989648,0.543698904,0,0.472974678,1,1,1,1,1,1,1,1,0.268148539,0.472974678,0,0.545524612,1,1,1,1,1,1,1,1,1,0.336884841,0.545524612,0,0.234330531,1,1,1,1,1,1,1,1,1,0.234330531,0,0.208682127,1,1,1,1,1,1,1,0.519951493,0.208682127,0,0.0396,1,1,1,1,1,1,1,1,0.541422307,0.0396,0,1,1,1,1,1,0.144352719,1,1,1,1,1,0.897354782,1,1,1,1,1,1,1,1,1,1,1,1,1,1,1,1,1,1,1,1,1,1,1,1,1,1,1,1,1,1,1,1,1,1,1,0.885783494,0,0,0,0,0,0,0,0,0,0,0,0,0,0,0,0,0,0,0,0,0,0,0,0,0,0,0,0,0,0,0,0,0,0,0,0,0,0,0,0,0,0,0,0,0,0,0,0,0,0.435991558,0.188765346,0.043383998,0.355668783,0.274578566,0.240476869,0.051149929,0.334389781,0.21794721,0.64016013,0.52166604,0.624401521,0.52465024,0.61662344,0.452099056,0.165131013,0.327417369,0.329946952,0.233862446,0.17749281,0.467444724,0.451077199,0.290063576,0.728111631,0.603627148,0.496470375,0.510727089,0.725960982,0.735261626,0.485588405,0.751133681,0.637263409,0.418436007,0.511856656,0.645920353,0.26679827,0.555991019,0.681967465,0.007837361,0.144475996,0.140099008,0.334905481,0.587022509,0.178440316,0.730712295,0.397625577,0.632267859,0.599990145,0.613040862,0.658459078,0.594355292,0.696198192,1,1,0.9,0.9,0.9,0.9,0.9,0.9,0.9,0.9,0.9,0.9,0.9,0.9,0.9,0.9,0.9,0.9,0.9,0.9,0.9,0.9,0.9,0.9,0.9,0.9,0.9,0.9,0.9,1,1,1,1,1,1,1,1,1,0.9,0.9,0.9,0.9,0.9,0.9,0.9,0.9,0.9,0.9,0.9,0.9,0.9,0.9,0.9,0.9,0.9,0.9,1,1,1
17,0.214287732,1,1,1,1,1,1,1,0.369979328,0.214287732,0,0.172663454,1,1,1,1,1,1,1,1,0.656707653,0.172663454,0,0.226277326,1,1,1,1,1,1,1,1,1,0.374149073,0.226277326,0,0.543770639,1,1,1,1,1,1,1,1,0.600070156,0.543770639,0,0.473259802,1,1,1,1,1,1,1,1,0.271223428,0.473259802,0,0.546053438,1,1,1,1,1,1,1,1,1,0.348793682,0.546053438,0,0.234368534,1,1,1,1,1,1,1,1,1,0.234368534,0,0.208727653,1,1,1,1,1,1,1,0.518670908,0.208727653,0,0.0396,1,1,1,1,1,1,1,1,0.564939577,0.0396,0,1,1,1,1,1,0.355513901,1,1,1,1,1,0.790090799,1,1,1,1,1,1,1,1,1,1,1,1,1,1,1,1,1,1,1,1,1,1,1,1,1,1,1,1,1,1,1,1,1,1,1,1,0,0,0,0,0,0,0,0,0,0,0,0,0,0,0,0,0,0,0,0,0,0,0,0,0,0,0,0,0,0,0,0,0,0,0,0,0,0,0,0,0,0,0,0,0,0,0,0,0,0.447725306,0.192727687,0.037318697,0.320691768,0.321207394,0.215918932,0.054418238,0.30728324,0.234403548,0.622694975,0.530324127,0.615363912,0.520441675,0.642885125,0.472978367,0.170578544,0.373942586,0.350277337,0.24317335,0.165701605,0.506918532,0.418776145,0.288774429,0.736016722,0.636053931,0.483928966,0.523551996,0.741161919,0.75701544,0.51560774,0.743447121,0.615312016,0.383456245,0.487247313,0.659955402,0.256862229,0.526772389,0.690310683,0,0.139904165,0.126249319,0.32327454,0.572388286,0.179109373,0.731442498,0.36338901,0.60720192,0.562778483,0.5931655,0.634785728,0.500946239,0.68075347,1,1,0.9,0.9,0.9,0.9,0.9,0.9,0.9,0.9,0.9,0.9,0.9,0.9,0.9,0.9,0.9,0.9,0.9,0.9,0.9,0.9,0.9,0.9,0.9,0.9,0.9,0.9,0.9,1,1,1,1,1,1,1,1,1,0.9,0.9,0.9,0.9,0.9,0.9,0.9,0.9,0.9,0.9,0.9,0.9,0.9,0.9,0.9,0.9,0.9,0.9,1,1,1
18,0.214411441,1,1,1,1,1,1,1,0.377616915,0.214411441,0,0.172490402,1,1,1,1,1,1,1,1,0.672152177,0.172490402,0,0.226351381,1,1,1,1,1,1,1,1,1,0.368460597,0.226351381,0,0.543856408,1,1,1,1,1,1,1,1,0.572042452,0.543856408,0,0.473625292,1,1,1,1,1,1,1,1,0.27789654,0.473625292,0,0.546644831,1,1,1,1,1,1,1,1,1,0.358906282,0.546644831,0,0.234439043,1,1,1,1,1,1,1,1,1,0.234439043,0,0.208858327,1,1,1,1,1,1,1,0.515690856,0.208858327,0,0.0396,1,1,1,1,1,1,1,1,0.587014333,0.0396,0,1,1,1,1,1,0.371443897,1,1,1,1,1,0.533555925,1,1,1,1,1,1,1,1,1,1,1,1,1,1,1,1,1,1,1,1,1,1,1,1,1,1,1,1,1,1,1,1,1,1,1,0.99984026,0,0,0,0,0,0,0,0,0,0,0,0,0,0,0,0,0,0,0,0,0,0,0,0,0,0,0,0,0,0,0,0,0,0,0,0,0,0,0,0,0,0,0,0,0,0,0,0,0,0.455388537,0.201551182,0.037976683,0.291192007,0.369761646,0.194699306,0.057366813,0.28774819,0.264290626,0.593139316,0.540921104,0.603837775,0.508565658,0.668855341,0.488050768,0.189729123,0.423805781,0.356259696,0.248745748,0.164340544,0.535751711,0.382480206,0.297857508,0.733526723,0.670293672,0.476080889,0.541761419,0.746505893,0.772205729,0.543993012,0.736612359,0.59016347,0.35392225,0.504277741,0.613995011,0.263951697,0.490093592,0.704538279,0,0.139453452,0.103557481,0.306755031,0.570124116,0.182839352,0.725210154,0.354436862,0.603996458,0.520146549,0.57756947,0.61085691,0.412949798,0.654763006,1,1,0.9,0.9,0.9,0.9,0.9,0.9,0.9,0.9,0.9,0.9,0.9,0.9,0.9,0.9,0.9,0.9,0.9,0.9,0.9,0.9,0.9,0.9,0.9,0.9,0.9,0.9,0.9,1,1,1,1,1,1,1,1,1,0.9,0.9,0.9,0.9,0.9,0.9,0.9,0.9,0.9,0.9,0.9,0.9,0.9,0.9,0.9,0.9,0.9,0.9,1,1,1
19,0.214544275,1,1,1,1,1,1,1,0.382788554,0.214544275,0,0.172286645,1,1,1,1,1,1,1,1,0.685238279,0.172286645,0,0.226462902,1,1,1,1,1,1,1,1,1,0.356240538,0.226462902,0.013570913,0.543955739,1,1,1,1,1,1,1,1,0.543595327,0.543955739,0.037838029,0.474002271,1,1,1,1,1,1,1,1,0.28448563,0.474002271,0,0.547162971,1,1,1,1,1,1,1,1,1,0.371339622,0.547162971,0,0.234440126,1,1,1,1,1,1,1,1,1,0.234440126,0.026459439,0.208969855,1,1,1,1,1,1,1,0.514490144,0.208969855,0,0.0396,1,1,1,1,1,1,1,1,0.606491188,0.0396,0,1,1,1,1,1,0.345452696,1,1,1,1,1,0.322253913,1,1,1,1,1,1,1,1,1,1,1,1,1,1,1,1,1,1,1,1,1,1,1,1,1,1,1,1,1,1,1,1,1,1,1,0.996414542,0,0,0,0,0,0,0,0,0,0,0,0,0,0,0,0,0,0,0,0,0,0,0,0.001108357,0,0,0,0.014277704,0.119122282,0.030315829,0,0.001307347,0.030688715,0.013780226,0.003642111,0.037511363,0.022101083,0.026664465,0,0.013161566,0.026932848,0.00520369,0.030726496,0.051923234,0.068735462,0.031507146,0.016025032,0.075509678,0.014642312,0.462542257,0.200703955,0.042948248,0.263752178,0.411566335,0.179130549,0.063692033,0.271921407,0.298558938,0.558178553,0.558991364,0.590923772,0.501204619,0.685943138,0.512344437,0.207356228,0.481670745,0.369531125,0.242256699,0.178155225,0.560878535,0.341569501,0.310727839,0.728062975,0.700249931,0.505032726,0.573451223,0.751097658,0.77244198,0.558113655,0.728566117,0.56769851,0.332530511,0.561596201,0.580126536,0.266433115,0.455006991,0.70312253,0,0.132506378,0.09044096,0.282027711,0.553961511,0.184948677,0.715668859,0.358484161,0.597599625,0.469083901,0.553415449,0.593344564,0.404362892,0.620666299,1,1,0.9,0.9,0.9,0.9,0.9,0.9,0.9,0.9,0.9,0.9,0.9,0.9,0.9,0.9,0.9,0.9,0.9,0.9,0.9,0.9,0.9,0.9,0.9,0.9,0.9,0.9,0.9,1,1,1,1,1,1,1,1,1,0.9,0.9,0.9,0.9,0.9,0.9,0.9,0.9,0.9,0.9,0.9,0.9,0.9,0.9,0.9,0.9,0.9,0.9,1,1,1
20,0.214667984,1,1,1,1,1,1,1,0.387340459,0.214667984,0,0.172128456,1,1,1,1,1,1,1,1,0.697837656,0.172128456,0.008940458,0.226528242,1,1,1,1,1,1,1,1,1,0.347205703,0.226528242,0.080708134,0.54401345,1,1,1,1,1,1,1,1,0.511845507,0.54401345,0.159055136,0.474280943,1,1,1,1,1,1,1,1,0.290084356,0.474280943,0,0.547753381,1,1,1,1,1,1,1,1,1,0.389204026,0.547753381,0.010687116,0.234447861,1,1,1,1,1,1,1,1,1,0.234447861,0.161849761,0.209079584,1,1,1,1,1,1,1,0.512344317,0.209079584,0,0.0396,1,1,1,1,1,1,1,1,0.623635278,0.0396,0.028472181,1,1,1,1,1,0.15192382,1,1,1,1,1,0.273005605,1,1,1,1,1,1,1,1,1,1,1,1,1,1,1,1,1,1,1,1,1,1,1,1,1,1,1,1,1,1,1,1,1,1,1,0.999142885,0,0,0,0,0,0,0,0,0,0,0,0,0.019745868,0.035648365,0.023972592,0.013351256,0.009887967,0.006600141,0.017160721,0.005284644,0,0.019910799,0.004359991,0.059406528,0.004183444,0.007496264,0,0.178888801,0.520587447,0.238354446,0.006210021,0.02224521,0.168463224,0.09033669,0.056960536,0.15719201,0.146389293,0.131495552,0.006623923,0.112876831,0.09096798,0.075530784,0.072549516,0.196096914,0.24856568,0.134863307,0.114900589,0.173632926,0.070676744,0.469162017,0.196795862,0.059330442,0.234017569,0.447200638,0.166088183,0.069944896,0.261511096,0.335696213,0.513204354,0.57818038,0.578663321,0.501621742,0.69949629,0.535906221,0.227455824,0.528586483,0.415276018,0.270133713,0.192580132,0.579313243,0.301536854,0.325638709,0.724220287,0.723248399,0.564551366,0.602302451,0.756844512,0.772517246,0.567005393,0.708881343,0.557404945,0.32781421,0.584792019,0.566137602,0.268926605,0.422461979,0.683835835,0.001530865,0.124234043,0.083398363,0.26989602,0.534182812,0.188702075,0.70615158,0.342435437,0.583563346,0.417245509,0.527867794,0.568653921,0.383362172,0.607822332,1,1,0.9,0.9,0.9,0.9,0.9,0.9,0.9,0.9,0.9,0.9,0.9,0.9,0.9,0.9,0.9,0.9,0.9,0.9,0.9,0.9,0.9,0.9,0.9,0.9,0.9,0.9,0.9,1,1,1,1,1,1,1,1,1,0.9,0.9,0.9,0.9,0.9,0.9,0.9,0.9,0.9,0.9,0.9,0.9,0.9,0.9,0.9,0.9,0.9,0.9,1,1,1
21,0.21478575,1,1,1,1,1,1,1,0.387517891,0.21478575,0.006895691,0.171916421,1,1,1,1,1,1,1,1,0.706218714,0.171916421,0.07562381,0.2266457,1,1,1,1,1,1,1,1,1,0.332738308,0.2266457,0.163789533,0.544133644,1,1,1,1,1,1,1,1,0.460140151,0.544133644,0.224829083,0.474658769,1,1,1,1,1,1,1,1,0.295827328,0.474658769,0.00379505,0.548283656,1,1,1,1,1,1,1,1,1,0.404811548,0.548283656,0.069376517,0.234485558,1,1,1,1,1,1,1,1,1,0.234485558,0.255290117,0.209119483,1,1,1,1,1,1,1,0.512975421,0.209119483,0.037300346,0.0396,1,1,1,1,1,1,1,1,0.63840201,0.0396,0.162539098,1,1,1,1,1,0.093378253,1,1,1,1,1,0.329268724,1,1,1,1,1,1,1,1,1,1,1,1,1,1,1,1,1,1,1,1,1,1,1,1,1,1,1,1,1,1,1,1,1,1,1,1,0.008081003,0.006070659,0.001917456,0.002638152,0.008354177,0,0,0.048617251,0.041978832,0.04645857,0.009380509,0.023217764,0.146997906,0.174788947,0.156037326,0.098141569,0.04821825,0.023808724,0.087398896,0.102097751,0.035200918,0.060197103,0.064580324,0.166772792,0.029373835,0.097604095,0.080016698,0.361507217,0.666364263,0.385479953,0.015378771,0.043200174,0.253121827,0.181996804,0.117301622,0.28767708,0.26637223,0.233785111,0.022409356,0.217878604,0.181778279,0.188176753,0.160484939,0.269804007,0.324445358,0.154711185,0.180853583,0.279395197,0.134029694,0.468576582,0.197208454,0.071075765,0.207099966,0.480614748,0.157629667,0.073146883,0.251483645,0.383844997,0.473565368,0.593961472,0.569926642,0.501971536,0.711423829,0.554523119,0.253096704,0.574268257,0.464348868,0.305119994,0.214125586,0.578936935,0.254000987,0.344142129,0.725727393,0.735274223,0.628136977,0.606311953,0.758867859,0.782548121,0.567868036,0.693248021,0.463324535,0.315029682,0.567731245,0.600914267,0.225270575,0.318200533,0.65862623,0.001179522,0.124554016,0.077893953,0.267950218,0.493212739,0.180683443,0.688376991,0.326444288,0.548938076,0.347892865,0.458042992,0.524817847,0.378256626,0.577135767,1,1,0.9,0.9,0.9,0.9,0.9,0.9,0.9,0.9,0.9,0.9,0.9,0.9,0.9,0.9,0.9,0.9,0.9,0.9,0.9,0.9,0.9,0.9,0.9,0.9,0.9,0.9,0.9,1,1,1,1,1,1,1,1,1,0.9,0.9,0.9,0.9,0.9,0.9,0.9,0.9,0.9,0.9,0.9,0.9,0.9,0.9,0.9,0.9,0.9,0.9,1,1,1
22,0.214909459,1,1,1,1,1,1,1,0.38665869,0.214909459,0.190644738,0.171751017,1,1,1,1,1,1,1,1,0.702514744,0.171751017,0.186656426,0.226735565,1,1,1,1,1,1,1,1,1,0.305546481,0.226735565,0.201658602,0.544226357,1,1,1,1,1,1,1,1,0.38268622,0.544226357,0.249889209,0.475023412,1,1,1,1,1,1,1,1,0.301070123,0.475023412,0.129613787,0.548873765,1,1,1,1,1,1,1,1,1,0.351904075,0.548873765,0.159229665,0.234523255,1,1,1,1,1,1,1,1,1,0.234523255,0.292248355,0.209255785,1,1,1,1,1,1,1,0.504850469,0.209255785,0.272525243,0.0396,1,1,1,1,1,1,1,1,0.652304354,0.0396,0.194195292,1,1,1,1,1,0.203355983,1,1,1,1,1,0.410919428,1,1,1,1,1,1,1,1,1,1,1,1,1,1,1,1,1,1,1,1,1,1,1,1,1,1,1,1,1,1,1,1,1,1,1,0.996684253,0.218193975,0.164710764,0.094222293,0.172350602,0.207067329,0.045993259,0.024299815,0.382991691,0.252583953,0.151851077,0.243235386,0.350744588,0.185265786,0.191534467,0.218093458,0.187633013,0.091404121,0.043465499,0.153308549,0.248563097,0.230129198,0.083671065,0.166799445,0.22362591,0.064740441,0.173810813,0.393079792,0.396889624,0.662838286,0.453786398,0.030507688,0.091737556,0.288865922,0.256013586,0.143820218,0.334688978,0.239957073,0.3094225,0.049991746,0.247217157,0.243085687,0.241189223,0.195258132,0.304953745,0.29461879,0.233908962,0.232823602,0.315322267,0.171284126,0.466317807,0.19650417,0.092965847,0.175981134,0.514781246,0.147284049,0.079216176,0.240529566,0.42007362,0.423304601,0.602020225,0.557219355,0.493299214,0.725738006,0.566705976,0.273519656,0.498452963,0.402651021,0.360622502,0.19271431,0.49254586,0.200329025,0.245129372,0.732632946,0.731033964,0.642861836,0.613439399,0.73188626,0.798628365,0.524619789,0.66366106,0.398320799,0.285637163,0.524706033,0.669395653,0.175702274,0.207038493,0.657363481,0,0.114703267,0.066789807,0.282116488,0.422800164,0.160652732,0.619308781,0.283302426,0.461289499,0.269107059,0.352862221,0.450566878,0.36526755,0.506735466,1,1,0.9,0.9,0.9,0.9,0.9,0.9,0.9,0.9,0.9,0.9,0.9,0.9,0.9,0.9,0.9,0.9,0.9,0.9,0.9,0.9,0.9,0.9,0.9,0.9,0.9,0.9,0.9,1,1,1,1,1,1,1,1,1,0.9,0.9,0.9,0.9,0.9,0.9,0.9,0.9,0.9,0.9,0.9,0.9,0.9,0.9,0.9,0.9,0.9,0.9,1,1,1
23,0.215027874,1,1,1,1,1,1,1,0.385781821,0.215027874,0.578680865,0.171542469,1,1,1,1,1,1,1,1,0.678153443,0.171542469,0.261482588,0.226824324,1,1,1,1,1,1,1,1,1,0.286424006,0.226824324,0.225048421,0.544288819,1,1,1,1,1,1,1,1,0.303456937,0.544288819,0.268553072,0.47531442,1,1,1,1,1,1,1,1,0.28611956,0.47531442,0.460069724,0.549392041,1,1,1,1,1,1,1,1,1,0.291078194,0.549392041,0.218785416,0.23452818,1,1,1,1,1,1,1,1,1,0.23452818,0.315156015,0.209367312,1,1,1,1,1,1,1,0.479377781,0.209367312,0.484955071,0.0396,1,1,1,1,1,1,1,1,0.661880628,0.0396,0.231225884,1,1,1,1,1,0.386750817,1,1,1,1,1,0.341789782,1,1,1,1,1,1,1,1,1,1,1,1,1,1,1,1,1,1,1,1,1,1,1,1,1,1,1,1,1,1,1,1,1,1,1,0.993026853,0.609696288,0.544673054,0.483852835,0.571117546,0.536975302,0.396082601,0.270218854,0.620785697,0.385691083,0.194113353,0.661971589,0.711512441,0.213477554,0.228562658,0.27124589,0.229936031,0.122117732,0.052134906,0.188852153,0.28039635,0.428237271,0.129291264,0.251806983,0.253566732,0.11653237,0.231591474,0.530245944,0.426228335,0.635703662,0.475080044,0.054057892,0.130900292,0.319934224,0.299938006,0.163223361,0.368487381,0.258502588,0.366143532,0.069806444,0.262494829,0.268752028,0.278058199,0.251181134,0.302603018,0.295588018,0.271372785,0.262224068,0.289755565,0.178208216,0.462455941,0.202782011,0.102932986,0.146666681,0.517838471,0.137795759,0.086273551,0.186769246,0.399398918,0.365479123,0.612607884,0.528617198,0.446193589,0.734898036,0.575709859,0.292619564,0.379279161,0.391097312,0.35749642,0.208519278,0.366690784,0.122461748,0.184375581,0.729183611,0.734022478,0.527937884,0.616871314,0.66649264,0.801436141,0.436758283,0.646315924,0.414586675,0.229712439,0.511241657,0.696245855,0.140410571,0.15902905,0.687772604,0.001229105,0.088714008,0.052388516,0.311239986,0.365431157,0.154494702,0.539192679,0.20075234,0.372490253,0.204192877,0.262491453,0.361798202,0.310406161,0.444627134,1,1,0.9,0.9,0.9,0.9,0.9,0.9,0.9,0.9,0.9,0.9,0.9,0.9,0.9,0.9,0.9,0.9,0.9,0.9,0.9,0.9,0.9,0.9,0.9,0.9,0.9,0.9,0.9,1,1,1,1,1,1,1,1,1,0.9,0.9,0.9,0.9,0.9,0.9,0.9,0.9,0.9,0.9,0.9,0.9,0.9,0.9,0.9,0.9,0.9,0.9,1,1,1
24,0.215151583,1,1,1,1,1,1,1,0.357683809,0.215151583,0.674528864,0.171377029,1,1,1,1,1,1,1,1,0.675312493,0.171377029,0.290382765,0.226898378,1,1,1,1,1,1,1,1,1,0.266749918,0.226898378,0.233865939,0.544377476,1,1,1,1,1,1,1,1,0.269590309,0.544377476,0.276911055,0.475679063,1,1,1,1,1,1,1,1,0.247384637,0.475679063,0.562134254,0.549983298,1,1,1,1,1,1,1,1,1,0.289003166,0.549983298,0.224446836,0.234566183,1,1,1,1,1,1,1,1,1,0.234566183,0.320820527,0.209473456,1,1,1,1,1,1,1,0.455184668,0.209473456,0.505260502,0.0396,1,1,1,1,1,1,1,1,0.664217572,0.0396,0.266386328,1,1,1,1,1,0.415394127,1,1,1,1,1,0.316653907,1,1,1,1,1,1,1,1,1,1,1,1,1,1,1,1,1,1,1,1,1,1,1,1,1,1,1,1,1,1,1,1,1,1,1,0.875456631,0.682119511,0.662765674,0.661136188,0.629186753,0.546509764,0.612381589,0.47686098,0.628893656,0.420273914,0.224638641,0.709493677,0.680478394,0.243848878,0.268481691,0.301600075,0.219794319,0.132279509,0.064869636,0.197171435,0.262006682,0.424550408,0.171754958,0.296474559,0.268279921,0.164310986,0.282959441,0.476624822,0.399471831,0.613652093,0.48019747,0.069255756,0.161114165,0.333993598,0.314052975,0.174939991,0.343709733,0.265241185,0.377257668,0.06653034,0.27150472,0.28316475,0.298393426,0.312792459,0.317177992,0.294993276,0.273061167,0.2676836,0.25805708,0.204861176,0.431994244,0.17922227,0.089645004,0.092718959,0.466033621,0.121851492,0.093955992,0.137630229,0.390579696,0.30609027,0.619298993,0.493676933,0.416472108,0.736610184,0.573862624,0.332443366,0.389512124,0.40507465,0.40351759,0.237459486,0.324130455,0.07588331,0.187644407,0.739274603,0.747478754,0.499335141,0.635552261,0.673415155,0.801722197,0.347813198,0.619688218,0.42131693,0.182606955,0.536065425,0.663763298,0.128375732,0.177516731,0.700509808,0.008945673,0.08235897,0.040682029,0.298015768,0.31384933,0.161922923,0.498255472,0.142108289,0.337936814,0.163907687,0.222911682,0.33647002,0.237445693,0.408328407,1,1,0.9,0.9,0.9,0.9,0.9,0.9,0.9,0.9,0.9,0.9,0.9,0.9,0.9,0.9,0.9,0.9,0.9,0.9,0.9,0.9,0.9,0.9,0.9,0.9,0.9,0.9,0.9,1,1,1,1,1,1,1,1,1,0.9,0.9,0.9,0.9,0.9,0.9,0.9,0.9,0.9,0.9,0.9,0.9,0.9,0.9,0.9,0.9,0.9,0.9,1,1,1
25,0.215284417,1,1,1,1,1,1,1,0.340780867,0.215284417,0.622494206,0.171200768,1,1,1,1,1,1,1,1,0.674082198,0.171200768,0.30295923,0.226996905,1,1,1,1,1,1,1,1,1,0.266222316,0.226996905,0.221353944,0.544468521,1,1,1,1,1,1,1,1,0.261215381,0.544468521,0.288447695,0.476056889,1,1,1,1,1,1,1,1,0.21674437,0.476056889,0.478498163,0.550504352,1,1,1,1,1,1,1,1,1,0.315752801,0.550504352,0.212421373,0.23460388,1,1,1,1,1,1,1,1,1,0.23460388,0.306548969,0.20954327,1,1,1,1,1,1,1,0.442129826,0.20954327,0.503356114,0.0396,1,1,1,1,1,1,1,1,0.661415307,0.0396,0.304792044,1,1,1,1,1,0.263606995,1,1,1,1,1,0.313255787,1,1,1,1,1,1,1,1,1,1,1,1,1,1,1,1,1,1,1,1,1,1,1,1,1,1,1,1,1,1,1,1,1,1,1,0.937269211,0.635026074,0.607152336,0.588746314,0.535684142,0.447478089,0.534497751,0.426421948,0.613714631,0.500642221,0.258999008,0.631848302,0.60558343,0.277448845,0.309137975,0.342375485,0.222619268,0.123039167,0.063401444,0.161369556,0.249595567,0.377433739,0.199974215,0.334010175,0.27609786,0.18567338,0.29223919,0.439136956,0.334998983,0.587757488,0.483122006,0.065283712,0.196268209,0.308272403,0.292954351,0.168160115,0.338290799,0.24855246,0.388511508,0.0614469,0.274407881,0.268069269,0.244731719,0.383154041,0.388855963,0.319982952,0.307544109,0.235912202,0.456892088,0.232294352,0.414445053,0.163186843,0.078852032,0.067184547,0.422314648,0.088899278,0.074244256,0.123815707,0.405862046,0.247764493,0.617173852,0.493119939,0.424823313,0.731108902,0.571104491,0.365199235,0.452907727,0.442207329,0.456692528,0.283758451,0.303761517,0.086390266,0.197441239,0.735620797,0.761738075,0.503067648,0.655772865,0.662623929,0.802113184,0.302054139,0.60138895,0.439146599,0.187590585,0.524513551,0.561231631,0.141780878,0.214840499,0.677292571,0.016378668,0.092153128,0.030721498,0.311962365,0.29618178,0.170263437,0.475004231,0.155900268,0.346516512,0.149533838,0.240407246,0.322436441,0.198715558,0.410733399,1,1,0.9,0.9,0.9,0.9,0.9,0.9,0.9,0.9,0.9,0.9,0.9,0.9,0.9,0.9,0.9,0.9,0.9,0.9,0.9,0.9,0.9,0.9,0.9,0.9,0.9,0.9,0.9,1,1,1,1,1,1,1,1,1,0.9,0.9,0.9,0.9,0.9,0.9,0.9,0.9,0.9,0.9,0.9,0.9,0.9,0.9,0.9,0.9,0.9,0.9,1,1,1
26,0.215408126,1,1,1,1,1,1,1,0.342997709,0.215408126,0.575697157,0.171003077,1,1,1,1,1,1,1,1,0.669866585,0.171003077,0.288693047,0.227069249,1,1,1,1,1,1,1,1,1,0.298321826,0.227069249,0.188789819,0.544557147,1,1,1,1,1,1,1,1,0.27574407,0.544557147,0.242727206,0.476334715,1,1,1,1,1,1,1,1,0.205527478,0.476334715,0.427714928,0.551083746,1,1,1,1,1,1,1,1,1,0.345829397,0.551083746,0.192172633,0.234611309,1,1,1,1,1,1,1,1,1,0.234611309,0.279826594,0.209654797,1,1,1,1,1,1,1,0.42561475,0.209654797,0.504364032,0.0396,1,1,1,1,1,1,1,1,0.655839789,0.0396,0.34919196,1,1,1,1,1,0.273046494,1,1,1,1,1,0.285556793,1,1,1,1,1,1,1,1,1,1,1,1,1,1,1,1,1,1,1,1,1,1,1,1,1,1,1,1,1,1,1,1,1,1,1,0.914248347,0.594599727,0.554033449,0.52057809,0.491625719,0.421882181,0.45813274,0.346681037,0.600312278,0.563146008,0.27212436,0.587638838,0.577555703,0.305534855,0.362928344,0.389832291,0.192588176,0.085529954,0.050865286,0.10620779,0.231371604,0.415566557,0.180056092,0.310924222,0.257858852,0.186850176,0.236343456,0.485988656,0.254685628,0.563917358,0.478597492,0.051828251,0.225556031,0.259128714,0.257370979,0.14416375,0.218455891,0.187583063,0.329130576,0.043793483,0.242568532,0.241587353,0.197922786,0.286513715,0.339718815,0.253735577,0.245583719,0.223460592,0.401626883,0.181001523,0.417598245,0.162078169,0.083636256,0.052452874,0.422326429,0.061740274,0.042657322,0.118745899,0.406817776,0.199749196,0.607002281,0.483037896,0.43326083,0.720822288,0.570879627,0.384906973,0.504358798,0.477041822,0.520109154,0.339377333,0.293474285,0.100763367,0.213253003,0.722323894,0.771814356,0.559757324,0.667753965,0.629175393,0.802247838,0.274160151,0.59424534,0.444232388,0.225261368,0.499657634,0.45616785,0.178598952,0.250827998,0.653070691,0.033531023,0.11282814,0.032179387,0.392648596,0.318929494,0.173802234,0.489112608,0.18400949,0.352632595,0.157415513,0.277773689,0.336396667,0.202149267,0.432300423,1,1,0.9,0.9,0.9,0.9,0.9,0.9,0.9,0.9,0.9,0.9,0.9,0.9,0.9,0.9,0.9,0.9,0.9,0.9,0.9,0.9,0.9,0.9,0.9,0.9,0.9,0.9,0.9,1,1,1,1,1,1,1,1,1,0.9,0.9,0.9,0.9,0.9,0.9,0.9,0.9,0.9,0.9,0.9,0.9,0.9,0.9,0.9,0.9,0.9,0.9,1,1,1
27,0.215526541,1,1,1,1,1,1,1,0.346120516,0.215526541,0.584176504,0.1708414,1,1,1,1,1,1,1,1,0.663047336,0.1708414,0.248596877,0.227158008,1,1,1,1,1,1,1,1,1,0.347036831,0.227158008,0.112593794,0.544648094,1,1,1,1,1,1,1,1,0.339277676,0.544648094,0.084216238,0.476705242,1,1,1,1,1,1,1,1,0.210231208,0.476705242,0.465722245,0.551682914,1,1,1,1,1,1,1,1,1,0.374059917,0.551682914,0.178566951,0.234612698,1,1,1,1,1,1,1,1,1,0.234612698,0.229905057,0.209759143,1,1,1,1,1,1,1,0.412660154,0.209759143,0.520698767,0.0396,1,1,1,1,1,1,1,1,0.647512985,0.0396,0.351657876,1,1,1,1,1,0.235656545,1,1,1,1,1,0.295917153,1,1,1,1,1,1,1,1,1,1,1,1,1,1,1,1,1,1,1,1,1,1,1,1,1,1,1,1,1,1,1,1,1,1,1,0.79683423,0.603750976,0.562858027,0.523916161,0.541860458,0.493009624,0.468666834,0.337142262,0.617031154,0.606405007,0.245947939,0.612423229,0.6281826,0.315435756,0.364450449,0.381400952,0.142994136,0.064486582,0.040674139,0.07261733,0.21603572,0.504583662,0.126727793,0.222623848,0.193783116,0.162968972,0.154724802,0.587424739,0.174390482,0.549134674,0.435041722,0.038704509,0.212597476,0.164662003,0.191512581,0.100101132,0.083111967,0.111303414,0.150148116,0.029447046,0.132985476,0.168236346,0.1041016,0.148027802,0.098837133,0.050783634,0.06928221,0.113654198,0.075741682,0.054831507,0.420644091,0.162783299,0.101404494,0.049828452,0.440741081,0.051216909,0.033190949,0.123834824,0.401184599,0.170614064,0.594149152,0.473014149,0.444789429,0.709326078,0.564218873,0.407076367,0.547637368,0.501487467,0.572794984,0.387218609,0.293896895,0.118728938,0.235291847,0.703676778,0.780117533,0.525208495,0.685961893,0.59857454,0.802055446,0.255333161,0.594686055,0.419659937,0.264436524,0.471017225,0.478825339,0.213186131,0.283182371,0.586593629,0.054787608,0.147255807,0.049209259,0.497362996,0.383531354,0.1856716,0.475437755,0.225435191,0.400100043,0.227993802,0.36931725,0.392818675,0.238862675,0.499235102,1,1,0.9,0.9,0.9,0.9,0.9,0.9,0.9,0.9,0.9,0.9,0.9,0.9,0.9,0.9,0.9,0.9,0.9,0.9,0.9,0.9,0.9,0.9,0.9,0.9,0.9,0.9,0.9,1,1,1,1,1,1,1,1,1,0.9,0.9,0.9,0.9,0.9,0.9,0.9,0.9,0.9,0.9,0.9,0.9,0.9,0.9,0.9,0.9,0.9,0.9,1,1,1
28,0.21565025,1,1,1,1,1,1,1,0.345902964,0.21565025,0.640205625,0.170626787,1,1,1,1,1,1,1,1,0.656520655,0.170626787,0.201674204,0.227256534,1,1,1,1,1,1,1,1,1,0.399793454,0.227256534,0.020001712,0.544738152,1,1,1,1,1,1,1,1,0.416541333,0.544738152,0.002942021,0.476990366,1,1,1,1,1,1,1,1,0.222735051,0.476990366,0.51595389,0.552213219,1,1,1,1,1,1,1,1,1,0.399168194,0.552213219,0.121797606,0.234683207,1,1,1,1,1,1,1,1,1,0.234683207,0.118857559,0.209897243,1,1,1,1,1,1,1,0.398824046,0.209897243,0.55048279,0.0396,1,1,1,1,1,1,1,1,0.640437909,0.0396,0.342777042,1,1,1,1,1,0.393068165,1,1,1,1,1,0.343422472,1,1,1,1,1,1,1,1,1,1,1,1,1,1,1,1,1,1,1,1,1,1,1,1,1,1,1,1,1,1,1,1,1,1,1,0.845566392,0.654689072,0.625739069,0.591888163,0.625133894,0.530226501,0.554100571,0.34502043,0.654948388,0.624132442,0.22627937,0.684637711,0.705288632,0.330247028,0.353353885,0.33553935,0.105749149,0.039909623,0.01790496,0.020053137,0.14912019,0.40673443,0.060043285,0.120489585,0.158232541,0.156418151,0.124258041,0.553739381,0.095770958,0.321999556,0.219381205,0.020752854,0.158136598,0.042406631,0.065807371,0.066574621,0.005566563,0.015098037,0.012087714,0.010717142,0.016038261,0.033276107,0.024002824,0.007558594,0.002423181,0,0,0.00621977,0.003829526,0,0.420205845,0.162405172,0.105795551,0.053688034,0.4662249,0.04512475,0.031982918,0.141543456,0.39842194,0.147055214,0.572738697,0.464008622,0.452156494,0.697482279,0.560869124,0.437386796,0.57324579,0.530978822,0.615919812,0.423093066,0.293056387,0.145449232,0.264838089,0.703460575,0.785450288,0.46452012,0.703239696,0.567429274,0.801652885,0.236464436,0.589563299,0.388170978,0.284911071,0.457155867,0.520900997,0.242449207,0.266419885,0.531633815,0.180845034,0.206073491,0.111498849,0.556383913,0.443528082,0.229137858,0.511284027,0.312936096,0.518704224,0.308277652,0.486902887,0.455703039,0.313515284,0.566703358,1,1,0.9,0.9,0.9,0.9,0.9,0.9,0.9,0.9,0.9,0.9,0.9,0.9,0.9,0.9,0.9,0.9,0.9,0.9,0.9,0.9,0.9,0.9,0.9,0.9,0.9,0.9,0.9,1,1,1,1,1,1,1,1,1,0.9,0.9,0.9,0.9,0.9,0.9,0.9,0.9,0.9,0.9,0.9,0.9,0.9,0.9,0.9,0.9,0.9,0.9,1,1,1
29,0.215768665,1,1,1,1,1,1,1,0.340354507,0.215768665,0.682818949,0.170467448,1,1,1,1,1,1,1,1,0.640114225,0.170467448,0.0749895,0.227328878,1,1,1,1,1,1,1,1,1,0.471944873,0.227328878,0,0.544832548,1,1,1,1,1,1,1,1,0.450821166,0.544832548,0,0.477360894,1,1,1,1,1,1,1,1,0.242675506,0.477360894,0.392163392,0.552803464,1,1,1,1,1,1,1,1,1,0.440626565,0.552803464,0.018920746,0.234691933,1,1,1,1,1,1,1,1,1,0.234691933,0.012757208,0.209935343,1,1,1,1,1,1,1,0.388546253,0.209935343,0.500262341,0.0396,1,1,1,1,1,1,1,1,0.631555068,0.0396,0.246043654,1,1,1,1,1,0.29971379,1,1,1,1,1,0.171835065,1,1,1,1,1,1,1,1,1,1,1,1,1,1,1,1,1,1,1,1,1,1,1,1,1,1,1,1,1,1,1,1,1,1,1,0.81502974,0.691156158,0.675621068,0.651782712,0.527821946,0.283128016,0.598281426,0.26274187,0.651436955,0.397432643,0.199059284,0.721589581,0.663783388,0.230746822,0.256854488,0.243195225,0.016047478,0.00673551,0,0,0.019498988,0.079351919,0.002513492,0.038696883,0.068357384,0.0455572,0.077089896,0.181844516,0.011394704,0.027721843,0.015425087,0.003410028,0.038658656,0,0.001184482,0.011644917,0,0,0,0,0,0,0,0,0,0,0,0,0,0,0.41300567,0.158076488,0.121370102,0.059536837,0.50329639,0.04517477,0.032139979,0.166680263,0.391636037,0.134990574,0.547866246,0.4653892,0.464414924,0.68183137,0.557546459,0.479659924,0.586060917,0.572883978,0.64470929,0.489163395,0.312444596,0.175644791,0.385510053,0.698477057,0.78569207,0.430829199,0.693109685,0.500375112,0.799805943,0.229840822,0.593402409,0.371675155,0.339017844,0.472708148,0.491864554,0.387024463,0.318092122,0.49396906,0.307630697,0.262973016,0.206069724,0.60572219,0.497983747,0.33942881,0.591226715,0.35831878,0.579967817,0.333242716,0.569759504,0.482698183,0.341920383,0.604230627,1,1,0.9,0.9,0.9,0.9,0.9,0.9,0.9,0.9,0.9,0.9,0.9,0.9,0.9,0.9,0.9,0.9,0.9,0.9,0.9,0.9,0.9,0.9,0.9,0.9,0.9,0.9,0.9,1,1,1,1,1,1,1,1,1,0.9,0.9,0.9,0.9,0.9,0.9,0.9,0.9,0.9,0.9,0.9,0.9,0.9,0.9,0.9,0.9,0.9,0.9,1,1,1
30,0.215892374,1,1,1,1,1,1,1,0.330759761,0.215892374,0.457299497,0.170293006,1,1,1,1,1,1,1,1,0.652294545,0.170293006,0.001523365,0.227418691,1,1,1,1,1,1,1,1,1,0.52141136,0.227418691,0,0.544903261,1,1,1,1,1,1,1,1,0.451563053,0.544903261,0,0.477733682,1,1,1,1,1,1,1,1,0.292371068,0.477733682,0.116759682,0.55332177,1,1,1,1,1,1,1,1,1,0.520451345,0.55332177,0,0.234729936,1,1,1,1,1,1,1,1,1,0.234729936,0,0.210046871,1,1,1,1,1,1,1,0.375196974,0.210046871,0.199779176,0.0396,1,1,1,1,1,1,1,1,0.624683129,0.0396,0.032698134,1,1,1,1,1,0.321887523,1,1,1,1,1,0.214668274,1,1,1,1,1,1,1,1,1,1,1,1,1,1,1,1,1,1,1,1,1,1,1,1,1,1,1,1,1,1,1,1,1,1,1,0.821378827,0.469805358,0.444309892,0.417001153,0.142468113,0.025644043,0.309265792,0.072669646,0.319187939,0.050744745,0.051726388,0.396279173,0.220500206,0.033105347,0.027798848,0.045912489,0,0,0,0,0,0,0,0,0,0,0.003340272,0.003537294,0,0,0,0,0,0,0,0,0,0,0,0,0,0,0,0,0,0,0,0,0,0,0.398006753,0.159010237,0.144794106,0.073442638,0.589026197,0.059140082,0.049977845,0.220857947,0.38787858,0.127553692,0.512551124,0.46073292,0.469806982,0.667623963,0.557104083,0.525419954,0.687197111,0.659197296,0.672775039,0.545850653,0.366773113,0.26762622,0.538565705,0.709913029,0.768240667,0.442936331,0.722108907,0.553140491,0.779945793,0.267811356,0.588902419,0.393800683,0.46095986,0.500351123,0.522552684,0.517204497,0.407605834,0.493135293,0.430296766,0.332626464,0.281231786,0.634797241,0.525836233,0.426821863,0.628182148,0.373817963,0.578524552,0.324502581,0.583632297,0.485370677,0.382037654,0.611889461,1,1,0.9,0.9,0.9,0.9,0.9,0.9,0.9,0.9,0.9,0.9,0.9,0.9,0.9,0.9,0.9,0.9,0.9,0.9,0.9,0.9,0.9,0.9,0.9,0.9,0.9,0.9,0.9,1,1,1,1,1,1,1,1,1,0.9,0.9,0.9,0.9,0.9,0.9,0.9,0.9,0.9,0.9,0.9,0.9,0.9,0.9,0.9,0.9,0.9,0.9,1,1,1
31,0.21601014,1,1,1,1,1,1,1,0.324609566,0.21601014,0.058296246,0.17012982,1,1,1,1,1,1,1,1,0.673450804,0.17012982,0,0.22750745,1,1,1,1,1,1,1,1,1,0.549095249,0.22750745,0,0.54500648,1,1,1,1,1,1,1,1,0.44470208,0.54500648,0,0.478011507,1,1,1,1,1,1,1,1,0.343385967,0.478011507,0.004655531,0.553913133,1,1,1,1,1,1,1,1,1,0.563454964,0.553913133,0,0.23473102,1,1,1,1,1,1,1,1,1,0.23473102,0,0.210184728,1,1,1,1,1,1,1,0.375115317,0.210184728,0.009414061,0.0396,1,1,1,1,1,1,1,1,0.623323147,0.0396,0,1,1,1,1,1,0.318469763,1,1,1,1,1,0.168836713,1,1,1,1,1,1,1,1,1,1,1,1,1,1,1,1,1,1,1,1,1,1,1,1,1,1,1,1,1,1,1,1,1,1,1,0.983284652,0.062094142,0.053620118,0.048144638,0,0,0.021304844,0.001090588,0.016135884,0,0,0.029340104,0.002960308,0,0,0,0,0,0,0,0,0,0,0,0,0,0,0,0,0,0,0,0,0,0,0,0,0,0,0,0,0,0,0,0,0,0,0,0,0,0.38609665,0.165537424,0.165798829,0.103004972,0.649044187,0.089869897,0.077549823,0.297972083,0.437318518,0.131456487,0.479022591,0.448456875,0.49424698,0.663015534,0.559070852,0.544023283,0.728201662,0.70059445,0.703351286,0.569588036,0.387356455,0.366352088,0.585798314,0.718882293,0.777114792,0.481767197,0.753570103,0.587482079,0.776936465,0.330454427,0.552789594,0.417985419,0.557052708,0.503637046,0.511984744,0.589578422,0.472955572,0.502626055,0.477743582,0.378128127,0.347182885,0.648403346,0.543195506,0.49633378,0.600182783,0.373648599,0.541727121,0.30837049,0.588041497,0.485197391,0.40464519,0.608829569,1,1,0.9,0.9,0.9,0.9,0.9,0.9,0.9,0.9,0.9,0.9,0.9,0.9,0.9,0.9,0.9,0.9,0.9,0.9,0.9,0.9,0.9,0.9,0.9,0.9,0.9,0.9,0.9,1,1,1,1,1,1,1,1,1,0.9,0.9,0.9,0.9,0.9,0.9,0.9,0.9,0.9,0.9,0.9,0.9,0.9,0.9,0.9,0.9,0.9,0.9,1,1,1
32,0.216148268,1,1,1,1,1,1,1,0.325218396,0.216148268,0,0.169970482,1,1,1,1,1,1,1,1,0.677181483,0.169970482,0,0.227579794,1,1,1,1,1,1,1,1,1,0.576067701,0.227579794,0,0.545108787,1,1,1,1,1,1,1,1,0.439485558,0.545108787,0,0.478389333,1,1,1,1,1,1,1,1,0.371146416,0.478389333,0,0.554441988,1,1,1,1,1,1,1,1,1,0.585715425,0.554441988,0,0.234768717,1,1,1,1,1,1,1,1,1,0.234768717,0,0.210222828,1,1,1,1,1,1,1,0.375907163,0.210222828,0,0.0396,1,1,1,1,1,1,1,1,0.630330107,0.0396,0,1,1,1,1,1,0.362571746,1,1,1,1,1,0.222674668,1,1,1,1,1,1,1,1,1,1,1,1,1,1,1,1,1,1,1,1,1,1,1,1,1,1,1,1,1,1,1,1,1,1,1,1,0,0,0,0,0,0,0,0,0,0,0,0,0,0,0,0,0,0,0,0,0,0,0,0,0,0,0,0,0,0,0,0,0,0,0,0,0,0,0,0,0,0,0,0,0,0,0,0,0,0.385307363,0.168572323,0.176593863,0.121625649,0.671977545,0.104090638,0.08881191,0.359658137,0.498345205,0.120215662,0.45002943,0.459014448,0.50171054,0.672210593,0.563639507,0.538960585,0.736216428,0.717677251,0.735255255,0.581453112,0.390260959,0.447595283,0.590374418,0.718620909,0.778330113,0.512802327,0.755965212,0.586259094,0.778791154,0.345743207,0.523548925,0.454407146,0.620377532,0.489237344,0.518561068,0.630892063,0.524691812,0.501642067,0.553624972,0.412776608,0.41158655,0.671938823,0.561517599,0.553739968,0.573172652,0.363318331,0.551964463,0.298376721,0.58302091,0.481040448,0.445357158,0.605675071,1,1,0.9,0.9,0.9,0.9,0.9,0.9,0.9,0.9,0.9,0.9,0.9,0.9,0.9,0.9,0.9,0.9,0.9,0.9,0.9,0.9,0.9,0.9,0.9,0.9,0.9,0.9,0.9,1,1,1,1,1,1,1,1,1,0.9,0.9,0.9,0.9,0.9,0.9,0.9,0.9,0.9,0.9,0.9,0.9,0.9,0.9,0.9,0.9,0.9,0.9,1,1,1
33,0.216266683,1,1,1,1,1,1,1,0.312665091,0.216266683,0,0.169755868,1,1,1,1,1,1,1,1,0.666643268,0.169755868,0,0.227678276,1,1,1,1,1,1,1,1,1,0.604977414,0.227678276,0,0.545163984,1,1,1,1,1,1,1,1,0.430570278,0.545163984,0,0.478753976,1,1,1,1,1,1,1,1,0.386507884,0.478753976,0,0.555032368,1,1,1,1,1,1,1,1,1,0.594820161,0.555032368,0,0.234809263,1,1,1,1,1,1,1,1,1,0.234809263,0,0.210334599,1,1,1,1,1,1,1,0.362180951,0.210334599,0,0.0396,1,1,1,1,1,1,1,1,0.634594459,0.0396,0,1,1,1,1,1,0.32227248,1,1,1,1,1,0.222457439,1,1,1,1,1,1,1,1,1,1,1,1,1,1,1,1,1,1,1,1,1,1,1,1,1,1,1,1,1,1,1,1,1,1,1,1,0,0,0,0,0,0,0,0,0,0,0,0,0,0,0,0,0,0,0,0,0,0,0,0,0,0,0,0,0,0,0,0,0,0,0,0,0,0,0,0,0,0,0,0,0,0,0,0,0,0.369611638,0.160416202,0.192763262,0.132610656,0.682169086,0.104652761,0.086768395,0.408259809,0.509610367,0.109151233,0.421718384,0.445240278,0.483782185,0.678414434,0.563989381,0.544755087,0.719458684,0.723719921,0.748204088,0.596561245,0.377400554,0.51772631,0.580859164,0.715839131,0.769586432,0.51946156,0.746855662,0.56002549,0.776891461,0.321301459,0.477870375,0.482332179,0.653874866,0.470346131,0.5134973,0.636471448,0.564040713,0.473695122,0.576462853,0.479070567,0.473819511,0.68940173,0.570059573,0.615027786,0.569001889,0.374721896,0.533077355,0.28940591,0.58306443,0.469294287,0.434833759,0.602313947,1,1,0.9,0.9,0.9,0.9,0.9,0.9,0.9,0.9,0.9,0.9,0.9,0.9,0.9,0.9,0.9,0.9,0.9,0.9,0.9,0.9,0.9,0.9,0.9,0.9,0.9,0.9,0.9,1,1,1,1,1,1,1,1,1,0.9,0.9,0.9,0.9,0.9,0.9,0.9,0.9,0.9,0.9,0.9,0.9,0.9,0.9,0.9,0.9,0.9,0.9,1,1,1
34,0.216390392,1,1,1,1,1,1,1,0.296578141,0.216390392,0,0.169597679,1,1,1,1,1,1,1,1,0.642377504,0.169597679,0,0.22775233,1,1,1,1,1,1,1,1,1,0.633931694,0.22775233,0,0.545259221,1,1,1,1,1,1,1,1,0.427547938,0.545259221,0,0.479044985,1,1,1,1,1,1,1,1,0.398672064,0.479044985,0,0.555551657,1,1,1,1,1,1,1,1,1,0.587722963,0.555551657,0,0.234810347,1,1,1,1,1,1,1,1,1,0.234810347,0,0.210444328,1,1,1,1,1,1,1,0.346461353,0.210444328,0,0.0396,1,1,1,1,1,1,1,1,0.632623029,0.0396,0,1,1,1,1,1,0.386839122,1,1,1,1,1,0.226987094,1,1,1,1,1,1,1,1,1,1,1,1,1,1,1,1,1,1,1,1,1,1,1,1,1,1,1,1,1,1,1,1,1,1,1,1,0,0,0,0,0,0,0,0,0,0,0,0,0,0,0,0,0,0,0,0,0,0,0,0,0,0,0,0,0,0,0,0,0,0,0,0,0,0,0,0,0,0,0,0,0,0,0,0,0,0.350568383,0.151982388,0.184284713,0.144230877,0.689243242,0.102437302,0.082110631,0.450584314,0.505902196,0.104707366,0.389578308,0.433784503,0.461030238,0.676401956,0.561910085,0.544081492,0.678699747,0.714584268,0.748887948,0.591931846,0.356653587,0.582252045,0.536151319,0.705204081,0.750546249,0.52613961,0.720077455,0.506147133,0.768935176,0.277412381,0.464043292,0.498531373,0.67436626,0.430155259,0.501647973,0.632007652,0.591189725,0.448989674,0.643098039,0.532877351,0.534799547,0.704443795,0.579566978,0.65713557,0.61448657,0.422296964,0.519976797,0.2925378,0.587036903,0.457613974,0.470051809,0.597766582,1,1,0.9,0.9,0.9,0.9,0.9,0.9,0.9,0.9,0.9,0.9,0.9,0.9,0.9,0.9,0.9,0.9,0.9,0.9,0.9,0.9,0.9,0.9,0.9,0.9,0.9,0.9,0.9,1,1,1,1,1,1,1,1,1,0.9,0.9,0.9,0.9,0.9,0.9,0.9,0.9,0.9,0.9,0.9,0.9,0.9,0.9,0.9,0.9,0.9,0.9,1,1,1
35,0.216508806,1,1,1,1,1,1,1,0.280067306,0.216508806,0,0.169385644,1,1,1,1,1,1,1,1,0.607880963,0.169385644,0,0.227877542,1,1,1,1,1,1,1,1,1,0.655386278,0.227877542,0,0.545352595,1,1,1,1,1,1,1,1,0.432256523,0.545352595,0,0.479409628,1,1,1,1,1,1,1,1,0.408573041,0.479409628,0,0.556141931,1,1,1,1,1,1,1,1,1,0.571639136,0.556141931,0,0.234848044,1,1,1,1,1,1,1,1,1,0.234848044,0,0.210576801,1,1,1,1,1,1,1,0.325997229,0.210576801,0,0.0396,1,1,1,1,1,1,1,1,0.62316415,0.0396,0,1,1,1,1,1,0.471721649,1,1,1,1,1,0.211514384,1,1,1,1,1,1,1,1,1,1,1,1,1,1,1,1,1,1,1,1,1,1,1,1,1,1,1,1,1,1,1,1,1,1,1,1,0,0,0,0,0,0,0,0,0,0,0,0,0,0,0,0,0,0,0,0,0,0,0,0,0,0,0,0,0,0,0,0,0,0,0,0,0,0,0,0,0,0,0,0,0,0,0,0,0,0.331687863,0.141172848,0.176264318,0.152830411,0.695665945,0.098685571,0.077738805,0.486366014,0.498394178,0.111327506,0.346503624,0.408776023,0.422555002,0.66703522,0.551980955,0.53667811,0.625290467,0.694146007,0.747547121,0.572310082,0.330718478,0.63931087,0.483897954,0.684008259,0.723309439,0.510218449,0.680112591,0.434179051,0.752840877,0.238470261,0.466979319,0.504020074,0.679491087,0.38853197,0.493084348,0.633199097,0.60770451,0.41900312,0.694381715,0.588612835,0.545789241,0.70882599,0.594057435,0.686221405,0.652658571,0.48759545,0.524773652,0.289363138,0.590571904,0.464791079,0.494448942,0.593011271,1,1,0.9,0.9,0.9,0.9,0.9,0.9,0.9,0.9,0.9,0.9,0.9,0.9,0.9,0.9,0.9,0.9,0.9,0.9,0.9,0.9,0.9,0.9,0.9,0.9,0.9,0.9,0.9,1,1,1,1,1,1,1,1,1,0.9,0.9,0.9,0.9,0.9,0.9,0.9,0.9,0.9,0.9,0.9,0.9,0.9,0.9,0.9,0.9,0.9,0.9,1,1,1
36,0.216632515,1,1,1,1,1,1,1,0.261354665,0.216632515,0,0.16922024,1,1,1,1,1,1,1,1,0.566981849,0.16922024,0,0.227974358,1,1,1,1,1,1,1,1,1,0.665525099,0.227974358,0,0.545434602,1,1,1,1,1,1,1,1,0.446259128,0.545434602,0,0.479787453,1,1,1,1,1,1,1,1,0.415671105,0.479787453,0,0.556671058,1,1,1,1,1,1,1,1,1,0.553362642,0.556671058,0,0.234857076,1,1,1,1,1,1,1,1,1,0.234857076,0,0.210622084,1,1,1,1,1,1,1,0.307312084,0.210622084,0,0.0396,1,1,1,1,1,1,1,1,0.611854132,0.0396,0,1,1,1,1,1,0.586064935,1,1,1,1,1,0.289813459,1,1,1,1,1,1,1,1,1,1,1,1,1,1,1,1,1,1,1,1,1,1,1,1,1,1,1,1,1,1,1,1,1,1,1,1,0,0,0,0,0,0,0,0,0,0,0,0,0,0,0,0,0,0,0,0,0,0,0,0,0,0,0,0,0,0,0,0,0,0,0,0,0,0,0,0,0,0,0,0,0,0,0,0,0,0.309049023,0.135901108,0.149564905,0.159605451,0.702174756,0.095707457,0.074089051,0.508787961,0.492666532,0.127008095,0.301712782,0.385277267,0.377830054,0.654990483,0.542156957,0.524766585,0.57145496,0.671170519,0.744634457,0.546777772,0.30215202,0.691191066,0.4372658,0.657345456,0.687163236,0.499152105,0.630398725,0.348778948,0.730276454,0.20823647,0.443386296,0.486766671,0.672994742,0.359586529,0.473074248,0.639541141,0.616733677,0.374946835,0.746794065,0.642543201,0.571927142,0.703049247,0.587759596,0.701689855,0.686706922,0.551548941,0.585430708,0.287673079,0.577600157,0.489909345,0.505742522,0.580246386,1,1,0.9,0.9,0.9,0.9,0.9,0.9,0.9,0.9,0.9,0.9,0.9,0.9,0.9,0.9,0.9,0.9,0.9,0.9,0.9,0.9,0.9,0.9,0.9,0.9,0.9,0.9,0.9,1,1,1,1,1,1,1,1,1,0.9,0.9,0.9,0.9,0.9,0.9,0.9,0.9,0.9,0.9,0.9,0.9,0.9,0.9,0.9,0.9,0.9,0.9,1,1,1
37,0.21675093,1,1,1,1,1,1,1,0.246582573,0.21675093,0,0.169059195,1,1,1,1,1,1,1,1,0.526536518,0.169059195,0,0.228048412,1,1,1,1,1,1,1,1,1,0.668216599,0.228048412,0,0.545506337,1,1,1,1,1,1,1,1,0.456353506,0.545506337,0,0.480065279,1,1,1,1,1,1,1,1,0.420431448,0.480065279,0,0.557254078,1,1,1,1,1,1,1,1,1,0.532938494,0.557254078,0,0.234894773,1,1,1,1,1,1,1,1,1,0.234894773,0,0.210731813,1,1,1,1,1,1,1,0.289610709,0.210731813,0,0.0396,1,1,1,1,1,1,1,1,0.598632878,0.0396,0,1,1,1,1,1,0.734573543,1,1,1,1,1,0.297470868,1,1,1,1,1,1,1,1,1,1,1,1,1,1,1,1,1,1,1,1,1,1,1,1,1,1,1,1,1,1,1,1,1,1,1,1,0,0,0,0,0,0,0,0,0,0,0,0,0,0,0,0,0,0,0,0,0,0,0,0,0,0,0,0,0,0,0,0,0,0,0,0,0,0,0,0,0,0,0,0,0,0,0,0,0,0.292429331,0.126921114,0.133976709,0.164791861,0.705673679,0.096211215,0.069527995,0.523802379,0.48261892,0.147516462,0.257565652,0.361932026,0.334696382,0.639756828,0.533137807,0.508977912,0.522128727,0.649718318,0.73931149,0.51862498,0.271538473,0.725762451,0.396504594,0.633073136,0.643315966,0.48937923,0.581994298,0.263272945,0.704756749,0.196146496,0.429197948,0.446280294,0.658403914,0.346956712,0.445957239,0.628634457,0.600028386,0.331450282,0.766643321,0.649264964,0.60041471,0.698034603,0.58942416,0.704263197,0.699493075,0.605513046,0.612431925,0.285556941,0.57276491,0.510389549,0.485712647,0.565350187,1,1,0.9,0.9,0.9,0.9,0.9,0.9,0.9,0.9,0.9,0.9,0.9,0.9,0.9,0.9,0.9,0.9,0.9,0.9,0.9,0.9,0.9,0.9,0.9,0.9,0.9,0.9,0.9,1,1,1,1,1,1,1,1,1,0.9,0.9,0.9,0.9,0.9,0.9,0.9,0.9,0.9,0.9,0.9,0.9,0.9,0.9,0.9,0.9,0.9,0.9,1,1,1
38,0.216889059,1,1,1,1,1,1,1,0.228630772,0.216889059,0,0.168847159,1,1,1,1,1,1,1,1,0.489725601,0.168847159,0,0.228122467,1,1,1,1,1,1,1,1,1,0.66930834,0.228122467,0,0.545613318,1,1,1,1,1,1,1,1,0.453250138,0.545613318,0,0.480443105,1,1,1,1,1,1,1,1,0.423367894,0.480443105,0,0.557772353,1,1,1,1,1,1,1,1,1,0.51162069,0.557772353,0,0.234928668,1,1,1,1,1,1,1,1,1,0.234928668,0,0.210864529,1,1,1,1,1,1,1,0.272980074,0.210864529,0,0.0396,1,1,1,1,1,1,1,1,0.584894528,0.0396,0,1,1,1,1,1,0.825569987,1,1,1,1,1,0.370805383,1,1,1,1,1,1,1,1,1,1,1,1,1,1,1,1,1,1,1,1,1,1,1,1,1,1,1,1,1,1,1,1,1,1,1,1,0,0,0,0,0,0,0,0,0,0,0,0,0,0,0,0,0,0,0,0,0,0,0,0,0,0,0,0,0,0,0,0,0,0,0,0,0,0,0,0,0,0,0,0,0,0,0,0,0,0.27067611,0.121110997,0.113106352,0.167485978,0.705449022,0.09828063,0.068491454,0.535172484,0.471614376,0.166456276,0.216530389,0.336926256,0.300500631,0.6231849,0.526304298,0.484733036,0.474510397,0.630371488,0.732676648,0.48980414,0.239911779,0.749301691,0.36222105,0.610041895,0.591701895,0.475336068,0.541113687,0.194320621,0.674966193,0.202173085,0.429652044,0.380009323,0.622340431,0.328568225,0.422190026,0.592894937,0.566238084,0.301856476,0.769013878,0.690935079,0.644655759,0.681231018,0.5985462,0.699575571,0.702574683,0.618586798,0.647044816,0.290993681,0.588212184,0.492510096,0.574610107,0.549024795,1,1,0.9,0.9,0.9,0.9,0.9,0.9,0.9,0.9,0.9,0.9,0.9,0.9,0.9,0.9,0.9,0.9,0.9,0.9,0.9,0.9,0.9,0.9,0.9,0.9,0.9,0.9,0.9,1,1,1,1,1,1,1,1,1,0.9,0.9,0.9,0.9,0.9,0.9,0.9,0.9,0.9,0.9,0.9,0.9,0.9,0.9,0.9,0.9,0.9,0.9,1,1,1
39,0.217007473,1,1,1,1,1,1,1,0.215425732,0.217007473,0,0.168681755,1,1,1,1,1,1,1,1,0.46055265,0.168681755,0,0.228233988,1,1,1,1,1,1,1,1,1,0.6637725,0.228233988,0,0.545685053,1,1,1,1,1,1,1,1,0.437163997,0.545685053,0,0.480720931,1,1,1,1,1,1,1,1,0.427547743,0.480720931,0,0.558371852,1,1,1,1,1,1,1,1,1,0.49280528,0.558371852,0,0.234937701,1,1,1,1,1,1,1,1,1,0.234937701,0,0.210974259,1,1,1,1,1,1,1,0.261804687,0.210974259,0,0.0396,1,1,1,1,1,1,1,1,0.569979569,0.0396,0,1,1,1,1,1,0.976357579,1,1,1,1,1,0.336863697,1,1,1,1,1,1,1,1,1,1,1,1,1,1,1,1,1,1,1,1,1,1,1,1,1,1,1,1,1,1,1,1,1,1,1,1,0,0,0,0,0,0,0,0,0,0,0,0,0,0,0,0,0,0,0,0,0,0,0,0,0,0,0,0,0,0,0,0,0,0,0,0,0,0,0,0,0,0,0,0,0,0,0,0,0,0.254224317,0.117193661,0.103384207,0.169549654,0.707022434,0.100622949,0.068177224,0.549028879,0.47054823,0.183166871,0.186943965,0.312687586,0.274240384,0.603593847,0.523063897,0.450527578,0.430610325,0.608771565,0.721708182,0.470703434,0.217032757,0.76597976,0.33372139,0.583924154,0.542282841,0.472750347,0.508370966,0.151026249,0.638274489,0.236303725,0.395149811,0.301163746,0.580793004,0.314903015,0.407280905,0.555567224,0.528192216,0.289937409,0.770160233,0.723726892,0.696494206,0.647494147,0.607651855,0.700928681,0.68146133,0.647661853,0.669306207,0.295674698,0.584505292,0.450759466,0.633343661,0.528054172,1,1,0.9,0.9,0.9,0.9,0.9,0.9,0.9,0.9,0.9,0.9,0.9,0.9,0.9,0.9,0.9,0.9,0.9,0.9,0.9,0.9,0.9,0.9,0.9,0.9,0.9,0.9,0.9,1,1,1,1,1,1,1,1,1,0.9,0.9,0.9,0.9,0.9,0.9,0.9,0.9,0.9,0.9,0.9,0.9,0.9,0.9,0.9,0.9,0.9,0.9,1,1,1
40,0.217130534,1,1,1,1,1,1,1,0.206762655,0.217130534,0,0.168473207,1,1,1,1,1,1,1,1,0.440825511,0.168473207,0,0.228299328,1,1,1,1,1,1,1,1,1,0.646665828,0.228299328,0,0.545748501,1,1,1,1,1,1,1,1,0.426397595,0.545748501,0,0.481098757,1,1,1,1,1,1,1,1,0.431287801,0.481098757,0,0.55889192,1,1,1,1,1,1,1,1,1,0.47604704,0.55889192,0,0.2349741,1,1,1,1,1,1,1,1,1,0.2349741,0,0.211019541,1,1,1,1,1,1,1,0.256452246,0.211019541,0,0.0396,1,1,1,1,1,1,1,1,0.553710336,0.0396,0,1,1,1,1,1,0.983060122,1,1,1,1,1,0.377932131,1,1,1,1,1,1,1,1,1,1,1,1,1,1,1,1,1,1,1,1,1,1,1,1,1,1,1,1,1,1,1,1,1,1,1,1,0,0,0,0,0,0,0,0,0,0,0,0,0,0,0,0,0,0,0,0,0,0,0,0,0,0,0,0,0,0,0,0,0,0,0,0,0,0,0,0,0,0,0,0,0,0,0,0,0,0.244728954,0.110564701,0.097528181,0.167054041,0.710029763,0.098430765,0.072506048,0.562717359,0.476496279,0.19942011,0.170941436,0.289117767,0.253596499,0.586662449,0.510235114,0.419060731,0.388361847,0.584448971,0.71164769,0.451613329,0.208816091,0.778611689,0.304454482,0.556373613,0.507949102,0.461979693,0.478177691,0.135184951,0.601160857,0.292510381,0.348544217,0.255394595,0.54155768,0.300289837,0.389245985,0.522478424,0.475063194,0.269609278,0.771652637,0.733719236,0.723998562,0.606975996,0.605460977,0.699238266,0.629518711,0.67179721,0.693188921,0.303010699,0.600243035,0.416877119,0.710747635,0.496453225,1,1,0.9,0.9,0.9,0.9,0.9,0.9,0.9,0.9,0.9,0.9,0.9,0.9,0.9,0.9,0.9,0.9,0.9,0.9,0.9,0.9,0.9,0.9,0.9,0.9,0.9,0.9,0.9,1,1,1,1,1,1,1,1,1,0.9,0.9,0.9,0.9,0.9,0.9,0.9,0.9,0.9,0.9,0.9,0.9,0.9,0.9,0.9,0.9,0.9,0.9,1,1,1
41,0.217248948,1,1,1,1,1,1,1,0.189334812,0.217248948,0,0.168310623,1,1,1,1,1,1,1,1,0.432423113,0.168310623,0,0.228373382,1,1,1,1,1,1,1,1,1,0.624409284,0.228373382,0,0.545896938,1,1,1,1,1,1,1,1,0.427541201,0.545896938,0,0.481464246,1,1,1,1,1,1,1,1,0.433547234,0.481464246,0,0.55948122,1,1,1,1,1,1,1,1,1,0.463670749,0.55948122,0,0.235011797,1,1,1,1,1,1,1,1,1,0.235011797,0,0.211150216,1,1,1,1,1,1,1,0.258097433,0.211150216,0,0.0396,1,1,1,1,1,1,1,1,0.533572849,0.0396,0,1,1,1,1,1,0.908876479,1,1,1,1,1,0.397673845,1,1,1,1,1,1,1,1,1,1,1,1,1,1,1,1,1,1,1,1,1,1,1,1,1,1,1,1,1,1,1,1,1,1,1,1,0,0,0,0,0,0,0,0,0,0,0,0,0,0,0,0,0,0,0,0,0,0,0,0,0,0,0,0,0,0,0,0,0,0,0,0,0,0,0,0,0,0,0,0,0,0,0,0,0,0.228242371,0.090154759,0.080688985,0.160793842,0.7117323,0.095672837,0.080490466,0.572674759,0.48240723,0.213917567,0.171137199,0.279174986,0.23753364,0.568157189,0.489926105,0.378429698,0.35162872,0.558481885,0.70484488,0.434304356,0.217120084,0.788593046,0.279017321,0.527197599,0.49003387,0.45200178,0.456706137,0.14293665,0.576405666,0.352544656,0.327835126,0.244148758,0.488130296,0.274638782,0.366387109,0.498027896,0.429943383,0.235942481,0.754213561,0.732206198,0.727295309,0.579677108,0.57883595,0.688969336,0.583265797,0.691996579,0.703461084,0.321271732,0.627261719,0.400493965,0.728332708,0.479581385,1,1,0.9,0.9,0.9,0.9,0.9,0.9,0.9,0.9,0.9,0.9,0.9,0.9,0.9,0.9,0.9,0.9,0.9,0.9,0.9,0.9,0.9,0.9,0.9,0.9,0.9,0.9,0.9,1,1,1,1,1,1,1,1,1,0.9,0.9,0.9,0.9,0.9,0.9,0.9,0.9,0.9,0.9,0.9,0.9,0.9,0.9,0.9,0.9,0.9,0.9,1,1,1
42,0.217372657,1,1,1,1,1,1,1,0.171947272,0.217372657,0,0.168131506,1,1,1,1,1,1,1,1,0.425874756,0.168131506,0,0.228470198,1,1,1,1,1,1,1,1,1,0.594446115,0.228470198,0,0.54595567,1,1,1,1,1,1,1,1,0.421234014,0.54595567,0,0.481754408,1,1,1,1,1,1,1,1,0.436072152,0.481754408,0,0.560001288,1,1,1,1,1,1,1,1,1,0.44926624,0.560001288,0,0.234984216,1,1,1,1,1,1,1,1,1,0.234984216,0,0.211261744,1,1,1,1,1,1,1,0.262754136,0.211261744,0,0.0396,1,1,1,1,1,1,1,1,0.511042688,0.0396,0,1,1,1,1,1,0.905011415,1,1,1,1,1,0.273247927,1,1,1,1,1,1,1,1,1,1,1,1,1,1,1,1,1,1,1,1,1,1,1,1,1,1,1,1,1,1,1,1,1,1,1,1,0,0,0,0,0,0,0,0,0,0,0,0,0,0,0,0,0,0,0,0,0,0,0,0,0,0,0,0,0,0,0,0,0,0,0,0,0,0,0,0,0,0,0,0,0,0,0,0,0,0.210057575,0.074078885,0.069506176,0.15935589,0.712191873,0.09371708,0.087493389,0.58298384,0.4822076,0.230014078,0.181215724,0.269413227,0.226918183,0.546455242,0.468806584,0.335054725,0.309174009,0.528383828,0.691832694,0.417213829,0.233429195,0.794207253,0.246204832,0.497752351,0.472109944,0.449548256,0.434031521,0.159196685,0.552390179,0.413560691,0.301395425,0.226336133,0.424967015,0.245698762,0.353579684,0.488211027,0.399357682,0.209466098,0.734134595,0.717207218,0.738125426,0.564673228,0.528812207,0.663496812,0.528689617,0.716185516,0.720082814,0.339357262,0.638232028,0.371796679,0.727135256,0.447716942,1,1,0.9,0.9,0.9,0.9,0.9,0.9,0.9,0.9,0.9,0.9,0.9,0.9,0.9,0.9,0.9,0.9,0.9,0.9,0.9,0.9,0.9,0.9,0.9,0.9,0.9,0.9,0.9,1,1,1,1,1,1,1,1,1,0.9,0.9,0.9,0.9,0.9,0.9,0.9,0.9,0.9,0.9,0.9,0.9,0.9,0.9,0.9,0.9,0.9,0.9,1,1,1
43,0.217491072,1,1,1,1,1,1,1,0.158628306,0.217491072,0,0.167933815,1,1,1,1,1,1,1,1,0.421307437,0.167933815,0,0.228544253,1,1,1,1,1,1,1,1,1,0.562158076,0.228544253,0.00561854,0.546048058,1,1,1,1,1,1,1,1,0.408720873,0.546048058,0.014282853,0.482119898,1,1,1,1,1,1,1,1,0.437884654,0.482119898,0,0.560600787,1,1,1,1,1,1,1,1,1,0.435203121,0.560600787,0,0.235054725,1,1,1,1,1,1,1,1,1,0.235054725,0.023810066,0.211373272,1,1,1,1,1,1,1,0.269325113,0.211373272,0,0.0396,1,1,1,1,1,1,1,1,0.489429218,0.0396,0,1,1,1,1,1,0.885430872,1,1,1,1,1,0.273659229,1,1,1,1,1,1,1,1,1,1,1,1,1,1,1,1,1,1,1,1,1,1,1,1,1,1,1,1,1,1,1,1,1,1,1,0.99975431,0,0,0,0,0,0,0,0,0,0,0,0,0,0,0,0,0,0,0,0,0,0,0,0.001389084,0,0,0,0.005463333,0.13401046,0.020176809,0.00292879,0.002164398,0.017373094,0.026194467,0.001146233,0.011058773,0.008685955,0.004893871,0.004357496,0.004705613,0.009083313,0.001793507,0.008196461,0.014831956,0.016550328,0.019697714,0.009429006,0.005410241,0.023624912,0.194362328,0.067370603,0.059768357,0.162564516,0.710314132,0.093143431,0.098085734,0.588326716,0.474851607,0.247234091,0.19807441,0.260055053,0.222654329,0.523374647,0.452923014,0.292971687,0.265067871,0.494871071,0.672914453,0.4032576,0.25656071,0.797230143,0.21664451,0.469084515,0.453314342,0.430995353,0.412663554,0.18337656,0.535675604,0.469905117,0.272065986,0.203057741,0.37926275,0.222981157,0.340657863,0.483002285,0.377399141,0.189756348,0.720288197,0.693476598,0.727906545,0.549641395,0.479404938,0.635696308,0.469323655,0.751192054,0.739410764,0.352213059,0.636990528,0.335334679,0.756185891,0.40427704,1,1,0.9,0.9,0.9,0.9,0.9,0.9,0.9,0.9,0.9,0.9,0.9,0.9,0.9,0.9,0.9,0.9,0.9,0.9,0.9,0.9,0.9,0.9,0.9,0.9,0.9,0.9,0.9,1,1,1,1,1,1,1,1,1,0.9,0.9,0.9,0.9,0.9,0.9,0.9,0.9,0.9,0.9,0.9,0.9,0.9,0.9,0.9,0.9,0.9,0.9,1,1,1
44,0.217614781,1,1,1,1,1,1,1,0.150952229,0.217614781,0,0.167772139,1,1,1,1,1,1,1,1,0.41781326,0.167772139,0.021716844,0.228633012,1,1,1,1,1,1,1,1,1,0.531402267,0.228633012,0.066499533,0.546140124,1,1,1,1,1,1,1,1,0.395478843,0.546140124,0.047977639,0.482491839,1,1,1,1,1,1,1,1,0.43871673,0.482491839,0,0.561121973,1,1,1,1,1,1,1,1,1,0.423071939,0.561121973,0.027439689,0.235092422,1,1,1,1,1,1,1,1,1,0.235092422,0.152312401,0.211411615,1,1,1,1,1,1,1,0.280253032,0.211411615,0,0.0396,1,1,1,1,1,1,1,1,0.471608904,0.0396,0.025380564,1,1,1,1,1,0.904322982,1,1,1,1,1,0.343226492,1,1,1,1,1,1,1,1,1,1,1,1,1,1,1,1,1,1,1,1,1,1,1,1,1,1,1,1,1,1,1,1,1,1,1,0.984921694,0,0,0,0,0,0,0,0,0,0,0,0,0.016184123,0.031514547,0.024709378,0.010837131,0.020064917,0.080767443,0.069950206,0.006121145,0,0.030215338,0.017929538,0.074149536,0.037552363,0.008390556,0,0.059776569,0.550664737,0.138963653,0.088842805,0.083040595,0.121731289,0.172207879,0.08269378,0.088627559,0.057417358,0.040207005,0.143894801,0.040925186,0.052942826,0.023109539,0.03566252,0.054233177,0.058142148,0.046893735,0.039822793,0.052524242,0.049427992,0.184586567,0.065640806,0.05467647,0.167661671,0.707407021,0.090044793,0.109494302,0.59155006,0.470351627,0.26669557,0.226287337,0.249816907,0.218519679,0.504038669,0.440595535,0.256980334,0.226722202,0.467560473,0.65250044,0.389934811,0.28239201,0.799104219,0.185814068,0.446929261,0.436926027,0.421938943,0.390805531,0.207748487,0.520883611,0.517302421,0.257895949,0.177580547,0.342844989,0.192433585,0.322707304,0.479641868,0.349689213,0.175222237,0.675525327,0.647015354,0.737716421,0.53216158,0.427461585,0.615707539,0.426162167,0.770295913,0.751164637,0.374627609,0.626646192,0.296339077,0.784519984,0.346369038,1,1,0.9,0.9,0.9,0.9,0.9,0.9,0.9,0.9,0.9,0.9,0.9,0.9,0.9,0.9,0.9,0.9,0.9,0.9,0.9,0.9,0.9,0.9,0.9,0.9,0.9,0.9,0.9,1,1,1,1,1,1,1,1,1,0.9,0.9,0.9,0.9,0.9,0.9,0.9,0.9,0.9,0.9,0.9,0.9,0.9,0.9,0.9,0.9,0.9,0.9,1,1,1
45,0.217747615,1,1,1,1,1,1,1,0.150991686,0.217747615,0.007135109,0.167559623,1,1,1,1,1,1,1,1,0.409266687,0.167559623,0.156555447,0.228731538,1,1,1,1,1,1,1,1,1,0.490430579,0.228731538,0.102322646,0.546205746,1,1,1,1,1,1,1,1,0.379877383,0.546205746,0.068367665,0.482775549,1,1,1,1,1,1,1,1,0.442062644,0.482775549,0.001345031,0.56171032,1,1,1,1,1,1,1,1,1,0.403633282,0.56171032,0.133820786,0.235130425,1,1,1,1,1,1,1,1,1,0.235130425,0.220829773,0.211549472,1,1,1,1,1,1,1,0.290992971,0.211549472,0.102993762,0.0396,1,1,1,1,1,1,1,1,0.456536769,0.0396,0.161186817,1,1,1,1,1,0.939323485,1,1,1,1,1,0.394401848,1,1,1,1,1,1,1,1,1,1,1,1,1,1,1,1,1,1,1,1,1,1,1,1,1,1,1,1,1,1,1,1,1,1,1,0.805122674,0.008332343,0.006368508,0.001916406,0.001467524,0.002692909,0,0,0.082249121,0.148812716,0.19083344,0.008585812,0.019866362,0.189177193,0.147430195,0.149232601,0.12927618,0.060199407,0.150673882,0.14233316,0.173360999,0.037031,0.229551257,0.260706373,0.079625926,0.160815006,0.08206504,0.115276376,0.108431737,0.669287741,0.246360411,0.070937673,0.12927878,0.233525247,0.2985837,0.078897816,0.161161073,0.08845908,0.091551797,0.191748875,0.064893972,0.09504322,0.049403646,0.081307773,0.091653732,0.072920419,0.071039254,0.064046705,0.113041691,0.040350097,0.183283381,0.069694229,0.055200131,0.172499043,0.705039471,0.093344348,0.119556724,0.600895297,0.466375132,0.283774883,0.257475788,0.238199386,0.211575489,0.487926071,0.429068649,0.231006647,0.184929186,0.423047351,0.620935314,0.353656281,0.312099126,0.800494742,0.151015897,0.425352777,0.411950141,0.40695111,0.365682617,0.223783324,0.503094372,0.557572711,0.234489663,0.147037779,0.330346301,0.160483888,0.301377903,0.422554416,0.28520602,0.153401753,0.563633355,0.597804268,0.712327131,0.505009395,0.366402105,0.576276979,0.39199949,0.763234161,0.758412971,0.386822829,0.605650671,0.262868315,0.797956162,0.297203062,1,1,0.9,0.9,0.9,0.9,0.9,0.9,0.9,0.9,0.9,0.9,0.9,0.9,0.9,0.9,0.9,0.9,0.9,0.9,0.9,0.9,0.9,0.9,0.9,0.9,0.9,0.9,0.9,1,1,1,1,1,1,1,1,1,0.9,0.9,0.9,0.9,0.9,0.9,0.9,0.9,0.9,0.9,0.9,0.9,0.9,0.9,0.9,0.9,0.9,0.9,1,1,1
46,0.217871324,1,1,1,1,1,1,1,0.14862058,0.217871324,0.192653427,0.167400284,1,1,1,1,1,1,1,1,0.389986912,0.167400284,0.337750467,0.228803882,1,1,1,1,1,1,1,1,1,0.434014157,0.228803882,0.106376358,0.546317032,1,1,1,1,1,1,1,1,0.348244236,0.546317032,0.092369267,0.483147491,1,1,1,1,1,1,1,1,0.446460739,0.483147491,0.08715317,0.562230192,1,1,1,1,1,1,1,1,1,0.345216931,0.562230192,0.265644959,0.235102538,1,1,1,1,1,1,1,1,1,0.235102538,0.245620046,0.211659201,1,1,1,1,1,1,1,0.29221342,0.211659201,0.530262148,0.0396,1,1,1,1,1,1,1,1,0.444034407,0.0396,0.278701225,1,1,1,1,1,0.879589617,1,1,1,1,1,0.34550184,1,1,1,1,1,1,1,1,1,1,1,1,1,1,1,1,1,1,1,1,1,1,1,1,1,1,1,1,1,1,1,1,1,1,1,0.854335606,0.223651932,0.162373531,0.087293818,0.146352535,0.114865508,0.039873733,0.02464132,0.573026002,0.637666252,0.704838681,0.241280091,0.291172085,0.401963743,0.216453155,0.230808446,0.294465249,0.084448042,0.15020068,0.120703692,0.481429448,0.258706119,0.362913974,0.54814683,0.077052599,0.215460715,0.171295362,0.513356411,0.135301495,0.653219969,0.298993965,0.078181535,0.115886741,0.281111219,0.367260217,0.091431996,0.175872148,0.112270476,0.119871638,0.101320462,0.078879252,0.143333564,0.095402906,0.115234615,0.169970777,0.080922493,0.127429987,0.085378412,0.146521211,0.05509765,0.180380286,0.06842095,0.055740419,0.174641901,0.70391371,0.097283416,0.129716191,0.614019062,0.458766506,0.289544576,0.270794544,0.220840989,0.208157602,0.480421111,0.416136153,0.155096316,0.127747995,0.284669467,0.523022618,0.264661776,0.319336383,0.800240165,0.075066502,0.380585511,0.372072154,0.393933665,0.32437965,0.224255457,0.505840716,0.551892221,0.188722515,0.120852012,0.296305257,0.139827054,0.271279701,0.342373184,0.242239306,0.131464142,0.482772314,0.555409788,0.615418818,0.436251331,0.282260668,0.54190234,0.372251874,0.733744302,0.731185061,0.384879331,0.543641063,0.217750425,0.7697362,0.246835179,1,1,0.9,0.9,0.9,0.9,0.9,0.9,0.9,0.9,0.9,0.9,0.9,0.9,0.9,0.9,0.9,0.9,0.9,0.9,0.9,0.9,0.9,0.9,0.9,0.9,0.9,0.9,0.9,1,1,1,1,1,1,1,1,1,0.9,0.9,0.9,0.9,0.9,0.9,0.9,0.9,0.9,0.9,0.9,0.9,0.9,0.9,0.9,0.9,0.9,0.9,1,1,1
47,0.217989739,1,1,1,1,1,1,1,0.145171443,0.217989739,0.596456265,0.167188249,1,1,1,1,1,1,1,1,0.321803833,0.167188249,0.406583086,0.228870985,1,1,1,1,1,1,1,1,1,0.384483945,0.228870985,0.126982026,0.546409099,1,1,1,1,1,1,1,1,0.307986375,0.546409099,0.111945012,0.483518018,1,1,1,1,1,1,1,1,0.443721912,0.483518018,0.386697423,0.562830538,1,1,1,1,1,1,1,1,1,0.308768822,0.562830538,0.303480038,0.235138937,1,1,1,1,1,1,1,1,1,0.235138937,0.264609512,0.2116991,1,1,1,1,1,1,1,0.253887203,0.2116991,0.74342108,0.0396,1,1,1,1,1,1,1,1,0.414095724,0.0396,0.365139286,1,1,1,1,1,0.722455084,1,1,1,1,1,0.230867237,1,1,1,1,1,1,1,1,1,1,1,1,1,1,1,1,1,1,1,1,1,1,1,1,1,1,1,1,1,1,1,1,1,1,1,0.830452561,0.634946068,0.560746047,0.46025002,0.493623372,0.387159286,0.377669528,0.291872516,0.808110773,0.751252886,0.817813659,0.645985156,0.566860968,0.494982204,0.300713167,0.311427311,0.340296769,0.138012777,0.170816135,0.157110127,0.492611044,0.368670481,0.353656165,0.604724426,0.09166999,0.253179641,0.271241953,0.626596782,0.150188569,0.599618394,0.330887902,0.122875392,0.134110296,0.304359796,0.385501474,0.130630416,0.151023074,0.135019862,0.130027726,0.126079794,0.086559381,0.164791924,0.136421074,0.153080008,0.185235032,0.085250492,0.185257124,0.104149288,0.178956969,0.076694681,0.177202404,0.065784028,0.043232394,0.174852653,0.696816772,0.102196701,0.136033709,0.606101302,0.389070156,0.232495838,0.252508423,0.193442557,0.192884288,0.449488054,0.39149539,0.101418919,0.073711069,0.277501997,0.471790497,0.227684835,0.260406149,0.795830387,0.036590018,0.334091048,0.286318296,0.372711434,0.275948662,0.169317014,0.420989285,0.451852679,0.155852758,0.107815498,0.22382705,0.120577076,0.243540318,0.303062837,0.204346344,0.114900978,0.39470089,0.490305159,0.564814618,0.387608343,0.209521298,0.517501628,0.323416967,0.678902292,0.689338117,0.36545278,0.430909764,0.176097253,0.717056085,0.220154724,1,1,0.9,0.9,0.9,0.9,0.9,0.9,0.9,0.9,0.9,0.9,0.9,0.9,0.9,0.9,0.9,0.9,0.9,0.9,0.9,0.9,0.9,0.9,0.9,0.9,0.9,0.9,0.9,1,1,1,1,1,1,1,1,1,0.9,0.9,0.9,0.9,0.9,0.9,0.9,0.9,0.9,0.9,0.9,0.9,0.9,0.9,0.9,0.9,0.9,0.9,1,1,1
48,0.218113448,1,1,1,1,1,1,1,0.124103996,0.218113448,0.688104664,0.167027482,1,1,1,1,1,1,1,1,0.262889767,0.167027482,0.41207208,0.228984217,1,1,1,1,1,1,1,1,1,0.349895025,0.228984217,0.132930856,0.546473204,1,1,1,1,1,1,1,1,0.273610141,0.546473204,0.107071066,0.483803142,1,1,1,1,1,1,1,1,0.428440352,0.483803142,0.524516927,0.563342504,1,1,1,1,1,1,1,1,1,0.293481941,0.563342504,0.291724233,0.235209752,1,1,1,1,1,1,1,1,1,0.235209752,0.27314201,0.211836957,1,1,1,1,1,1,1,0.219020633,0.211836957,0.709106871,0.0396,1,1,1,1,1,1,1,1,0.391437623,0.0396,0.427891126,1,1,1,1,1,0.701140881,1,1,1,1,1,0.163804904,1,1,1,1,1,1,1,1,1,1,1,1,1,1,1,1,1,1,1,1,1,1,1,1,1,1,1,1,1,1,1,1,1,1,1,0.400205016,0.703284804,0.673006961,0.637278305,0.560645388,0.474425985,0.598827369,0.510815957,0.757037776,0.666974937,0.764714322,0.679471209,0.595243537,0.540949911,0.368712261,0.389899625,0.340156369,0.176897652,0.154609564,0.192188285,0.435325894,0.311696959,0.334005352,0.579822343,0.095272848,0.286906646,0.356016061,0.526329736,0.183189259,0.558363617,0.348219522,0.13298102,0.14762287,0.308832461,0.374044452,0.160312115,0.186842359,0.142889349,0.138560767,0.155149356,0.085806508,0.156543077,0.140349393,0.142405681,0.169811966,0.090049623,0.189737879,0.088821479,0.151372385,0.079026749,0.154576776,0.048639542,0.026786699,0.137728953,0.678443197,0.106378143,0.138081709,0.583775072,0.321760437,0.172111027,0.263824002,0.145072482,0.162633515,0.424074204,0.375327922,0.070109128,0.040919956,0.26457633,0.435296077,0.192880844,0.286503941,0.781724974,0.018457671,0.291190334,0.220161302,0.343371579,0.231808192,0.108829993,0.345822613,0.389185177,0.14751328,0.11218147,0.174145531,0.098010703,0.224207395,0.258078431,0.163147244,0.104030758,0.327410001,0.493530717,0.531342453,0.349473061,0.168673526,0.486418302,0.279450184,0.615015734,0.623378971,0.336190768,0.384537303,0.145921526,0.685475099,0.189024773,1,1,0.9,0.9,0.9,0.9,0.9,0.9,0.9,0.9,0.9,0.9,0.9,0.9,0.9,0.9,0.9,0.9,0.9,0.9,0.9,0.9,0.9,0.9,0.9,0.9,0.9,0.9,0.9,1,1,1,1,1,1,1,1,1,0.9,0.9,0.9,0.9,0.9,0.9,0.9,0.9,0.9,0.9,0.9,0.9,0.9,0.9,0.9,0.9,0.9,0.9,1,1,1
49,0.218231862,1,1,1,1,1,1,1,0.105093397,0.218231862,0.625074841,0.166861799,1,1,1,1,1,1,1,1,0.24014262,0.166861799,0.419017172,0.229099964,1,1,1,1,1,1,1,1,1,0.32485986,0.229099964,0.122778479,0.546561861,1,1,1,1,1,1,1,1,0.251865186,0.546561861,0.102550522,0.484173669,1,1,1,1,1,1,1,1,0.407288641,0.484173669,0.451516044,0.563930986,1,1,1,1,1,1,1,1,1,0.288842249,0.563930986,0.287580515,0.235181865,1,1,1,1,1,1,1,1,1,0.235181865,0.265332552,0.211941545,1,1,1,1,1,1,1,0.217141039,0.211941545,0.646318994,0.0396,1,1,1,1,1,1,1,1,0.380632142,0.0396,0.468406553,1,1,1,1,1,0.702425063,1,1,1,1,1,0.223753601,1,1,1,1,1,1,1,1,1,1,1,1,1,1,1,1,1,1,1,1,1,1,1,1,1,1,1,1,1,1,1,1,1,1,1,0.159045681,0.643024646,0.605289934,0.570488967,0.489429289,0.400832226,0.522514004,0.440565302,0.693537475,0.602307558,0.710520498,0.600145341,0.540505898,0.564168422,0.415219308,0.4449518,0.344365726,0.203098957,0.160739667,0.178891495,0.428057322,0.271242311,0.339728948,0.570113914,0.121092136,0.304945292,0.408645874,0.467936911,0.185883382,0.558655141,0.35165384,0.11735549,0.13281805,0.294050876,0.35751955,0.152692737,0.103174815,0.099709329,0.127565466,0.180219185,0.074310753,0.135718902,0.113203764,0.091911034,0.142472796,0.098998182,0.190910234,0.078768496,0.112731208,0.08598833,0.132231943,0.037696187,0.01947228,0.100102858,0.651967803,0.09436422,0.10885749,0.577757808,0.29530007,0.155098424,0.305983893,0.115907459,0.153356792,0.408822767,0.370144798,0.079168468,0.034427995,0.223719318,0.397349569,0.15855136,0.353844812,0.776140499,0.011965317,0.264717607,0.171193947,0.329813886,0.19495865,0.140825097,0.289139004,0.413482138,0.133220753,0.106698541,0.168520591,0.092637115,0.211811549,0.27145667,0.169523882,0.092634903,0.429103883,0.535945778,0.504744761,0.31234102,0.145149319,0.457886374,0.241726358,0.571580986,0.593021683,0.325995171,0.314978054,0.128726284,0.628828814,0.164374218,1,1,0.9,0.9,0.9,0.9,0.9,0.9,0.9,0.9,0.9,0.9,0.9,0.9,0.9,0.9,0.9,0.9,0.9,0.9,0.9,0.9,0.9,0.9,0.9,0.9,0.9,0.9,0.9,1,1,1,1,1,1,1,1,1,0.9,0.9,0.9,0.9,0.9,0.9,0.9,0.9,0.9,0.9,0.9,0.9,0.9,0.9,0.9,0.9,0.9,0.9,1,1,1
50,0.218349629,1,1,1,1,1,1,1,0.097381173,0.218349629,0.574240719,0.166647186,1,1,1,1,1,1,1,1,0.232540117,0.166647186,0.450777898,0.22916526,1,1,1,1,1,1,1,1,1,0.31147447,0.22916526,0.110643647,0.546660817,1,1,1,1,1,1,1,1,0.234597476,0.546660817,0.0797636,0.48445964,1,1,1,1,1,1,1,1,0.397838462,0.48445964,0.406726016,0.564452037,1,1,1,1,1,1,1,1,1,0.28778973,0.564452037,0.302486285,0.235219562,1,1,1,1,1,1,1,1,1,0.235219562,0.236452529,0.212053073,1,1,1,1,1,1,1,0.221357561,0.212053073,0.631810126,0.0396,1,1,1,1,1,1,1,1,0.37663551,0.0396,0.499176704,1,1,1,1,1,0.712920666,1,1,1,1,1,0.283719122,1,1,1,1,1,1,1,1,1,1,1,1,1,1,1,1,1,1,1,1,1,1,1,1,1,1,1,1,1,1,1,1,1,1,1,0.056375291,0.597382878,0.549231512,0.502441332,0.453109239,0.385267554,0.443955606,0.365645065,0.671335705,0.609211496,0.708591207,0.555627992,0.52283923,0.594632751,0.447141187,0.472999427,0.360681494,0.2337118,0.205515631,0.116252797,0.497399244,0.288272474,0.347604491,0.616738934,0.12122052,0.329286911,0.439788035,0.499783279,0.153886477,0.568249089,0.33656196,0.088790228,0.09283762,0.246098751,0.342347471,0.110390605,0.060019949,0.058323314,0.061530017,0.231153759,0.05964078,0.102125348,0.066424376,0.047379978,0.085211272,0.090355886,0.108104833,0.069160562,0.064301357,0.06730249,0.121610098,0.038428865,0.014209955,0.085579627,0.639112841,0.075426291,0.080813316,0.594744412,0.264609982,0.151132425,0.348504888,0.100053546,0.154004992,0.397317071,0.373800096,0.121584764,0.037398331,0.182992668,0.353304995,0.133728473,0.41662032,0.77795761,0.014774408,0.241852612,0.132376044,0.332213931,0.16776693,0.195026279,0.251564075,0.462152909,0.116063947,0.102311981,0.18155018,0.08839827,0.197917841,0.307767456,0.199794876,0.089885097,0.485528718,0.524992081,0.530640198,0.283744372,0.146657475,0.455741836,0.198120022,0.520919147,0.53792563,0.323302434,0.262812866,0.114679153,0.655247452,0.144730535,1,1,0.9,0.9,0.9,0.9,0.9,0.9,0.9,0.9,0.9,0.9,0.9,0.9,0.9,0.9,0.9,0.9,0.9,0.9,0.9,0.9,0.9,0.9,0.9,0.9,0.9,0.9,0.9,1,1,1,1,1,1,1,1,1,0.9,0.9,0.9,0.9,0.9,0.9,0.9,0.9,0.9,0.9,0.9,0.9,0.9,0.9,0.9,0.9,0.9,0.9,1,1,1