natgas_SE,natgas_MIDAT,natgas_NE,natgas_demand_SE,natgas_demand_MIDAT,natgas_demand_NE,biowood_SE,biowood_MIDAT,biowood_NE,bioherb_SE,bioherb_MIDAT,bioherb_NE,elec_SE,elec_MIDAT,elec_NE,h2_SE,h2_MIDAT,h2_NE,co2_captured_SE,co2_captured_MIDAT,co2_captured_NE,gasoline_SE,gasoline_MIDAT,gasoline_NE,gasoline_demand_SE,gasoline_demand_MIDAT,gasoline_demand_NE,jetfuel_SE,jetfuel_MIDAT,jetfuel_NE,jetfuel_demand_SE,jetfuel_demand_MIDAT,jetfuel_demand_NE,diesel_SE,diesel_MIDAT,diesel_NE,diesel_demand_SE,diesel_demand_MIDAT,diesel_demand_NE
12.55668122,12.21546705,15.01342319,12.55668122,12.21546705,15.01342319,39.99999999999999,39.99999999999999,39.99999999999999,39.99999999999999,39.99999999999999,39.99999999999999,29.100913880009717,24.519534552066535,29.73719330432003,24.983329730987336,27.51720776400955,24.866636706702717,-12.26,-12.259999999999938,21.990678802308608,83.87044139,83.87044139,83.87044139,83.87044139,83.87044139,83.87044139,69.30059661,69.30059661,69.30059661,69.30059661,69.30059661,69.30059661,83.29037731,83.29037731,83.29037731,83.29037731,83.29037731,83.29037731
12.55668122,12.21546705,15.01342319,12.55668122,12.21546705,15.01342319,39.99999999999999,39.99999999999999,39.99999999999999,39.99999999999999,39.99999999999999,39.99999999999999,25.786831479548738,24.519534552066535,29.73719330432003,24.143443138591653,27.51720776400955,24.866636706702717,-12.26,-12.259999999999938,9.551345891299322,34.441893329995736,34.441893329995736,34.441893329995736,34.441893329995736,34.441893329995736,34.441893329995736,69.30059661,69.30059661,69.30059661,69.30059661,69.30059661,69.30059661,83.29037731,83.29037731,83.29037731,83.29037731,83.29037731,83.29037731
12.55668122,12.21546705,15.01342319,12.55668122,12.21546705,15.01342319,39.99999999999999,39.99999999999999,39.99999999999999,39.99999999999999,39.99999999999999,39.99999999999999,25.155834412182788,24.519534552066535,29.73719330432003,24.9044281416308,27.376168019009413,24.866636706702717,-12.26,-12.259999999999938,15.34629720320561,34.441893329995736,34.441893329995736,34.441893329995736,34.441893329995736,34.441893329995736,34.441893329995736,69.30059661,69.30059661,69.30059661,69.30059661,69.30059661,69.30059661,83.29037731,83.29037731,83.29037731,83.29037731,83.29037731,83.29037731
12.55668122,12.21546705,15.01342319,12.55668122,12.21546705,15.01342319,39.99999999999999,39.99999999999999,39.99999999999999,39.99999999999999,39.99999999999999,39.99999999999999,25.155834412182788,24.519534552066535,29.73719330432003,24.9044281416308,27.376168019009402,24.866636706702717,-12.26,-12.259999999999915,-174.9739289898273,83.87044139,83.87044139,83.87044139,83.87044139,83.87044139,83.87044139,69.30059661,69.30059661,69.30059661,69.30059661,69.30059661,69.30059661,83.29037731,83.29037731,83.29037731,83.29037731,83.29037731,83.29037731
12.55668122,12.21546705,15.01342319,12.55668122,12.21546705,15.01342319,39.99999999999999,39.99999999999999,39.99999999999999,39.99999999999999,39.99999999999999,39.99999999999999,25.155834412182788,24.519534552066535,29.73719330432003,19.28920673095209,27.51720776400955,23.974520907573115,-12.26,-12.259999999999938,35.15263646261284,83.87044139,83.87044139,83.87044139,83.87044139,83.87044139,83.87044139,69.30059661,69.30059661,69.30059661,69.30059661,69.30059661,69.30059661,83.29037731,83.29037731,83.29037731,83.29037731,83.29037731,83.29037731
12.55668122,12.21546705,15.01342319,12.55668122,12.21546705,15.01342319,39.99999999999999,39.99999999999999,39.99999999999999,39.99999999999999,39.99999999999999,39.99999999999999,25.155834412182788,20.75333404486912,19.770326332399666,22.357509783696454,27.441883753865604,22.096763303934694,-12.26,-12.259999999999938,32.772622600255524,34.44189332999569,34.44189332999569,34.44189332999569,34.44189332999569,34.44189332999569,34.44189332999569,69.30059661,69.30059661,69.30059661,69.30059661,69.30059661,69.30059661,83.29037731,83.29037731,83.29037731,83.29037731,83.29037731,83.29037731
12.55668122,12.21546705,15.01342319,12.55668122,12.21546705,15.01342319,39.99999999999999,39.99999999999999,39.99999999999999,39.99999999999999,39.99999999999999,39.99999999999999,25.155834412182788,20.75333404486912,19.770326332399666,22.357509783696454,27.18140410854581,24.07418957729232,-12.26,-12.259999999999938,2.6214088425459434,34.441893329995736,34.441893329995736,34.441893329995736,34.441893329995736,34.441893329995736,34.441893329995736,69.30059661,69.30059661,69.30059661,69.30059661,69.30059661,69.30059661,83.29037731,83.29037731,83.29037731,83.29037731,83.29037731,83.29037731
12.55668122,12.21546705,15.01342319,12.55668122,12.21546705,15.01342319,39.99999999999999,39.99999999999999,39.99999999999999,39.99999999999999,39.99999999999999,39.99999999999999,25.155834412182788,20.75333404486912,19.770326332399666,23.112184816061934,26.558804087199732,24.07418957729232,-12.26,-12.259999999999938,-63.96090372691678,83.87044139,83.87044139,83.87044139,83.87044139,83.87044139,83.87044139,69.30059661,69.30059661,69.30059661,69.30059661,69.30059661,69.30059661,83.29037731,83.29037731,83.29037731,83.29037731,83.29037731,83.29037731
12.55668122,12.21546705,15.01342319,12.55668122,12.21546705,15.01342319,39.99999999999999,39.99999999999999,39.99999999999999,39.99999999999999,39.99999999999999,39.99999999999999,25.155834412182788,20.75333404486912,19.770326332399666,23.112184816061934,27.181404108545806,24.07418957729232,-12.26,-12.259999999999925,51.06977814017792,34.44189332999568,34.44189332999568,34.44189332999568,34.44189332999568,34.44189332999568,34.44189332999568,69.30059661,69.30059661,69.30059661,69.30059661,69.30059661,69.30059661,83.29037731,83.29037731,83.29037731,83.29037731,83.29037731,83.29037731
12.55668122,12.21546705,15.01342319,12.55668122,12.21546705,15.01342319,39.99999999999999,39.99999999999999,39.99999999999999,39.99999999999999,39.99999999999999,39.99999999999999,25.155834412182788,20.75333404486912,19.770326332399666,18.990534329775326,23.345412979488383,24.07418957729232,-12.26,-12.259999999999938,15.25640033561067,34.441893329995736,34.441893329995736,34.441893329995736,34.441893329995736,34.441893329995736,34.441893329995736,69.30059661,69.30059661,69.30059661,69.30059661,69.30059661,69.30059661,83.29037731,83.29037731,83.29037731,83.29037731,83.29037731,83.29037731
12.55668122,12.21546705,15.01342319,12.55668122,12.21546705,15.01342319,39.99999999999999,39.99999999999999,39.99999999999999,39.99999999999999,39.99999999999999,39.99999999999999,25.155834412182788,20.75333404486912,19.770326332399666,23.112184816061934,18.474645109492453,24.07418957729232,-12.26,-12.259999999999938,16.49667659922515,34.441893329995736,34.441893329995736,34.441893329995736,34.441893329995736,34.441893329995736,34.441893329995736,69.30059661,69.30059661,69.30059661,69.30059661,69.30059661,69.30059661,83.29037731,83.29037731,83.29037731,83.29037731,83.29037731,83.29037731
12.55668122,12.21546705,15.01342319,12.55668122,12.21546705,15.01342319,39.99999999999999,39.99999999999999,39.99999999999999,39.99999999999999,39.99999999999999,39.99999999999999,25.155834412182788,20.75333404486912,19.770326332399666,23.112184816061934,23.345412979488383,24.667299367264313,-12.26,-12.259999999999938,14.033710515578667,34.44189332999569,34.44189332999569,34.44189332999569,34.44189332999569,34.44189332999569,34.44189332999569,69.30059661,69.30059661,69.30059661,69.30059661,69.30059661,69.30059661,83.29037731,83.29037731,83.29037731,83.29037731,83.29037731,83.29037731
12.55668122,12.21546705,15.01342319,12.55668122,12.21546705,15.01342319,39.99999999999999,39.99999999999999,39.99999999999999,39.99999999999999,39.99999999999999,39.99999999999999,25.658951100426446,20.75333404486912,19.770326332399666,21.641333160234442,23.345412979488383,24.667299367264313,-12.26,-12.259999999999938,15.205082542325693,34.441893329995736,34.441893329995736,34.441893329995736,34.441893329995736,34.441893329995736,34.441893329995736,69.30059661,69.30059661,69.30059661,69.30059661,69.30059661,69.30059661,83.29037731,83.29037731,83.29037731,83.29037731,83.29037731,83.29037731
12.55668122,12.21546705,15.01342319,12.55668122,12.21546705,15.01342319,39.99999999999999,39.99999999999999,39.99999999999999,39.99999999999999,39.99999999999999,39.99999999999999,26.41362613279193,23.919547911295933,19.770326332399666,21.641333160234442,24.031337278162994,24.667299367264313,-12.26,-12.259999999999938,-1.1014626026913739,34.441893329995736,34.441893329995736,34.441893329995736,34.441893329995736,34.441893329995736,34.441893329995736,69.30059661,69.30059661,69.30059661,69.30059661,69.30059661,69.30059661,83.29037731,83.29037731,83.29037731,83.29037731,83.29037731,83.29037731
12.55668122,12.21546705,15.01342319,12.55668122,12.21546705,15.01342319,39.99999999999999,39.99999999999999,39.99999999999999,39.99999999999999,39.99999999999999,39.99999999999999,26.91674282103558,24.519534552066535,23.358136025992042,22.396008192599925,23.83884929112873,24.739055561136155,-12.26,-12.259999999999938,28.800537331461182,34.44189332999569,34.44189332999569,34.44189332999569,34.44189332999569,34.44189332999569,34.44189332999569,69.30059661,69.30059661,69.30059661,69.30059661,69.30059661,69.30059661,83.29037731,83.29037731,83.29037731,83.29037731,83.29037731,83.29037731
12.55668122,12.21546705,15.01342319,12.55668122,12.21546705,15.01342319,39.99999999999999,39.99999999999999,39.99999999999999,39.99999999999999,39.99999999999999,39.99999999999999,27.419859509279238,24.519534552066535,29.73719330432003,21.940005561411212,24.043337010978405,24.866636706702717,-12.26,-12.259999999999938,-50.36490500394562,83.87044139,83.87044139,83.87044139,83.87044139,83.87044139,83.87044139,69.30059661,69.30059661,69.30059661,69.30059661,69.30059661,69.30059661,83.29037731,83.29037731,83.29037731,83.29037731,83.29037731,83.29037731
12.55668122,12.21546705,15.01342319,12.55668122,12.21546705,15.01342319,39.99999999999999,39.99999999999999,39.99999999999999,39.99999999999999,39.99999999999999,39.99999999999999,27.67141785340107,24.519534552066535,29.73719330432003,18.990534329775326,24.043337010978405,24.866636706702717,-12.26,-12.259999999999938,-69.24923256810382,83.87044139,83.87044139,83.87044139,83.87044139,83.87044139,83.87044139,69.30059661,69.30059661,69.30059661,69.30059661,69.30059661,69.30059661,83.29037731,83.29037731,83.29037731,83.29037731,83.29037731,83.29037731
12.55668122,12.21546705,15.01342319,12.55668122,12.21546705,15.01342319,39.99999999999999,39.99999999999999,39.99999999999999,39.99999999999999,39.99999999999999,39.99999999999999,32.39586425954541,24.519534552066535,29.73719330432003,19.065403121711807,23.307750974416408,24.866636706702717,-12.26,-12.259999999999938,21.91587893884878,83.87044139,83.87044139,83.87044139,83.87044139,83.87044139,83.87044139,69.30059661,69.30059661,69.30059661,69.30059661,69.30059661,69.30059661,83.29037731,83.29037731,83.29037731,83.29037731,83.29037731,83.29037731
12.55668122,12.21546705,15.01342319,12.55668122,12.21546705,15.01342319,39.99999999999999,39.99999999999999,39.99999999999999,39.99999999999999,39.99999999999999,39.99999999999999,31.50423496799829,24.519534552066535,29.73719330432003,19.957032413258926,24.043337010978405,24.866636706702717,-12.26,-12.259999999999938,8.390269483112851,34.441893329995736,34.441893329995736,34.441893329995736,34.441893329995736,34.441893329995736,34.441893329995736,69.30059661,69.30059661,69.30059661,69.30059661,69.30059661,69.30059661,83.29037731,83.29037731,83.29037731,83.29037731,83.29037731,83.29037731
12.55668122,12.21546705,15.01342319,12.55668122,12.21546705,15.01342319,39.99999999999999,39.99999999999999,39.99999999999999,39.99999999999999,39.99999999999999,39.99999999999999,30.61260567645116,24.519534552066535,29.73719330432003,19.957032413258926,24.043337010978405,23.974520907573115,-12.26,-12.259999999999938,20.22229692804736,83.87044139,83.87044139,83.87044139,83.87044139,83.87044139,83.87044139,69.30059661,69.30059661,69.30059661,69.30059661,69.30059661,69.30059661,83.29037731,83.29037731,83.29037731,83.29037731,83.29037731,83.29037731
12.55668122,12.21546705,15.01342319,12.55668122,12.21546705,15.01342319,39.99999999999999,39.99999999999999,39.99999999999999,39.99999999999999,39.99999999999999,39.99999999999999,29.72097638490404,24.519534552066535,29.73719330432003,19.065403121711807,21.970359231848175,23.974520907573115,-12.26,-12.259999999999877,17.81064863768584,34.44189332999566,34.44189332999566,34.44189332999566,34.44189332999566,34.44189332999566,34.44189332999566,69.30059661,69.30059661,69.30059661,69.30059661,69.30059661,69.30059661,83.29037731,83.29037731,83.29037731,83.29037731,83.29037731,83.29037731
12.55668122,12.21546705,15.01342319,12.55668122,12.21546705,15.01342319,39.99999999999999,39.99999999999999,39.99999999999999,39.99999999999999,39.99999999999999,39.99999999999999,29.72097638490404,24.519534552066535,29.73719330432003,19.065403121711807,21.216745866725063,23.974520907573115,-12.26,-12.259999999999938,21.91587893884878,34.441893329995736,34.441893329995736,34.441893329995736,34.441893329995736,34.441893329995736,34.441893329995736,69.30059661,69.30059661,69.30059661,69.30059661,69.30059661,69.30059661,83.29037731,83.29037731,83.29037731,83.29037731,83.29037731,83.29037731
12.55668122,12.21546705,15.01342319,12.55668122,12.21546705,15.01342319,39.99999999999999,39.99999999999999,39.99999999999999,39.99999999999999,39.99999999999999,39.99999999999999,29.72097638490404,24.519534552066535,29.73719330432003,19.065403121711807,21.216745866725063,23.974520907573115,-12.26,-12.259999999999877,21.990678802308608,34.44189332999566,34.44189332999566,34.44189332999566,34.44189332999566,34.44189332999566,34.44189332999566,69.30059661,69.30059661,69.30059661,69.30059661,69.30059661,69.30059661,83.29037731,83.29037731,83.29037731,83.29037731,83.29037731,83.29037731
12.55668122,12.21546705,15.01342319,12.55668122,12.21546705,15.01342319,39.99999999999999,39.99999999999999,39.99999999999999,39.99999999999999,39.99999999999999,39.99999999999999,29.72097638490404,24.519534552066535,29.73719330432003,19.454118180775197,21.216745866725073,23.974520907573115,-12.26,-12.259999999999938,20.744506912101755,83.87044139,83.87044139,83.87044139,83.87044139,83.87044139,83.87044139,69.30059661,69.30059661,69.30059661,69.30059661,69.30059661,69.30059661,83.29037731,83.29037731,83.29037731,83.29037731,83.29037731,83.29037731
12.55668122,12.21546705,15.01342319,12.55668122,12.21546705,15.01342319,39.99999999999999,39.99999999999999,39.99999999999999,39.99999999999999,39.99999999999999,39.99999999999999,25.155834412182788,24.519534552066535,29.73719330432003,19.111054541439017,21.216745866725063,24.866636706702717,-12.26,-12.259999999999938,16.51766922995263,83.87044139,83.87044139,83.87044139,83.87044139,83.87044139,83.87044139,69.30059661,69.30059661,69.30059661,69.30059661,69.30059661,69.30059661,83.29037731,83.29037731,83.29037731,83.29037731,83.29037731,83.29037731
12.55668122,12.21546705,15.01342319,12.55668122,12.21546705,15.01342319,39.99999999999999,39.99999999999999,39.99999999999999,39.99999999999999,39.99999999999999,39.99999999999999,25.155834412182788,24.519534552066535,29.73719330432003,19.111054541439017,21.216745866725063,24.866636706702717,-12.26,-12.259999999999938,15.346297203205623,34.441893329995736,34.441893329995736,34.441893329995736,34.441893329995736,34.441893329995736,34.441893329995736,69.30059661,69.30059661,69.30059661,69.30059661,69.30059661,69.30059661,83.29037731,83.29037731,83.29037731,83.29037731,83.29037731,83.29037731
12.55668122,12.21546705,15.01342319,12.55668122,12.21546705,15.01342319,39.99999999999999,39.99999999999999,39.99999999999999,39.99999999999999,39.99999999999999,39.99999999999999,25.155834412182788,24.519534552066535,29.73719330432003,19.111054541439017,21.216745866725063,23.974520907573115,-12.26,-12.259999999999938,19.050924901300334,83.87044139,83.87044139,83.87044139,83.87044139,83.87044139,83.87044139,69.30059661,69.30059661,69.30059661,69.30059661,69.30059661,69.30059661,83.29037731,83.29037731,83.29037731,83.29037731,83.29037731,83.29037731
12.55668122,12.21546705,15.01342319,12.55668122,12.21546705,15.01342319,39.99999999999999,39.99999999999999,39.99999999999999,39.99999999999999,39.99999999999999,39.99999999999999,25.155834412182788,24.519534552066535,29.73719330432003,27.099889417962558,26.372316253768435,23.974520907573115,-12.26,-12.259999999999938,19.050924901300334,34.441893329995736,34.441893329995736,34.441893329995736,34.441893329995736,34.441893329995736,34.441893329995736,69.30059661,69.30059661,69.30059661,69.30059661,69.30059661,69.30059661,83.29037731,83.29037731,83.29037731,83.29037731,83.29037731,83.29037731
12.55668122,12.21546705,15.01342319,12.55668122,12.21546705,15.01342319,39.99999999999999,39.99999999999999,39.99999999999999,39.99999999999999,39.99999999999999,39.99999999999999,25.155834412182788,24.519534552066535,29.73719330432003,26.345214385597075,25.636730217206438,23.974520907573115,-12.26,-12.259999999999938,17.810648637685848,83.87044139,83.87044139,83.87044139,83.87044139,83.87044139,83.87044139,69.30059661,69.30059661,69.30059661,69.30059661,69.30059661,69.30059661,83.29037731,83.29037731,83.29037731,83.29037731,83.29037731,83.29037731
12.55668122,12.21546705,15.01342319,12.55668122,12.21546705,15.01342319,39.99999999999999,39.99999999999999,39.99999999999999,39.99999999999999,39.99999999999999,39.99999999999999,25.155834412182788,10.194478829182943,18.71861271036673,27.099889417962558,26.085815139310768,24.08470671351265,-12.26,-12.259999999999938,17.398521828743398,34.441893329995736,34.441893329995736,34.441893329995736,34.441893329995736,34.441893329995736,34.441893329995736,69.30059661,69.30059661,69.30059661,69.30059661,69.30059661,69.30059661,83.29037731,83.29037731,83.29037731,83.29037731,83.29037731,83.29037731
12.55668122,12.21546705,15.01342319,12.55668122,12.21546705,15.01342319,39.99999999999999,39.99999999999999,39.99999999999999,39.99999999999999,39.99999999999999,39.99999999999999,8.981298395092791,10.194478829182943,18.71861271036673,26.776398697620756,26.085815139310764,24.08470671351265,-12.26,-12.259999999999877,16.227149801996376,34.44189332999566,34.44189332999566,34.44189332999566,34.44189332999566,34.44189332999566,34.44189332999566,69.30059661,69.30059661,69.30059661,69.30059661,69.30059661,69.30059661,83.29037731,83.29037731,83.29037731,83.29037731,83.29037731,83.29037731
12.55668122,12.21546705,15.01342319,12.55668122,12.21546705,15.01342319,39.99999999999999,39.99999999999999,39.99999999999999,39.99999999999999,39.99999999999999,39.99999999999999,8.981298395092791,10.194478829182943,18.71861271036673,26.776398697620756,26.085815139310945,27.58931195366305,-12.26,-12.259999999999938,1.6738175370411819,34.441893329995736,34.441893329995736,34.441893329995736,34.441893329995736,34.441893329995736,34.441893329995736,69.30059661,69.30059661,69.30059661,69.30059661,69.30059661,69.30059661,83.29037731,83.29037731,83.29037731,83.29037731,83.29037731,83.29037731
12.55668122,12.21546705,15.01342319,12.55668122,12.21546705,15.01342319,39.99999999999999,39.99999999999999,39.99999999999999,39.99999999999999,39.99999999999999,39.99999999999999,8.981298395092791,10.194478829182943,18.71861271036673,26.776398697620756,26.085815139310764,27.58931195366305,-12.26,-12.259999999999938,0.43354127342668836,34.44189332999569,34.44189332999569,34.44189332999569,34.44189332999569,34.44189332999569,34.44189332999569,69.30059661,69.30059661,69.30059661,69.30059661,69.30059661,69.30059661,83.29037731,83.29037731,83.29037731,83.29037731,83.29037731,83.29037731
12.55668122,12.21546705,15.01342319,12.55668122,12.21546705,15.01342319,39.99999999999999,39.99999999999999,39.99999999999999,39.99999999999999,39.99999999999999,39.99999999999999,8.981298395092791,10.194478829182943,18.71861271036673,26.776398697620756,18.4425185567182,27.58931195366305,-12.26,-12.259999999999938,3.49106480958257,34.441893329995736,34.441893329995736,34.441893329995736,34.441893329995736,34.441893329995736,34.441893329995736,69.30059661,69.30059661,69.30059661,69.30059661,69.30059661,69.30059661,83.29037731,83.29037731,83.29037731,83.29037731,83.29037731,83.29037731
12.55668122,12.21546705,15.01342319,12.55668122,12.21546705,15.01342319,39.99999999999999,39.99999999999999,39.99999999999999,39.99999999999999,39.99999999999999,39.99999999999999,8.981298395092791,10.194478829182943,18.71861271036673,26.776398697620756,18.679661737491777,27.58931195366305,-12.26,-12.259999999999938,3.49106480958257,34.441893329995736,34.441893329995736,34.441893329995736,34.441893329995736,34.441893329995736,34.441893329995736,69.30059661,69.30059661,69.30059661,69.30059661,69.30059661,69.30059661,83.29037731,83.29037731,83.29037731,83.29037731,83.29037731,83.29037731
12.55668122,12.21546705,15.01342319,12.55668122,12.21546705,15.01342319,39.99999999999999,39.99999999999999,39.99999999999999,39.99999999999999,39.99999999999999,39.99999999999999,8.981298395092791,10.194478829182943,18.71861271036673,26.776398697620756,18.46169613163623,27.58931195366305,-12.26,-12.259999999999938,2.8451895637882085,83.87044139,83.87044139,83.87044139,83.87044139,83.87044139,83.87044139,69.30059661,69.30059661,69.30059661,69.30059661,69.30059661,69.30059661,83.29037731,83.29037731,83.29037731,83.29037731,83.29037731,83.29037731
12.55668122,12.21546705,15.01342319,12.55668122,12.21546705,15.01342319,39.99999999999999,39.99999999999999,39.99999999999999,39.99999999999999,39.99999999999999,39.99999999999999,8.98129839509279,10.194478829182943,18.71861271036673,18.725270296593298,18.985496102367264,27.58931195366305,-12.26,-12.259999999999938,1.6738175370411819,34.441893329995736,34.441893329995736,34.441893329995736,34.441893329995736,34.441893329995736,34.441893329995736,69.30059661,69.30059661,69.30059661,69.30059661,69.30059661,69.30059661,83.29037731,83.29037731,83.29037731,83.29037731,83.29037731,83.29037731
12.55668122,12.21546705,15.01342319,12.55668122,12.21546705,15.01342319,39.99999999999999,39.99999999999999,39.99999999999999,39.99999999999999,39.99999999999999,39.99999999999999,9.340550330896503,10.194478829182943,18.71861271036673,19.152279689946223,18.985496102367264,27.58931195366305,-12.26,-12.259999999999938,-79.69918338940884,83.87044139,83.87044139,83.87044139,83.87044139,83.87044139,83.87044139,69.30059661,69.30059661,69.30059661,69.30059661,69.30059661,69.30059661,83.29037731,83.29037731,83.29037731,83.29037731,83.29037731,83.29037731
12.55668122,12.21546705,15.01342319,12.55668122,12.21546705,15.01342319,39.99999999999999,39.99999999999999,39.99999999999999,39.99999999999999,39.99999999999999,39.99999999999999,9.699802266700214,10.194478829182943,18.71861271036673,19.152279689946223,18.30147881171806,27.58931195366305,-12.26,-12.259999999999938,-63.402874057640034,83.87044139,83.87044139,83.87044139,83.87044139,83.87044139,83.87044139,69.30059661,69.30059661,69.30059661,69.30059661,69.30059661,69.30059661,83.29037731,83.29037731,83.29037731,83.29037731,83.29037731,83.29037731
12.55668122,12.21546705,15.01342319,12.55668122,12.21546705,15.01342319,39.99999999999999,39.99999999999999,39.99999999999999,39.99999999999999,39.99999999999999,39.99999999999999,26.11226137426041,24.519534552066535,29.73719330432003,19.708383055580374,18.536411180262938,26.917567766412517,-12.26,-12.259999999999938,21.915878938848785,83.87044139,83.87044139,83.87044139,83.87044139,83.87044139,83.87044139,69.30059661,69.30059661,69.30059661,69.30059661,69.30059661,69.30059661,83.29037731,83.29037731,83.29037731,83.29037731,83.29037731,83.29037731
12.55668122,12.21546705,15.01342319,12.55668122,12.21546705,15.01342319,39.99999999999999,39.99999999999999,39.99999999999999,39.99999999999999,39.99999999999999,39.99999999999999,28.677651229888376,24.519534552066535,29.73719330432003,18.990534329775326,18.67745092526308,27.80968356554212,-12.26,-12.259999999999938,2.3095255385262288,83.87044139,83.87044139,83.87044139,83.87044139,83.87044139,83.87044139,69.30059661,69.30059661,69.30059661,69.30059661,69.30059661,69.30059661,83.29037731,83.29037731,83.29037731,83.29037731,83.29037731,83.29037731
12.55668122,12.21546705,15.01342319,12.55668122,12.21546705,15.01342319,39.99999999999999,39.99999999999999,39.99999999999999,39.99999999999999,39.99999999999999,39.99999999999999,31.677335712175378,28.9692043384529,35.1337350003781,19.029725240848645,18.609386216617484,27.91761439946328,-12.26,-12.259999999999938,-10.082505742399198,34.441893329995736,34.441893329995736,34.441893329995736,34.441893329995736,34.441893329995736,34.441893329995736,69.30059661,69.30059661,69.30059661,69.30059661,69.30059661,69.30059661,83.29037731,83.29037731,83.29037731,83.29037731,83.29037731,83.29037731
12.55668122,12.21546705,15.01342319,12.55668122,12.21546705,15.01342319,39.99999999999999,39.99999999999999,39.99999999999999,39.99999999999999,39.99999999999999,39.99999999999999,34.12246131509285,28.9692043384529,35.1337350003781,19.07762951110415,18.609386216617484,27.060777697386516,-12.26,-12.259999999999915,6.153457663892068,83.87044139,83.87044139,83.87044139,83.87044139,83.87044139,83.87044139,69.30059661,69.30059661,69.30059661,69.30059661,69.30059661,69.30059661,83.29037731,83.29037731,83.29037731,83.29037731,83.29037731,83.29037731
12.55668122,12.21546705,15.01342319,12.55668122,12.21546705,15.01342319,39.99999999999999,39.99999999999999,39.99999999999999,39.99999999999999,39.99999999999999,39.99999999999999,43.67148137603061,28.9692043384529,35.1337350003781,19.24113972915814,18.609386216617484,27.91761439946328,-12.26,-12.259999999999938,6.9732902496138,34.441893329995736,34.441893329995736,34.441893329995736,34.441893329995736,34.441893329995736,34.441893329995736,69.30059661,69.30059661,69.30059661,69.30059661,69.30059661,69.30059661,83.29037731,83.29037731,83.29037731,83.29037731,83.29037731,83.29037731
12.55668122,12.21546705,15.01342319,12.55668122,12.21546705,15.01342319,39.99999999999999,39.99999999999999,39.99999999999999,39.99999999999999,39.99999999999999,39.99999999999999,31.380477816558603,28.9692043384529,35.1337350003781,19.07762951110415,18.609386216617473,26.863602349451934,-12.26,-12.259999999999938,6.130554113515706,34.441893329995736,34.441893329995736,34.441893329995736,34.441893329995736,34.441893329995736,34.441893329995736,69.30059661,69.30059661,69.30059661,69.30059661,69.30059661,69.30059661,83.29037731,83.29037731,83.29037731,83.29037731,83.29037731,83.29037731
12.55668122,12.21546705,15.01342319,12.55668122,12.21546705,15.01342319,39.99999999999999,39.99999999999999,39.99999999999999,39.99999999999999,39.99999999999999,39.99999999999999,30.466483317047185,28.9692043384529,35.1337350003781,19.07762951110415,18.609386216617484,26.863602349451934,-12.26,-12.259999999999938,6.130554113515706,83.87044139,83.87044139,83.87044139,83.87044139,83.87044139,83.87044139,69.30059661,69.30059661,69.30059661,69.30059661,69.30059661,69.30059661,83.29037731,83.29037731,83.29037731,83.29037731,83.29037731,83.29037731
12.55668122,12.21546705,15.01342319,12.55668122,12.21546705,15.01342319,39.99999999999999,39.99999999999999,39.99999999999999,39.99999999999999,39.99999999999999,39.99999999999999,30.466483317047185,28.9692043384529,35.1337350003781,19.07762951110415,18.609386216617466,27.83847520003449,-12.26,-12.259999999999915,6.130554113515706,83.87044139,83.87044139,83.87044139,83.87044139,83.87044139,83.87044139,69.30059661,69.30059661,69.30059661,69.30059661,69.30059661,69.30059661,83.29037731,83.29037731,83.29037731,83.29037731,83.29037731,83.29037731
12.55668122,12.21546705,15.01342319,12.55668122,12.21546705,15.01342319,39.99999999999999,39.99999999999999,39.99999999999999,39.99999999999999,39.99999999999999,39.99999999999999,30.466483317047185,28.9692043384529,29.73719330432003,19.07762951110415,18.609386216617484,26.917567766412517,-12.26,-12.259999999999938,-9.98593607701964,83.87044139,83.87044139,83.87044139,83.87044139,83.87044139,83.87044139,69.30059661,69.30059661,69.30059661,69.30059661,69.30059661,69.30059661,83.29037731,83.29037731,83.29037731,83.29037731,83.29037731,83.29037731
12.55668122,12.21546705,15.01342319,12.55668122,12.21546705,15.01342319,39.99999999999999,39.99999999999999,39.99999999999999,39.99999999999999,39.99999999999999,39.99999999999999,25.155834412182788,24.519534552066535,29.73719330432003,18.990534329775326,19.271997216824936,26.917567766412517,-12.26,-12.259999999999938,21.915878938848785,83.87044139,83.87044139,83.87044139,83.87044139,83.87044139,83.87044139,69.30059661,69.30059661,69.30059661,69.30059661,69.30059661,69.30059661,83.29037731,83.29037731,83.29037731,83.29037731,83.29037731,83.29037731
12.55668122,12.21546705,15.01342319,12.55668122,12.21546705,15.01342319,39.99999999999999,39.99999999999999,39.99999999999999,39.99999999999999,39.99999999999999,39.99999999999999,25.155834412182788,24.519534552066535,29.73719330432003,18.990534329775326,18.536411180262938,26.917567766412517,-12.26,-12.259999999999938,-9.355028204309908,83.87044139,83.87044139,83.87044139,83.87044139,83.87044139,83.87044139,69.30059661,69.30059661,69.30059661,69.30059661,69.30059661,69.30059661,83.29037731,83.29037731,83.29037731,83.29037731,83.29037731,83.29037731
12.55668122,12.21546705,15.01342319,12.55668122,12.21546705,15.01342319,39.99999999999999,39.99999999999999,39.99999999999999,39.99999999999999,39.99999999999999,39.99999999999999,25.155834412182788,24.519534552066535,29.73719330432003,18.990534329775326,18.536411180262938,27.05860751141266,-12.26,-12.259999999999938,-5.9986697168206575,83.87044139,83.87044139,83.87044139,83.87044139,83.87044139,83.87044139,69.30059661,69.30059661,69.30059661,69.30059661,69.30059661,69.30059661,83.29037731,83.29037731,83.29037731,83.29037731,83.29037731,83.29037731
12.55668122,12.21546705,15.01342319,12.55668122,12.21546705,15.01342319,39.99999999999999,39.99999999999999,39.99999999999999,39.99999999999999,39.99999999999999,39.99999999999999,25.155834412182788,24.519534552066535,29.73719330432003,19.74520936214081,18.536411180262938,26.917567766412517,-12.26,-12.259999999999938,11.16149811943366,34.44189332999569,34.44189332999569,34.44189332999569,34.44189332999569,34.44189332999569,34.44189332999569,69.30059661,69.30059661,69.30059661,69.30059661,69.30059661,69.30059661,83.29037731,83.29037731,83.29037731,83.29037731,83.29037731,83.29037731
12.55668122,12.21546705,15.01342319,12.55668122,12.21546705,15.01342319,39.99999999999999,39.99999999999999,39.99999999999999,39.99999999999999,39.99999999999999,39.99999999999999,25.155834412182788,24.519534552066535,29.73719330432003,18.990534329775326,18.536411180262938,26.917567766412517,-12.26,-12.259999999999938,6.8295373631751,34.441893329995736,34.441893329995736,34.441893329995736,34.441893329995736,34.441893329995736,34.441893329995736,69.30059661,69.30059661,69.30059661,69.30059661,69.30059661,69.30059661,83.29037731,83.29037731,83.29037731,83.29037731,83.29037731,83.29037731
12.55668122,12.21546705,15.01342319,12.55668122,12.21546705,15.01342319,39.99999999999999,39.99999999999999,39.99999999999999,39.99999999999999,39.99999999999999,39.99999999999999,25.155834412182788,24.519534552066535,29.73719330432003,18.990534329775326,18.536411180262938,22.260220934395736,-12.26,-12.259999999999938,86.64478209164692,34.441893329995736,34.441893329995736,34.441893329995736,34.441893329995736,34.441893329995736,34.441893329995736,69.30059661,69.30059661,69.30059661,69.30059661,69.30059661,69.30059661,83.29037731,83.29037731,83.29037731,83.29037731,83.29037731,83.29037731
12.55668122,12.21546705,15.01342319,12.55668122,12.21546705,15.01342319,39.99999999999999,39.99999999999999,39.99999999999999,39.99999999999999,39.99999999999999,39.99999999999999,0.37903526260596865,24.519534552066535,29.73719330432003,19.238302321271092,18.536411180262938,26.917567766412517,-12.26,-12.259999999999938,21.91587893884878,83.87044139,83.87044139,83.87044139,83.87044139,83.87044139,83.87044139,69.30059661,69.30059661,69.30059661,69.30059661,69.30059661,69.30059661,83.29037731,83.29037731,83.29037731,83.29037731,83.29037731,83.29037731
12.55668122,12.21546705,15.01342319,12.55668122,12.21546705,15.01342319,39.99999999999999,39.99999999999999,39.99999999999999,39.99999999999999,39.99999999999999,39.99999999999999,0.37903526260596865,24.519534552066535,29.73719330432003,19.24967337914927,18.536411180262938,27.80968356554212,-12.26,-12.259999999999938,-5.9986697168206575,83.87044139,83.87044139,83.87044139,83.87044139,83.87044139,83.87044139,69.30059661,69.30059661,69.30059661,69.30059661,69.30059661,69.30059661,83.29037731,83.29037731,83.29037731,83.29037731,83.29037731,83.29037731
12.55668122,12.21546705,15.01342319,12.55668122,12.21546705,15.01342319,39.99999999999999,39.99999999999999,39.99999999999999,39.99999999999999,39.99999999999999,39.99999999999999,0.37903526260596865,24.519534552066535,29.73719330432003,19.238302321271092,18.536411180262938,26.917567766412517,-12.26,-12.259999999999938,-5.620136339721734,34.441893329995736,34.441893329995736,34.441893329995736,34.441893329995736,34.441893329995736,34.441893329995736,69.30059661,69.30059661,69.30059661,69.30059661,69.30059661,69.30059661,83.29037731,83.29037731,83.29037731,83.29037731,83.29037731,83.29037731
12.55668122,12.21546705,15.01342319,12.55668122,12.21546705,15.01342319,39.99999999999999,39.99999999999999,39.99999999999999,39.99999999999999,39.99999999999999,39.99999999999999,0.37903526260596865,24.519534552066535,29.73719330432003,19.238302321271092,18.536411180262938,27.80968356554212,-12.26,-12.259999999999938,17.903465585411965,83.87044139,83.87044139,83.87044139,83.87044139,83.87044139,83.87044139,69.30059661,69.30059661,69.30059661,69.30059661,69.30059661,69.30059661,83.29037731,83.29037731,83.29037731,83.29037731,83.29037731,83.29037731
12.55668122,12.21546705,15.01342319,12.55668122,12.21546705,15.01342319,39.99999999999999,39.99999999999999,39.99999999999999,39.99999999999999,39.99999999999999,39.99999999999999,0.37903526260596865,24.519534552066535,29.73719330432003,19.853296924843868,18.536411180262938,26.917567766412517,-12.26,-12.259999999999938,-8.510559720657392,83.87044139,83.87044139,83.87044139,83.87044139,83.87044139,83.87044139,69.30059661,69.30059661,69.30059661,69.30059661,69.30059661,69.30059661,83.29037731,83.29037731,83.29037731,83.29037731,83.29037731,83.29037731
12.55668122,12.21546705,15.01342319,12.55668122,12.21546705,15.01342319,39.99999999999999,39.99999999999999,39.99999999999999,39.99999999999999,39.99999999999999,39.99999999999999,0.3904063204841477,24.519534552066535,29.73719330432003,19.853296924843868,18.536411180262938,27.80968356554212,-12.26,-12.259999999999938,-12.126006183814587,34.441893329995736,34.441893329995736,34.441893329995736,34.441893329995736,34.441893329995736,34.441893329995736,69.30059661,69.30059661,69.30059661,69.30059661,69.30059661,69.30059661,83.29037731,83.29037731,83.29037731,83.29037731,83.29037731,83.29037731
12.55668122,12.21546705,15.01342319,12.55668122,12.21546705,15.01342319,39.99999999999999,39.99999999999999,39.99999999999999,39.99999999999999,39.99999999999999,39.99999999999999,0.41693878886656555,24.519534552066535,29.73719330432003,19.841925866965685,18.536411180262938,26.917567766412517,-12.26,-12.259999999999938,21.233180109353686,34.441893329995736,34.441893329995736,34.441893329995736,34.441893329995736,34.441893329995736,34.441893329995736,69.30059661,69.30059661,69.30059661,69.30059661,69.30059661,69.30059661,83.29037731,83.29037731,83.29037731,83.29037731,83.29037731,83.29037731
12.55668122,12.21546705,15.01342319,12.55668122,12.21546705,15.01342319,39.99999999999999,39.99999999999999,39.99999999999999,39.99999999999999,39.99999999999999,39.99999999999999,0.4396809046229237,24.519534552066535,29.73719330432003,18.584192307672595,18.536411180262938,22.260220934395736,-12.26,-12.259999999999938,10.918864216356276,83.87044139,83.87044139,83.87044139,83.87044139,83.87044139,83.87044139,69.30059661,69.30059661,69.30059661,69.30059661,69.30059661,69.30059661,83.29037731,83.29037731,83.29037731,83.29037731,83.29037731,83.29037731
12.55668122,12.21546705,15.01342319,12.55668122,12.21546705,15.01342319,39.99999999999999,39.99999999999999,39.99999999999999,39.99999999999999,39.99999999999999,39.99999999999999,21.27610944837133,24.519534552066535,29.73719330432003,20.19738745014334,19.323120592920766,27.80968356554212,-12.26,-12.259999999999938,17.903465585411965,83.87044139,83.87044139,83.87044139,83.87044139,83.87044139,83.87044139,69.30059661,69.30059661,69.30059661,69.30059661,69.30059661,69.30059661,83.29037731,83.29037731,83.29037731,83.29037731,83.29037731,83.29037731
12.55668122,12.21546705,15.01342319,12.55668122,12.21546705,15.01342319,39.99999999999999,39.99999999999999,39.99999999999999,39.99999999999999,39.99999999999999,39.99999999999999,31.193234671106655,26.456018622087512,29.73719330432003,19.594157875469918,18.568169715658563,27.80968356554212,-12.26,-12.259999999999938,-12.52297307409423,34.60674356478553,34.60674356478553,34.60674356478553,34.60674356478553,34.60674356478553,34.60674356478553,69.30059661,69.30059661,69.30059661,69.30059661,69.30059661,69.30059661,83.29037731,83.29037731,83.29037731,83.29037731,83.29037731,83.29037731
12.55668122,12.21546705,15.01342319,12.55668122,12.21546705,15.01342319,39.99999999999999,39.99999999999999,39.99999999999999,39.99999999999999,39.99999999999999,39.99999999999999,31.696351359350313,113.26870158047922,50.74503963010069,27.880847776162103,32.18724133786276,26.707489303154713,-12.26,-12.259999999999938,12.21330098308254,83.87044139,83.87044139,83.87044139,83.87044139,83.87044139,83.87044139,69.30059661,69.30059661,69.30059661,69.30059661,69.30059661,69.30059661,83.29037731,83.29037731,83.29037731,83.29037731,83.29037731,83.29037731
12.55668122,12.21546705,15.01342319,12.55668122,12.21546705,15.01342319,39.99999999999999,39.99999999999999,39.99999999999999,39.99999999999999,39.99999999999999,39.99999999999999,31.696351359350313,168.22401848666595,50.74503963010069,27.880847776162103,33.2863476759865,26.707489303154713,-12.26,-12.259999999999938,25.820484876667102,34.441893329995736,34.441893329995736,34.441893329995736,34.441893329995736,34.441893329995736,34.441893329995736,69.30059661,69.30059661,69.30059661,69.30059661,69.30059661,69.30059661,83.29037731,83.29037731,83.29037731,83.29037731,83.29037731,83.29037731
12.55668122,12.21546705,15.01342319,12.55668122,12.21546705,15.01342319,39.99999999999999,39.99999999999999,39.99999999999999,39.99999999999999,39.99999999999999,39.99999999999999,37.23947214188506,538.7435666443143,50.74503963010069,27.983250960144222,40.69673863913946,28.22984049205773,-12.26,-12.259999999999938,17.909677153686385,83.87044139,83.87044139,83.87044139,83.87044139,83.87044139,83.87044139,69.30059661,69.30059661,69.30059661,69.30059661,69.30059661,69.30059661,83.29037731,83.29037731,83.29037731,83.29037731,83.29037731,83.29037731
12.55668122,12.21546705,15.01342319,12.55668122,12.21546705,15.01342319,39.99999999999999,39.99999999999999,39.99999999999999,39.99999999999999,39.99999999999999,39.99999999999999,188.74882211528268,168.22401848666595,50.74503963010069,30.57686366614358,20.893179309781882,26.707489303154713,-12.26,-12.259999999999938,9.72815102044412,34.441893329995736,34.441893329995736,34.441893329995736,34.441893329995736,34.441893329995736,34.441893329995736,69.30059661,69.30059661,69.30059661,69.30059661,69.30059661,69.30059661,83.29037731,83.29037731,83.29037731,83.29037731,83.29037731,83.29037731
12.55668122,12.21546705,15.01342319,12.55668122,12.21546705,15.01342319,39.99999999999999,39.99999999999999,39.99999999999999,39.99999999999999,39.99999999999999,39.99999999999999,34.211872780756195,168.22401848666595,50.74503963010069,19.074505460585744,20.893179309781882,28.22984049205773,-12.26,-12.259999999999938,-1480.408538913599,83.87044139,83.87044139,83.87044139,83.87044139,83.87044139,83.87044139,69.30059661,69.30059661,69.30059661,69.30059661,69.30059661,69.30059661,83.29037731,83.29037731,83.29037731,83.29037731,83.29037731,83.29037731
12.55668122,12.21546705,15.01342319,12.55668122,12.21546705,15.01342319,39.99999999999999,39.99999999999999,39.99999999999999,39.99999999999999,39.99999999999999,39.99999999999999,32.69807310019176,168.22401848666595,50.74503963010069,27.074971151805563,20.893179309781882,26.707489303154713,-12.26,-12.259999999999938,-83.60721637792628,79.16740529357143,79.16740529357143,79.16740529357143,79.16740529357143,79.16740529357143,79.16740529357143,69.30059661,69.30059661,69.30059661,69.30059661,69.30059661,69.30059661,83.29037731,83.29037731,83.29037731,83.29037731,83.29037731,83.29037731
12.55668122,12.21546705,15.01342319,12.55668122,12.21546705,15.01342319,39.99999999999999,39.99999999999999,39.99999999999999,39.99999999999999,39.99999999999999,39.99999999999999,30.275993611288666,168.22401848666595,50.74503963010069,27.983250960144222,20.893179309781882,28.22984049205773,-12.26,-12.259999999999938,-91.10961309231952,83.87044139,83.87044139,83.87044139,83.87044139,83.87044139,83.87044139,69.30059661,69.30059661,69.30059661,69.30059661,69.30059661,69.30059661,83.29037731,83.29037731,83.29037731,83.29037731,83.29037731,83.29037731
12.55668122,12.21546705,15.01342319,12.55668122,12.21546705,15.01342319,39.99999999999999,39.99999999999999,39.99999999999999,39.99999999999999,39.99999999999999,39.99999999999999,30.275993611288666,53.2681525260274,50.74503963010069,19.074505460585744,19.007891434418276,28.22984049205773,-12.26,-12.259999999999938,8.629773146879423,34.441893329995736,34.441893329995736,34.441893329995736,34.441893329995736,34.441893329995736,34.441893329995736,69.30059661,69.30059661,69.30059661,69.30059661,69.30059661,69.30059661,83.29037731,83.29037731,83.29037731,83.29037731,83.29037731,83.29037731
12.55668122,12.21546705,15.01342319,12.55668122,12.21546705,15.01342319,39.99999999999999,39.99999999999999,39.99999999999999,39.99999999999999,39.99999999999999,39.99999999999999,25.155834412182788,27.914134149657492,32.42858984526773,27.880847776162103,18.592082958380324,27.86351149636107,-12.26,-12.259999999999938,18.890605523853893,83.87044139,83.87044139,83.87044139,83.87044139,83.87044139,83.87044139,69.30059661,69.30059661,69.30059661,69.30059661,69.30059661,69.30059661,83.29037731,83.29037731,83.29037731,83.29037731,83.29037731,83.29037731
12.55668122,12.21546705,15.01342319,12.55668122,12.21546705,15.01342319,39.99999999999999,39.99999999999999,39.99999999999999,39.99999999999999,39.99999999999999,39.99999999999999,25.155834412182788,26.456018622087512,29.73719330432003,27.880847776162103,18.65808608456287,27.80968356554212,-12.26,-12.259999999999938,-112.83238891153157,83.87044139,83.87044139,83.87044139,83.87044139,83.87044139,83.87044139,69.30059661,69.30059661,69.30059661,69.30059661,69.30059661,69.30059661,83.29037731,83.29037731,83.29037731,83.29037731,83.29037731,83.29037731
12.55668122,12.21546705,15.01342319,12.55668122,12.21546705,15.01342319,39.99999999999999,39.99999999999999,39.99999999999999,39.99999999999999,39.99999999999999,39.99999999999999,25.155834412182788,24.519534552066535,29.73719330432003,27.880847776162103,18.67745092526308,27.80968356554212,-12.26,-12.259999999999938,-4.4223696954391185,83.87044139,83.87044139,83.87044139,83.87044139,83.87044139,83.87044139,69.30059661,69.30059661,69.30059661,69.30059661,69.30059661,69.30059661,83.29037731,83.29037731,83.29037731,83.29037731,83.29037731,83.29037731
12.55668122,12.21546705,15.01342319,12.55668122,12.21546705,15.01342319,39.99999999999999,39.99999999999999,39.99999999999999,39.99999999999999,39.99999999999999,39.99999999999999,25.155834412182788,24.519534552066535,29.73719330432003,27.880847776162103,18.536411180262938,27.80968356554212,-12.26,-12.259999999999938,3.124909665080377,34.441893329995736,34.441893329995736,34.441893329995736,34.441893329995736,34.441893329995736,34.441893329995736,69.30059661,69.30059661,69.30059661,69.30059661,69.30059661,69.30059661,83.29037731,83.29037731,83.29037731,83.29037731,83.29037731,83.29037731
12.55668122,12.21546705,15.01342319,12.55668122,12.21546705,15.01342319,39.99999999999999,39.99999999999999,39.99999999999999,39.99999999999999,39.99999999999999,39.99999999999999,25.155834412182788,24.519534552066535,29.73719330432003,27.12617274379662,18.536411180262938,27.80968356554212,-12.26,-12.259999999999938,-44.568147034200294,49.35199194740899,49.35199194740899,49.35199194740899,49.35199194740899,49.35199194740899,49.35199194740899,69.30059661,69.30059661,69.30059661,69.30059661,69.30059661,69.30059661,83.29037731,83.29037731,83.29037731,83.29037731,83.29037731,83.29037731
12.55668122,12.21546705,15.01342319,12.55668122,12.21546705,15.01342319,39.99999999999999,39.99999999999999,39.99999999999999,39.99999999999999,39.99999999999999,39.99999999999999,25.155834412182788,24.519534552066535,29.73719330432003,27.880847776162103,19.413036961825078,27.80968356554212,-12.26,-12.259999999999938,4.296281691827409,34.441893329995736,34.441893329995736,34.441893329995736,34.441893329995736,34.441893329995736,34.441893329995736,69.30059661,69.30059661,69.30059661,69.30059661,69.30059661,69.30059661,83.29037731,83.29037731,83.29037731,83.29037731,83.29037731,83.29037731
12.55668122,12.21546705,15.01342319,12.55668122,12.21546705,15.01342319,39.99999999999999,39.99999999999999,39.99999999999999,39.99999999999999,39.99999999999999,39.99999999999999,21.08379905702566,24.519534552066535,29.73719330432003,27.166893097348193,18.67745092526308,27.80968356554212,-12.26,-12.259999999999938,1.88463340146589,34.441893329995736,34.441893329995736,34.441893329995736,34.441893329995736,34.441893329995736,34.441893329995736,69.30059661,69.30059661,69.30059661,69.30059661,69.30059661,69.30059661,83.29037731,83.29037731,83.29037731,83.29037731,83.29037731,83.29037731
12.55668122,12.21546705,15.01342319,12.55668122,12.21546705,15.01342319,39.99999999999999,39.99999999999999,39.99999999999999,39.99999999999999,39.99999999999999,39.99999999999999,21.08379905702566,24.519534552066535,29.73719330432003,27.799407069058958,25.839758398001806,27.44712805084264,-12.26,-12.259999999999938,4.63046892449843,34.441893329995736,34.441893329995736,34.441893329995736,34.441893329995736,34.441893329995736,34.441893329995736,69.30059661,69.30059661,69.30059661,69.30059661,69.30059661,69.30059661,83.29037731,83.29037731,83.29037731,83.29037731,83.29037731,83.29037731
12.55668122,12.21546705,15.01342319,12.55668122,12.21546705,15.01342319,39.99999999999999,39.99999999999999,39.99999999999999,39.99999999999999,39.99999999999999,39.99999999999999,21.08379905702566,24.519534552066535,29.73719330432003,27.37159563346578,27.517283213148875,24.888518474645796,-12.26,-12.259999999999938,15.25543029592261,83.87044139,83.87044139,83.87044139,83.87044139,83.87044139,83.87044139,69.30059661,69.30059661,69.30059661,69.30059661,69.30059661,69.30059661,83.29037731,83.29037731,83.29037731,83.29037731,83.29037731,83.29037731
12.55668122,12.21546705,15.01342319,12.55668122,12.21546705,15.01342319,39.99999999999999,39.99999999999999,39.99999999999999,39.99999999999999,39.99999999999999,39.99999999999999,21.08379905702566,24.519534552066535,29.73719330432003,27.799407069058958,27.517283213148875,26.917567766412517,-12.26,-12.259999999999915,8.000909389922132,34.44189332999568,34.44189332999568,34.44189332999568,34.44189332999568,34.44189332999568,34.44189332999568,69.30059661,69.30059661,69.30059661,69.30059661,69.30059661,69.30059661,83.29037731,83.29037731,83.29037731,83.29037731,83.29037731,83.29037731
12.55668122,12.21546705,15.01342319,12.55668122,12.21546705,15.01342319,39.99999999999999,39.99999999999999,39.99999999999999,39.99999999999999,39.99999999999999,39.99999999999999,22.137989009876947,24.519534552066535,29.73719330432003,27.67026803464255,26.13843079917856,22.260220934395736,-12.26,-12.259999999999938,21.91587893884878,34.441893329995736,34.441893329995736,34.441893329995736,34.441893329995736,34.441893329995736,34.441893329995736,69.30059661,69.30059661,69.30059661,69.30059661,69.30059661,69.30059661,83.29037731,83.29037731,83.29037731,83.29037731,83.29037731,83.29037731
12.55668122,12.21546705,15.01342319,12.55668122,12.21546705,15.01342319,39.99999999999999,39.99999999999999,39.99999999999999,39.99999999999999,39.99999999999999,39.99999999999999,24.03553092500925,24.519534552066535,29.73719330432003,27.166893097348193,27.376168019009413,26.917567766412517,-12.26,-12.259999999999938,10.847110649221895,34.441893329995736,34.441893329995736,34.441893329995736,34.441893329995736,34.441893329995736,34.441893329995736,69.30059661,69.30059661,69.30059661,69.30059661,69.30059661,69.30059661,83.29037731,83.29037731,83.29037731,83.29037731,83.29037731,83.29037731
12.55668122,12.21546705,15.01342319,12.55668122,12.21546705,15.01342319,39.99999999999999,39.99999999999999,39.99999999999999,39.99999999999999,39.99999999999999,39.99999999999999,25.300558868430794,24.519534552066535,29.73719330432003,27.799407069058958,26.781697176586878,26.917567766412517,-12.26,-12.259999999999938,-24.474496360937177,83.87044139,83.87044139,83.87044139,83.87044139,83.87044139,83.87044139,69.30059661,69.30059661,69.30059661,69.30059661,69.30059661,69.30059661,83.29037731,83.29037731,83.29037731,83.29037731,83.29037731,83.29037731
12.55668122,12.21546705,15.01342319,12.55668122,12.21546705,15.01342319,39.99999999999999,39.99999999999999,39.99999999999999,39.99999999999999,39.99999999999999,39.99999999999999,26.565586811852334,27.914134149657492,29.73719330432003,27.166893097348193,27.585175205100693,22.26022093439574,-12.26,-12.259999999999938,21.990678802308608,34.441893329995736,34.441893329995736,34.441893329995736,34.441893329995736,34.441893329995736,34.441893329995736,69.30059661,69.30059661,69.30059661,69.30059661,69.30059661,69.30059661,83.29037731,83.29037731,83.29037731,83.29037731,83.29037731,83.29037731
12.55668122,12.21546705,15.01342319,12.55668122,12.21546705,15.01342319,39.99999999999999,39.99999999999999,39.99999999999999,39.99999999999999,39.99999999999999,39.99999999999999,27.19810078356311,27.914134149657492,37.20519193635146,27.799407069058965,27.585175205100693,49.71579047305359,-12.26,-12.259999999999938,-55.57368487032415,83.87044139,83.87044139,83.87044139,83.87044139,83.87044139,83.87044139,69.30059661,69.30059661,69.30059661,69.30059661,69.30059661,69.30059661,83.29037731,83.29037731,83.29037731,83.29037731,83.29037731,83.29037731
12.55668122,12.21546705,15.01342319,12.55668122,12.21546705,15.01342319,39.99999999999999,39.99999999999999,39.99999999999999,39.99999999999999,39.99999999999999,39.99999999999999,32.95414307995945,28.9692043384529,262.71381339610997,27.880847776162103,27.310478167630812,54.22596290224876,-12.26,-12.259999999999915,-119.0736940734164,83.87044139,83.87044139,83.87044139,83.87044139,83.87044139,83.87044139,69.30059661,69.30059661,69.30059661,69.30059661,69.30059661,69.30059661,83.29037731,83.29037731,83.29037731,83.29037731,83.29037731,83.29037731
12.55668122,12.21546705,15.01342319,12.55668122,12.21546705,15.01342319,39.99999999999999,39.99999999999999,39.99999999999999,39.99999999999999,39.99999999999999,39.99999999999999,33.205701424081276,28.9692043384529,262.71381339610997,27.880847776162103,26.737200478723015,54.22596290224876,-12.26,-12.259999999999938,-70.14748336059394,83.87044139,83.87044139,83.87044139,83.87044139,83.87044139,83.87044139,69.30059661,69.30059661,69.30059661,69.30059661,69.30059661,69.30059661,83.29037731,83.29037731,83.29037731,83.29037731,83.29037731,83.29037731
12.55668122,12.21546705,15.01342319,12.55668122,12.21546705,15.01342319,39.99999999999999,39.99999999999999,39.99999999999999,39.99999999999999,39.99999999999999,39.99999999999999,36.084617202565,28.9692043384529,262.71381339610997,27.102275994769098,27.606276608876602,54.22596290224876,-12.26,-12.259999999999895,-89.27983076848112,83.87044139,83.87044139,83.87044139,83.87044139,83.87044139,83.87044139,69.30059661,69.30059661,69.30059661,69.30059661,69.30059661,69.30059661,83.29037731,83.29037731,83.29037731,83.29037731,83.29037731,83.29037731
12.55668122,12.21546705,15.01342319,12.55668122,12.21546705,15.01342319,39.99999999999999,39.99999999999999,39.99999999999999,39.99999999999999,39.99999999999999,39.99999999999999,105.17441302547434,78.74456998142348,689.2799675687128,23.117904547325388,26.239446822293306,62.75728598570081,-12.26,-12.259999999999938,-231.97223022753823,83.87044139,83.87044139,83.87044139,83.87044139,83.87044139,83.87044139,69.30059661,69.30059661,69.30059661,69.30059661,69.30059661,69.30059661,83.29037731,83.29037731,83.29037731,83.29037731,83.29037731,83.29037731
12.55668122,12.21546705,15.01342319,12.55668122,12.21546705,15.01342319,39.99999999999999,39.99999999999999,39.99999999999999,39.99999999999999,39.99999999999999,39.99999999999999,101.86183308766411,29.17259386112165,262.71381339610997,26.54958610346589,27.610344399329993,54.22596290224876,-12.26,-12.259999999999938,-91.10961309231952,83.87044139,83.87044139,83.87044139,83.87044139,83.87044139,83.87044139,69.30059661,69.30059661,69.30059661,69.30059661,69.30059661,69.30059661,83.29037731,83.29037731,83.29037731,83.29037731,83.29037731,83.29037731
12.55668122,12.21546705,15.01342319,12.55668122,12.21546705,15.01342319,39.99999999999999,39.99999999999999,39.99999999999999,39.99999999999999,39.99999999999999,39.99999999999999,97.72110816540133,28.9692043384529,262.71381339610997,26.54958610346589,18.750425961617626,54.22596290224876,-12.26,-12.259999999999938,-192.86450533383444,83.87044139,83.87044139,83.87044139,83.87044139,83.87044139,83.87044139,69.30059661,69.30059661,69.30059661,69.30059661,69.30059661,69.30059661,83.29037731,83.29037731,83.29037731,83.29037731,83.29037731,83.29037731
12.55668122,12.21546705,15.01342319,12.55668122,12.21546705,15.01342319,39.99999999999999,39.99999999999999,39.99999999999999,39.99999999999999,39.99999999999999,39.99999999999999,93.58038324313857,28.9692043384529,262.71381339610997,26.54958610346589,27.307604207699836,41.204534876767816,-12.26,-12.259999999999938,64.06542596253955,34.441893329995736,34.441893329995736,34.441893329995736,34.441893329995736,34.441893329995736,34.441893329995736,69.30059661,69.30059661,69.30059661,69.30059661,69.30059661,69.30059661,83.29037731,83.29037731,83.29037731,83.29037731,83.29037731,83.29037731
12.55668122,12.21546705,15.01342319,12.55668122,12.21546705,15.01342319,39.99999999999999,39.99999999999999,39.99999999999999,39.99999999999999,39.99999999999999,39.99999999999999,86.95522336751813,28.9692043384529,262.71381339610997,30.106765237647135,27.215858408028815,33.70651027344148,-12.26,-12.259999999999938,-91.10961309231952,83.87044139,83.87044139,83.87044139,83.87044139,83.87044139,83.87044139,69.30059661,69.30059661,69.30059661,69.30059661,69.30059661,69.30059661,83.29037731,83.29037731,83.29037731,83.29037731,83.29037731,83.29037731
12.55668122,12.21546705,15.01342319,12.55668122,12.21546705,15.01342319,39.99999999999999,39.99999999999999,39.99999999999999,39.99999999999999,39.99999999999999,39.99999999999999,82.81449844525537,24.519534552066535,39.65191731824271,30.106765237647135,27.51728321314889,28.92432544865226,-12.26,-12.259999999999938,-7.085497855408303,34.441893329995736,34.441893329995736,34.441893329995736,34.441893329995736,34.441893329995736,34.441893329995736,69.30059661,69.30059661,69.30059661,69.30059661,69.30059661,69.30059661,83.29037731,83.29037731,83.29037731,83.29037731,83.29037731,83.29037731
12.55668122,12.21546705,15.01342319,12.55668122,12.21546705,15.01342319,39.99999999999999,39.99999999999999,39.99999999999999,39.99999999999999,39.99999999999999,39.99999999999999,29.100913880009717,24.519534552066535,29.73719330432003,28.08371567596832,26.781697176586892,25.567871735678686,-12.26,-12.259999999999938,19.83833393662682,34.441893329995736,34.441893329995736,34.441893329995736,34.441893329995736,34.441893329995736,34.441893329995736,69.30059661,69.30059661,69.30059661,69.30059661,69.30059661,69.30059661,83.29037731,83.29037731,83.29037731,83.29037731,83.29037731,83.29037731
12.55668122,12.21546705,15.01342319,12.55668122,12.21546705,15.01342319,39.99999999999999,39.99999999999999,39.99999999999999,39.99999999999999,39.99999999999999,39.99999999999999,25.155834412182788,24.519534552066535,29.73719330432003,28.877841503012075,27.51728321314889,25.567871735678686,-12.26,-12.259999999999938,13.605698929961058,34.441893329995736,34.441893329995736,34.441893329995736,34.441893329995736,34.441893329995736,34.441893329995736,69.30059661,69.30059661,69.30059661,69.30059661,69.30059661,69.30059661,83.29037731,83.29037731,83.29037731,83.29037731,83.29037731,83.29037731
12.55668122,12.21546705,15.01342319,12.55668122,12.21546705,15.01342319,39.99999999999999,39.99999999999999,39.99999999999999,39.99999999999999,39.99999999999999,39.99999999999999,25.155834412182788,24.519534552066535,29.73719330432003,27.125026252235394,27.51728321314889,22.98593551946069,-12.26,-12.259999999999938,21.91587893884878,83.87044139,83.87044139,83.87044139,83.87044139,83.87044139,83.87044139,69.30059661,69.30059661,69.30059661,69.30059661,69.30059661,69.30059661,83.29037731,83.29037731,83.29037731,83.29037731,83.29037731,83.29037731
12.55668122,12.21546705,15.01342319,12.55668122,12.21546705,15.01342319,39.99999999999999,39.99999999999999,39.99999999999999,39.99999999999999,39.99999999999999,39.99999999999999,25.155834412182788,24.519534552066535,29.73719330432003,27.879701284600877,27.07733584318461,29.91558848792109,-12.26,-12.259999999999938,-5.620136339721734,34.441893329995736,34.441893329995736,34.441893329995736,34.441893329995736,34.441893329995736,34.441893329995736,69.30059661,69.30059661,69.30059661,69.30059661,69.30059661,69.30059661,83.29037731,83.29037731,83.29037731,83.29037731,83.29037731,83.29037731
12.55668122,12.21546705,15.01342319,12.55668122,12.21546705,15.01342319,39.99999999999999,39.99999999999999,39.99999999999999,39.99999999999999,39.99999999999999,39.99999999999999,25.155834412182788,24.519534552066535,29.73719330432003,25.81320339389495,27.51728321314889,29.91558848792109,-12.26,-12.259999999999938,-4.448764312974701,34.441893329995736,34.441893329995736,34.441893329995736,34.441893329995736,34.441893329995736,34.441893329995736,69.30059661,69.30059661,69.30059661,69.30059661,69.30059661,69.30059661,83.29037731,83.29037731,83.29037731,83.29037731,83.29037731,83.29037731
12.55668122,12.21546705,15.01342319,12.55668122,12.21546705,15.01342319,39.99999999999999,39.99999999999999,39.99999999999999,39.99999999999999,39.99999999999999,39.99999999999999,25.155834412182788,24.519534552066535,29.73719330432003,25.81320339389495,27.51728321314889,29.91558848792109,-12.26,-12.259999999999938,-5.620136339721734,34.441893329995736,34.441893329995736,34.441893329995736,34.441893329995736,34.441893329995736,34.441893329995736,69.30059661,69.30059661,69.30059661,69.30059661,69.30059661,69.30059661,83.29037731,83.29037731,83.29037731,83.29037731,83.29037731,83.29037731
12.55668122,12.21546705,15.01342319,12.55668122,12.21546705,15.01342319,39.99999999999999,39.99999999999999,39.99999999999999,39.99999999999999,39.99999999999999,39.99999999999999,25.155834412182788,24.519534552066535,29.73719330432003,25.81320339389495,27.376168019009413,29.023472688791493,-12.26,-12.259999999999938,-1.9155086416270106,83.87044139,83.87044139,83.87044139,83.87044139,83.87044139,83.87044139,69.30059661,69.30059661,69.30059661,69.30059661,69.30059661,69.30059661,83.29037731,83.29037731,83.29037731,83.29037731,83.29037731,83.29037731
12.55668122,12.21546705,15.01342319,12.55668122,12.21546705,15.01342319,39.99999999999999,39.99999999999999,39.99999999999999,39.99999999999999,39.99999999999999,39.99999999999999,25.155834412182788,24.519534552066535,29.73719330432003,25.81320339389495,27.376168019009413,29.91558848792109,-12.26,-12.259999999999938,-45.570968522227325,55.32357865416359,55.32357865416359,55.32357865416359,55.32357865416359,55.32357865416359,55.32357865416359,69.30059661,69.30059661,69.30059661,69.30059661,69.30059661,69.30059661,83.29037731,83.29037731,83.29037731,83.29037731,83.29037731,83.29037731
12.55668122,12.21546705,15.01342319,12.55668122,12.21546705,15.01342319,39.99999999999999,39.99999999999999,39.99999999999999,39.99999999999999,39.99999999999999,39.99999999999999,25.155834412182788,24.519534552066535,29.73719330432003,28.102334768453765,22.225546529233174,29.91558848792109,-12.26,-12.259999999999938,-4.448764312974714,83.87044139,83.87044139,83.87044139,83.87044139,83.87044139,83.87044139,69.30059661,69.30059661,69.30059661,69.30059661,69.30059661,69.30059661,83.29037731,83.29037731,83.29037731,83.29037731,83.29037731,83.29037731
12.55668122,12.21546705,15.01342319,12.55668122,12.21546705,15.01342319,39.99999999999999,39.99999999999999,39.99999999999999,39.99999999999999,39.99999999999999,39.99999999999999,25.155834412182788,24.519534552066535,29.73719330432003,27.880847776162103,26.781697176586892,23.26659527661399,-12.26,-12.259999999999938,21.990678802308608,83.87044139,83.87044139,83.87044139,83.87044139,83.87044139,83.87044139,69.30059661,69.30059661,69.30059661,69.30059661,69.30059661,69.30059661,83.29037731,83.29037731,83.29037731,83.29037731,83.29037731,83.29037731
12.55668122,12.21546705,15.01342319,12.55668122,12.21546705,15.01342319,39.99999999999999,39.99999999999999,39.99999999999999,39.99999999999999,39.99999999999999,39.99999999999999,25.91050944454827,24.519534552066535,29.73719330432003,27.880847776162103,27.51728321314889,29.61691608674432,-12.26,-12.259999999999938,-5.620136339721734,34.441893329995736,34.441893329995736,34.441893329995736,34.441893329995736,34.441893329995736,34.441893329995736,69.30059661,69.30059661,69.30059661,69.30059661,69.30059661,69.30059661,83.29037731,83.29037731,83.29037731,83.29037731,83.29037731,83.29037731
12.55668122,12.21546705,15.01342319,12.55668122,12.21546705,15.01342319,39.99999999999999,39.99999999999999,39.99999999999999,39.99999999999999,39.99999999999999,39.99999999999999,28.17453454164472,24.519534552066535,29.73719330432003,28.102334768453765,27.51728321314889,29.91558848792109,-12.26,-12.259999999999938,-5.620136339721734,83.87044139,83.87044139,83.87044139,83.87044139,83.87044139,83.87044139,69.30059661,69.30059661,69.30059661,69.30059661,69.30059661,69.30059661,83.29037731,83.29037731,83.29037731,83.29037731,83.29037731,83.29037731
12.55668122,12.21546705,15.01342319,12.55668122,12.21546705,15.01342319,39.99999999999999,39.99999999999999,39.99999999999999,39.99999999999999,39.99999999999999,39.99999999999999,29.68388460637569,24.519534552066535,29.73719330432003,27.347659736088286,27.376168019009413,29.91558848792109,-12.26,-12.259999999999938,-4.448764312974701,83.87044139,83.87044139,83.87044139,83.87044139,83.87044139,83.87044139,69.30059661,69.30059661,69.30059661,69.30059661,69.30059661,69.30059661,83.29037731,83.29037731,83.29037731,83.29037731,83.29037731,83.29037731
12.55668122,12.21546705,15.01342319,12.55668122,12.21546705,15.01342319,39.99999999999999,39.99999999999999,39.99999999999999,39.99999999999999,39.99999999999999,39.99999999999999,30.94167632698483,24.519534552066535,29.73719330432003,27.347659736088286,27.376168019009413,29.91558848792109,-12.26,-12.259999999999938,-6.860412603336233,34.441893329995736,34.441893329995736,34.441893329995736,34.441893329995736,34.441893329995736,34.441893329995736,69.30059661,69.30059661,69.30059661,69.30059661,69.30059661,69.30059661,83.29037731,83.29037731,83.29037731,83.29037731,83.29037731,83.29037731
12.55668122,12.21546705,15.01342319,12.55668122,12.21546705,15.01342319,39.99999999999999,39.99999999999999,39.99999999999999,39.99999999999999,39.99999999999999,39.99999999999999,31.947909703472142,24.519534552066535,29.73719330432003,28.218713934090744,27.376168019009413,29.91558848792109,-12.26,-12.259999999999938,-4.448764312974701,83.87044139,83.87044139,83.87044139,83.87044139,83.87044139,83.87044139,69.30059661,69.30059661,69.30059661,69.30059661,69.30059661,69.30059661,83.29037731,83.29037731,83.29037731,83.29037731,83.29037731,83.29037731
12.55668122,12.21546705,15.01342319,12.55668122,12.21546705,15.01342319,39.99999999999999,39.99999999999999,39.99999999999999,39.99999999999999,39.99999999999999,39.99999999999999,32.4510263917158,24.519534552066535,29.73719330432003,28.218713934090744,27.51728321314889,23.284607920637455,-12.26,-12.259999999999938,21.91587893884878,34.441893329995736,34.441893329995736,34.441893329995736,34.441893329995736,34.441893329995736,34.441893329995736,69.30059661,69.30059661,69.30059661,69.30059661,69.30059661,69.30059661,83.29037731,83.29037731,83.29037731,83.29037731,83.29037731,83.29037731
12.55668122,12.21546705,15.01342319,12.55668122,12.21546705,15.01342319,39.99999999999999,39.99999999999999,39.99999999999999,39.99999999999999,39.99999999999999,39.99999999999999,32.702584735837625,24.519534552066535,29.73719330432003,28.218713934090744,26.781697176586892,29.023472688791493,-12.26,-12.259999999999938,12.444282269598231,83.87044139,83.87044139,83.87044139,83.87044139,83.87044139,83.87044139,69.30059661,69.30059661,69.30059661,69.30059661,69.30059661,69.30059661,83.29037731,83.29037731,83.29037731,83.29037731,83.29037731,83.29037731
12.55668122,12.21546705,15.01342319,12.55668122,12.21546705,15.01342319,39.99999999999999,39.99999999999999,39.99999999999999,39.99999999999999,39.99999999999999,39.99999999999999,32.4510263917158,28.9692043384529,35.1337350003781,27.46403890172526,27.60627660887661,30.02351932184225,-12.26,-12.259999999999938,-4.909438704303722,34.44189332999569,34.44189332999569,34.44189332999569,34.44189332999569,34.44189332999569,34.44189332999569,69.30059661,69.30059661,69.30059661,69.30059661,69.30059661,69.30059661,83.29037731,83.29037731,83.29037731,83.29037731,83.29037731,83.29037731
12.55668122,12.21546705,15.01342319,12.55668122,12.21546705,15.01342319,39.99999999999999,39.99999999999999,39.99999999999999,39.99999999999999,39.99999999999999,39.99999999999999,83.51402409557882,28.9692043384529,35.1337350003781,27.052787530802814,26.73720047872303,30.02351932184225,-12.26,-12.259999999999938,11.679882710744437,34.44189332999569,34.44189332999569,34.44189332999569,34.44189332999569,34.44189332999569,34.44189332999569,69.30059661,69.30059661,69.30059661,69.30059661,69.30059661,69.30059661,83.29037731,83.29037731,83.29037731,83.29037731,83.29037731,83.29037731
12.55668122,12.21546705,15.01342319,12.55668122,12.21546705,15.01342319,39.99999999999999,39.99999999999999,39.99999999999999,39.99999999999999,39.99999999999999,39.99999999999999,80.8627852354017,28.9692043384529,35.1337350003781,29.04121667593564,18.609386216617484,28.969507271830906,-12.26,-12.259999999999938,6.130554113515706,34.441893329995736,34.441893329995736,34.441893329995736,34.441893329995736,34.441893329995736,34.441893329995736,69.30059661,69.30059661,69.30059661,69.30059661,69.30059661,69.30059661,83.29037731,83.29037731,83.29037731,83.29037731,83.29037731,83.29037731
12.55668122,12.21546705,15.01342319,12.55668122,12.21546705,15.01342319,39.99999999999999,39.99999999999999,39.99999999999999,39.99999999999999,39.99999999999999,39.99999999999999,78.21154637522461,28.9692043384529,35.1337350003781,29.04121667593564,27.606276608876602,28.969507271830906,-12.26,-12.259999999999938,-0.5325156205434095,34.441893329995736,34.441893329995736,34.441893329995736,34.441893329995736,34.441893329995736,34.441893329995736,69.30059661,69.30059661,69.30059661,69.30059661,69.30059661,69.30059661,83.29037731,83.29037731,83.29037731,83.29037731,83.29037731,83.29037731
12.55668122,12.21546705,15.01342319,12.55668122,12.21546705,15.01342319,39.99999999999999,39.99999999999999,39.99999999999999,39.99999999999999,39.99999999999999,39.99999999999999,74.89749780000324,28.9692043384529,35.1337350003781,29.04121667593564,26.73720047872303,28.969507271830906,-12.26,-12.259999999999938,6.402935174859027,34.44189332999569,34.44189332999569,34.44189332999569,34.44189332999569,34.44189332999569,34.44189332999569,69.30059661,69.30059661,69.30059661,69.30059661,69.30059661,69.30059661,83.29037731,83.29037731,83.29037731,83.29037731,83.29037731,83.29037731
12.55668122,12.21546705,15.01342319,12.55668122,12.21546705,15.01342319,39.99999999999999,39.99999999999999,39.99999999999999,39.99999999999999,39.99999999999999,39.99999999999999,70.25782979469331,28.9692043384529,35.1337350003781,29.04121667593564,26.737200478723032,28.746932673887322,-12.26,-12.259999999999938,16.15281526564254,83.87044139,83.87044139,83.87044139,83.87044139,83.87044139,83.87044139,69.30059661,69.30059661,69.30059661,69.30059661,69.30059661,69.30059661,83.29037731,83.29037731,83.29037731,83.29037731,83.29037731,83.29037731
12.55668122,12.21546705,15.01342319,12.55668122,12.21546705,15.01342319,39.99999999999999,39.99999999999999,39.99999999999999,39.99999999999999,39.99999999999999,39.99999999999999,66.28097150442764,27.914134149657492,35.1337350003781,29.04121667593564,27.551715096447644,30.02351932184225,-12.26,-12.259999999999868,-30.18131539300582,45.67624901623774,45.67624901623774,45.67624901623774,45.67624901623774,45.67624901623774,45.67624901623774,69.30059661,69.30059661,69.30059661,69.30059661,69.30059661,69.30059661,83.29037731,83.29037731,83.29037731,83.29037731,83.29037731,83.29037731
12.55668122,12.21546705,15.01342319,12.55668122,12.21546705,15.01342319,39.99999999999999,39.99999999999999,39.99999999999999,39.99999999999999,39.99999999999999,39.99999999999999,66.28097150442764,24.519534552066535,29.73719330432003,23.06177991518644,27.517283213148893,29.91558848792109,-12.26,-12.259999999999938,8.43186891616141,83.87044139,83.87044139,83.87044139,83.87044139,83.87044139,83.87044139,69.30059661,69.30059661,69.30059661,69.30059661,69.30059661,69.30059661,83.29037731,83.29037731,83.29037731,83.29037731,83.29037731,83.29037731
12.55668122,12.21546705,15.01342319,12.55668122,12.21546705,15.01342319,39.99999999999999,39.99999999999999,39.99999999999999,39.99999999999999,39.99999999999999,39.99999999999999,30.275993611288666,24.519534552066535,29.73719330432003,27.22601650148396,27.376168019009413,29.91558848792109,-12.26,-12.259999999999938,7.08854876427761,41.6955069983643,41.6955069983643,41.6955069983643,41.6955069983643,41.6955069983643,41.6955069983643,69.30059661,69.30059661,69.30059661,69.30059661,69.30059661,69.30059661,83.29037731,83.29037731,83.29037731,83.29037731,83.29037731,83.29037731
12.55668122,12.21546705,15.01342319,12.55668122,12.21546705,15.01342319,39.99999999999999,39.99999999999999,39.99999999999999,39.99999999999999,39.99999999999999,39.99999999999999,25.786831479548738,24.519534552066535,29.73719330432003,28.044513067187825,27.226751931097034,29.91558848792109,-12.26,-12.259999999999938,-5.620136339721734,34.441893329995736,34.441893329995736,34.441893329995736,34.441893329995736,34.441893329995736,34.441893329995736,69.30059661,69.30059661,69.30059661,69.30059661,69.30059661,69.30059661,83.29037731,83.29037731,83.29037731,83.29037731,83.29037731,83.29037731
12.55668122,12.21546705,15.01342319,12.55668122,12.21546705,15.01342319,39.99999999999999,39.99999999999999,39.99999999999999,39.99999999999999,39.99999999999999,39.99999999999999,25.155834412182788,24.519534552066535,29.73719330432003,28.031893125840504,27.517283213148893,29.91558848792109,-12.26,-12.259999999999938,-4.448764312974701,83.87044139,83.87044139,83.87044139,83.87044139,83.87044139,83.87044139,69.30059661,69.30059661,69.30059661,69.30059661,69.30059661,69.30059661,83.29037731,83.29037731,83.29037731,83.29037731,83.29037731,83.29037731
12.55668122,12.21546705,15.01342319,12.55668122,12.21546705,15.01342319,39.99999999999999,39.99999999999999,39.99999999999999,39.99999999999999,39.99999999999999,39.99999999999999,25.155834412182788,24.519534552066535,29.73719330432003,27.880847776162103,27.376168019009413,29.91558848792109,-12.26,-12.259999999999938,-20.498730140068606,83.87044139,83.87044139,83.87044139,83.87044139,83.87044139,83.87044139,69.30059661,69.30059661,69.30059661,69.30059661,69.30059661,69.30059661,83.29037731,83.29037731,83.29037731,83.29037731,83.29037731,83.29037731
12.55668122,12.21546705,15.01342319,12.55668122,12.21546705,15.01342319,39.99999999999999,39.99999999999999,39.99999999999999,39.99999999999999,39.99999999999999,39.99999999999999,25.155834412182788,24.519534552066535,29.73719330432003,18.990534329775322,26.781697176586896,29.91558848792109,-12.26,-12.259999999999938,8.43186891616141,83.87044139,83.87044139,83.87044139,83.87044139,83.87044139,83.87044139,69.30059661,69.30059661,69.30059661,69.30059661,69.30059661,69.30059661,83.29037731,83.29037731,83.29037731,83.29037731,83.29037731,83.29037731
12.55668122,12.21546705,15.01342319,12.55668122,12.21546705,15.01342319,39.99999999999999,39.99999999999999,39.99999999999999,39.99999999999999,39.99999999999999,39.99999999999999,25.155834412182788,24.519534552066535,29.73719330432003,28.021887521162245,27.517283213148893,22.401260679395875,-12.26,-12.259999999999938,-69.24923256810382,83.87044139,83.87044139,83.87044139,83.87044139,83.87044139,83.87044139,69.30059661,69.30059661,69.30059661,69.30059661,69.30059661,69.30059661,83.29037731,83.29037731,83.29037731,83.29037731,83.29037731,83.29037731
12.55668122,12.21546705,15.01342319,12.55668122,12.21546705,15.01342319,39.99999999999999,39.99999999999999,39.99999999999999,39.99999999999999,39.99999999999999,39.99999999999999,25.155834412182788,24.519534552066535,29.73719330432003,28.021887521162245,26.781697176586896,29.150644237686823,-12.26,-12.259999999999938,-2.4436051543296067,83.87044139,83.87044139,83.87044139,83.87044139,83.87044139,83.87044139,69.30059661,69.30059661,69.30059661,69.30059661,69.30059661,69.30059661,83.29037731,83.29037731,83.29037731,83.29037731,83.29037731,83.29037731
12.55668122,12.21546705,15.01342319,12.55668122,12.21546705,15.01342319,39.99999999999999,39.99999999999999,39.99999999999999,39.99999999999999,39.99999999999999,39.99999999999999,25.155834412182788,24.519534552066535,29.73719330432003,27.880847776162103,27.517283213148893,29.150644237686823,-12.26,-12.259999999999938,-2.4436051543296067,34.441893329995736,34.441893329995736,34.441893329995736,34.441893329995736,34.441893329995736,34.441893329995736,69.30059661,69.30059661,69.30059661,69.30059661,69.30059661,69.30059661,83.29037731,83.29037731,83.29037731,83.29037731,83.29037731,83.29037731
12.55668122,12.21546705,15.01342319,12.55668122,12.21546705,15.01342319,39.99999999999999,39.99999999999999,39.99999999999999,39.99999999999999,39.99999999999999,39.99999999999999,25.155834412182788,24.519534552066535,29.73719330432003,27.582175374985333,26.781697176586896,23.26659527661399,-12.26,-12.259999999999938,21.990678802308608,83.87044139,83.87044139,83.87044139,83.87044139,83.87044139,83.87044139,69.30059661,69.30059661,69.30059661,69.30059661,69.30059661,69.30059661,83.29037731,83.29037731,83.29037731,83.29037731,83.29037731,83.29037731
12.55668122,12.21546705,15.01342319,12.55668122,12.21546705,15.01342319,39.99999999999999,39.99999999999999,39.99999999999999,39.99999999999999,39.99999999999999,39.99999999999999,26.41362613279193,24.519534552066535,29.73719330432003,27.880847776162103,27.517283213148893,28.25852843855722,-12.26,-12.259999999999938,1.2610225437651146,34.441893329995736,34.441893329995736,34.441893329995736,34.441893329995736,34.441893329995736,34.441893329995736,69.30059661,69.30059661,69.30059661,69.30059661,69.30059661,69.30059661,83.29037731,83.29037731,83.29037731,83.29037731,83.29037731,83.29037731
12.55668122,12.21546705,15.01342319,12.55668122,12.21546705,15.01342319,39.99999999999999,39.99999999999999,39.99999999999999,39.99999999999999,39.99999999999999,39.99999999999999,28.426092885766547,24.519534552066535,29.73719330432003,28.02188752116224,26.781697176586896,29.150644237686823,-12.26,-12.259999999999938,-1.2722331275825998,52.50505383321035,52.50505383321035,52.50505383321035,52.50505383321035,52.50505383321035,52.50505383321035,69.30059661,69.30059661,69.30059661,69.30059661,69.30059661,69.30059661,83.29037731,83.29037731,83.29037731,83.29037731,83.29037731,83.29037731
12.55668122,12.21546705,15.01342319,12.55668122,12.21546705,15.01342319,39.99999999999999,39.99999999999999,39.99999999999999,39.99999999999999,39.99999999999999,39.99999999999999,29.935442950497517,24.519534552066535,29.73719330432003,22.945739274830004,27.517283213148893,29.150644237686823,-12.26,-12.259999999999938,-2.4436051543296045,83.87044139,83.87044139,83.87044139,83.87044139,83.87044139,83.87044139,69.30059661,69.30059661,69.30059661,69.30059661,69.30059661,69.30059661,83.29037731,83.29037731,83.29037731,83.29037731,83.29037731,83.29037731
12.55668122,12.21546705,15.01342319,12.55668122,12.21546705,15.01342319,39.99999999999999,39.99999999999999,39.99999999999999,39.99999999999999,39.99999999999999,39.99999999999999,30.94167632698483,24.519534552066535,29.73719330432003,18.990534329775326,18.536411180262938,28.25852843855722,-12.26,-12.259999999999938,-5.620136339721734,34.441893329995736,34.441893329995736,34.441893329995736,34.441893329995736,34.441893329995736,34.441893329995736,69.30059661,69.30059661,69.30059661,69.30059661,69.30059661,69.30059661,83.29037731,83.29037731,83.29037731,83.29037731,83.29037731,83.29037731
12.55668122,12.21546705,15.01342319,12.55668122,12.21546705,15.01342319,39.99999999999999,39.99999999999999,39.99999999999999,39.99999999999999,39.99999999999999,39.99999999999999,31.696351359350313,24.519534552066535,29.73719330432003,23.700414307195487,25.936822447590757,28.25852843855722,-12.26,-12.259999999999938,1.2610225437651337,83.87044139,83.87044139,83.87044139,83.87044139,83.87044139,83.87044139,69.30059661,69.30059661,69.30059661,69.30059661,69.30059661,69.30059661,83.29037731,83.29037731,83.29037731,83.29037731,83.29037731,83.29037731
12.55668122,12.21546705,15.01342319,12.55668122,12.21546705,15.01342319,39.99999999999999,39.99999999999999,39.99999999999999,39.99999999999999,39.99999999999999,39.99999999999999,31.947909703472142,24.519534552066535,29.73719330432003,22.586438432709027,27.517283213148893,28.25852843855722,-12.26,-12.259999999999938,1.2610225437651197,83.87044139,83.87044139,83.87044139,83.87044139,83.87044139,83.87044139,69.30059661,69.30059661,69.30059661,69.30059661,69.30059661,69.30059661,83.29037731,83.29037731,83.29037731,83.29037731,83.29037731,83.29037731
12.55668122,12.21546705,15.01342319,12.55668122,12.21546705,15.01342319,39.99999999999999,39.99999999999999,39.99999999999999,39.99999999999999,39.99999999999999,39.99999999999999,31.947909703472142,24.519534552066535,29.73719330432003,22.945739274830004,27.65824750900969,29.150644237686823,-12.26,-12.259999999999938,-2.4436051543296045,34.441893329995736,34.441893329995736,34.441893329995736,34.441893329995736,34.441893329995736,34.441893329995736,69.30059661,69.30059661,69.30059661,69.30059661,69.30059661,69.30059661,83.29037731,83.29037731,83.29037731,83.29037731,83.29037731,83.29037731
12.55668122,12.21546705,15.01342319,12.55668122,12.21546705,15.01342319,39.99999999999999,39.99999999999999,39.99999999999999,39.99999999999999,39.99999999999999,39.99999999999999,31.193234671106655,28.9692043384529,35.1337350003781,18.990534329775326,27.307604207699836,28.204563021596638,-12.26,-12.259999999999938,16.15281526564254,83.87044139,83.87044139,83.87044139,83.87044139,83.87044139,83.87044139,69.30059661,69.30059661,69.30059661,69.30059661,69.30059661,69.30059661,83.29037731,83.29037731,83.29037731,83.29037731,83.29037731,83.29037731
12.55668122,12.21546705,15.01342319,12.55668122,12.21546705,15.01342319,39.99999999999999,39.99999999999999,39.99999999999999,39.99999999999999,39.99999999999999,39.99999999999999,46.40925335128698,28.9692043384529,35.1337350003781,23.970785174806615,27.747240904737417,29.258575071607982,-12.26,-12.259999999999938,-1.7329075189116079,83.87044139,83.87044139,83.87044139,83.87044139,83.87044139,83.87044139,69.30059661,69.30059661,69.30059661,69.30059661,69.30059661,69.30059661,83.29037731,83.29037731,83.29037731,83.29037731,83.29037731,83.29037731
12.55668122,12.21546705,15.01342319,12.55668122,12.21546705,15.01342319,39.99999999999999,39.99999999999999,39.99999999999999,39.99999999999999,39.99999999999999,39.99999999999999,44.86227823957741,28.9692043384529,35.1337350003781,21.752435874381067,27.747240904737417,29.258575071607982,-12.26,-12.259999999999938,-1.7329075189116079,83.87044139,83.87044139,83.87044139,83.87044139,83.87044139,83.87044139,69.30059661,69.30059661,69.30059661,69.30059661,69.30059661,69.30059661,83.29037731,83.29037731,83.29037731,83.29037731,83.29037731,83.29037731
12.55668122,12.21546705,15.01342319,12.55668122,12.21546705,15.01342319,39.99999999999999,39.99999999999999,39.99999999999999,39.99999999999999,39.99999999999999,39.99999999999999,43.31530312786785,28.9692043384529,35.1337350003781,28.43060456532222,26.878164774583833,28.204563021596638,-12.26,-12.259999999999938,2.6440155648487065,34.441893329995736,34.441893329995736,34.441893329995736,34.441893329995736,34.441893329995736,34.441893329995736,69.30059661,69.30059661,69.30059661,69.30059661,69.30059661,69.30059661,83.29037731,83.29037731,83.29037731,83.29037731,83.29037731,83.29037731
12.55668122,12.21546705,15.01342319,12.55668122,12.21546705,15.01342319,39.99999999999999,39.99999999999999,39.99999999999999,39.99999999999999,39.99999999999999,39.99999999999999,41.38158423823089,28.9692043384529,35.1337350003781,28.43060456532221,26.878164774583833,27.71350582070413,-12.26,-12.259999999999938,3.442918642694321,83.87044139,83.87044139,83.87044139,83.87044139,83.87044139,83.87044139,69.30059661,69.30059661,69.30059661,69.30059661,69.30059661,69.30059661,83.29037731,83.29037731,83.29037731,83.29037731,83.29037731,83.29037731
12.55668122,12.21546705,15.01342319,12.55668122,12.21546705,15.01342319,39.99999999999999,39.99999999999999,39.99999999999999,39.99999999999999,39.99999999999999,39.99999999999999,38.67437779273914,28.9692043384529,35.1337350003781,28.43060456532222,27.747240904737417,28.204563021596638,-12.26,-12.259999999999938,6.130554113515706,34.441893329995736,34.441893329995736,34.441893329995736,34.441893329995736,34.441893329995736,34.441893329995736,69.30059661,69.30059661,69.30059661,69.30059661,69.30059661,69.30059661,83.29037731,83.29037731,83.29037731,83.29037731,83.29037731,83.29037731
12.55668122,12.21546705,15.01342319,12.55668122,12.21546705,15.01342319,39.99999999999999,39.99999999999999,39.99999999999999,39.99999999999999,39.99999999999999,39.99999999999999,38.67437779273914,28.9692043384529,35.1337350003781,28.065710533716597,26.878164774583833,28.204563021596638,-12.26,-12.259999999999938,2.644015564848706,34.441893329995736,34.441893329995736,34.441893329995736,34.441893329995736,34.441893329995736,34.441893329995736,69.30059661,69.30059661,69.30059661,69.30059661,69.30059661,69.30059661,83.29037731,83.29037731,83.29037731,83.29037731,83.29037731,83.29037731
12.55668122,12.21546705,15.01342319,12.55668122,12.21546705,15.01342319,39.99999999999999,39.99999999999999,39.99999999999999,39.99999999999999,39.99999999999999,39.99999999999999,38.67437779273914,24.519534552066535,29.73719330432003,28.43060456532222,27.658247509009684,28.25852843855722,-12.26,-12.259999999999897,-5.9986697168206575,83.87044139,83.87044139,83.87044139,83.87044139,83.87044139,83.87044139,69.30059661,69.30059661,69.30059661,69.30059661,69.30059661,69.30059661,83.29037731,83.29037731,83.29037731,83.29037731,83.29037731,83.29037731
12.55668122,12.21546705,15.01342319,12.55668122,12.21546705,15.01342319,39.99999999999999,39.99999999999999,39.99999999999999,39.99999999999999,39.99999999999999,39.99999999999999,29.100913880009717,24.519534552066535,29.73719330432003,28.23913528706763,27.65824750900969,28.25852843855722,-12.26,-12.259999999999938,-3.5473169289053956,83.87044139,83.87044139,83.87044139,83.87044139,83.87044139,83.87044139,69.30059661,69.30059661,69.30059661,69.30059661,69.30059661,69.30059661,83.29037731,83.29037731,83.29037731,83.29037731,83.29037731,83.29037731
12.55668122,12.21546705,15.01342319,12.55668122,12.21546705,15.01342319,39.99999999999999,39.99999999999999,39.99999999999999,39.99999999999999,39.99999999999999,39.99999999999999,25.786831479548738,24.519534552066535,29.73719330432003,27.399248694671947,27.65824750900969,28.25852843855722,-12.26,-12.259999999999938,12.658608069618305,83.87044139,83.87044139,83.87044139,83.87044139,83.87044139,83.87044139,69.30059661,69.30059661,69.30059661,69.30059661,69.30059661,69.30059661,83.29037731,83.29037731,83.29037731,83.29037731,83.29037731,83.29037731
12.55668122,12.21546705,15.01342319,12.55668122,12.21546705,15.01342319,39.99999999999999,39.99999999999999,39.99999999999999,39.99999999999999,39.99999999999999,39.99999999999999,25.155834412182788,24.519534552066535,29.73719330432003,27.880847776162103,26.64058198244742,28.25852843855722,-12.26,-12.259999999999938,1.2610225437651197,83.87044139,83.87044139,83.87044139,83.87044139,83.87044139,83.87044139,69.30059661,69.30059661,69.30059661,69.30059661,69.30059661,69.30059661,83.29037731,83.29037731,83.29037731,83.29037731,83.29037731,83.29037731
12.55668122,12.21546705,15.01342319,12.55668122,12.21546705,15.01342319,39.99999999999999,39.99999999999999,39.99999999999999,39.99999999999999,39.99999999999999,39.99999999999999,25.155834412182788,24.519534552066535,29.73719330432003,27.40555866534561,18.536411180262938,28.25852843855722,-12.26,-12.259999999999938,-5.9986697168206575,83.87044139,83.87044139,83.87044139,83.87044139,83.87044139,83.87044139,69.30059661,69.30059661,69.30059661,69.30059661,69.30059661,69.30059661,83.29037731,83.29037731,83.29037731,83.29037731,83.29037731,83.29037731
12.55668122,12.21546705,15.01342319,12.55668122,12.21546705,15.01342319,39.99999999999999,39.99999999999999,39.99999999999999,39.99999999999999,39.99999999999999,39.99999999999999,25.155834412182788,24.519534552066535,29.73719330432003,28.16023369771109,27.376168019009416,29.150644237686823,-12.26,-12.259999999999938,-5.620136339721734,34.441893329995736,34.441893329995736,34.441893329995736,34.441893329995736,34.441893329995736,34.441893329995736,69.30059661,69.30059661,69.30059661,69.30059661,69.30059661,69.30059661,83.29037731,83.29037731,83.29037731,83.29037731,83.29037731,83.29037731
12.55668122,12.21546705,15.01342319,12.55668122,12.21546705,15.01342319,39.99999999999999,39.99999999999999,39.99999999999999,39.99999999999999,39.99999999999999,39.99999999999999,25.155834412182788,24.519534552066535,29.73719330432003,27.880847776162103,27.376168019009416,29.150644237686823,-12.26,-12.25999999999995,-4.075870956081009,34.441893329995736,34.441893329995736,34.441893329995736,34.441893329995736,34.441893329995736,34.441893329995736,69.30059661,69.30059661,69.30059661,69.30059661,69.30059661,69.30059661,83.29037731,83.29037731,83.29037731,83.29037731,83.29037731,83.29037731
12.55668122,12.21546705,15.01342319,12.55668122,12.21546705,15.01342319,39.99999999999999,39.99999999999999,39.99999999999999,39.99999999999999,39.99999999999999,39.99999999999999,25.155834412182788,24.519534552066535,29.73719330432003,27.58502738863964,26.640581982447415,29.150644237686823,-12.26,-12.259999999999938,-2.443605154329593,34.441893329995736,34.441893329995736,34.441893329995736,34.441893329995736,34.441893329995736,34.441893329995736,69.30059661,69.30059661,69.30059661,69.30059661,69.30059661,69.30059661,83.29037731,83.29037731,83.29037731,83.29037731,83.29037731,83.29037731
12.55668122,12.21546705,15.01342319,12.55668122,12.21546705,15.01342319,39.99999999999999,39.99999999999999,39.99999999999999,39.99999999999999,39.99999999999999,39.99999999999999,25.155834412182788,24.519534552066535,29.73719330432003,28.16023369771109,27.376168019009416,29.150644237686823,-12.26,-12.259999999999938,-2.4436051543296045,34.44189332999569,34.44189332999569,34.44189332999569,34.44189332999569,34.44189332999569,34.44189332999569,69.30059661,69.30059661,69.30059661,69.30059661,69.30059661,69.30059661,83.29037731,83.29037731,83.29037731,83.29037731,83.29037731,83.29037731
12.55668122,12.21546705,15.01342319,12.55668122,12.21546705,15.01342319,39.99999999999999,39.99999999999999,39.99999999999999,39.99999999999999,39.99999999999999,39.99999999999999,25.155834412182788,24.519534552066535,29.73719330432003,27.26721248879676,25.887283611872864,29.150644237686823,-12.26,-12.259999999999938,-3.6838814179440993,83.87044139,83.87044139,83.87044139,83.87044139,83.87044139,83.87044139,69.30059661,69.30059661,69.30059661,69.30059661,69.30059661,69.30059661,83.29037731,83.29037731,83.29037731,83.29037731,83.29037731,83.29037731
12.55668122,12.21546705,15.01342319,12.55668122,12.21546705,15.01342319,39.99999999999999,39.99999999999999,39.99999999999999,39.99999999999999,39.99999999999999,39.99999999999999,25.658951100426446,24.519534552066535,29.73719330432003,21.799421408043987,18.536411180262938,23.974520907573112,-12.26,-12.259999999999938,20.22229692804736,34.441893329995736,34.441893329995736,34.441893329995736,34.441893329995736,34.441893329995736,34.441893329995736,69.30059661,69.30059661,69.30059661,69.30059661,69.30059661,69.30059661,83.29037731,83.29037731,83.29037731,83.29037731,83.29037731,83.29037731
12.55668122,12.21546705,15.01342319,12.55668122,12.21546705,15.01342319,39.99999999999999,39.99999999999999,39.99999999999999,39.99999999999999,39.99999999999999,39.99999999999999,27.419859509279238,24.519534552066535,29.73719330432003,28.02188752116224,18.67745092526308,22.98593551946069,-12.26,-12.259999999999938,21.91587893884878,83.87044139,83.87044139,83.87044139,83.87044139,83.87044139,83.87044139,69.30059661,69.30059661,69.30059661,69.30059661,69.30059661,69.30059661,83.29037731,83.29037731,83.29037731,83.29037731,83.29037731,83.29037731
12.55668122,12.21546705,15.01342319,12.55668122,12.21546705,15.01342319,39.99999999999999,39.99999999999999,39.99999999999999,39.99999999999999,39.99999999999999,39.99999999999999,28.677651229888376,24.519534552066535,29.73719330432003,28.02188752116225,26.62286964843486,23.974520907573115,-12.26,-12.259999999999938,19.050924901300334,83.87044139,83.87044139,83.87044139,83.87044139,83.87044139,83.87044139,69.30059661,69.30059661,69.30059661,69.30059661,69.30059661,69.30059661,83.29037731,83.29037731,83.29037731,83.29037731,83.29037731,83.29037731
12.55668122,12.21546705,15.01342319,12.55668122,12.21546705,15.01342319,39.99999999999999,39.99999999999999,39.99999999999999,39.99999999999999,39.99999999999999,39.99999999999999,29.935442950497517,24.519534552066535,29.73719330432003,27.26721248879676,26.62286964843486,23.974520907573115,-12.26,-12.259999999999938,19.050924901300334,34.441893329995736,34.441893329995736,34.441893329995736,34.441893329995736,34.441893329995736,34.441893329995736,69.30059661,69.30059661,69.30059661,69.30059661,69.30059661,69.30059661,83.29037731,83.29037731,83.29037731,83.29037731,83.29037731,83.29037731
12.55668122,12.21546705,15.01342319,12.55668122,12.21546705,15.01342319,39.99999999999999,39.99999999999999,39.99999999999999,39.99999999999999,39.99999999999999,39.99999999999999,30.94167632698483,24.519534552066535,29.73719330432003,27.26721248879676,25.92393238504332,23.974520907573115,-12.26,-12.259999999999938,20.222296928047356,83.87044139,83.87044139,83.87044139,83.87044139,83.87044139,83.87044139,69.30059661,69.30059661,69.30059661,69.30059661,69.30059661,69.30059661,83.29037731,83.29037731,83.29037731,83.29037731,83.29037731,83.29037731
12.55668122,12.21546705,15.01342319,12.55668122,12.21546705,15.01342319,39.99999999999999,39.99999999999999,39.99999999999999,39.99999999999999,39.99999999999999,39.99999999999999,31.444793015228484,24.519534552066535,39.65191731824271,21.71658191228216,26.62286964843486,23.87537366743389,-12.26,-12.259999999999938,21.59181032190976,34.441893329995736,34.441893329995736,34.441893329995736,34.441893329995736,34.441893329995736,34.441893329995736,69.30059661,69.30059661,69.30059661,69.30059661,69.30059661,69.30059661,83.29037731,83.29037731,83.29037731,83.29037731,83.29037731,83.29037731
12.55668122,12.21546705,15.01342319,12.55668122,12.21546705,15.01342319,39.99999999999999,39.99999999999999,39.99999999999999,39.99999999999999,39.99999999999999,39.99999999999999,31.444793015228484,52.455677760561144,55.06384592807086,27.26721248879676,22.99141587161075,22.67558060931178,-12.26,-12.259999999999938,-81.39014344229314,77.77758622086083,77.77758622086083,77.77758622086083,77.77758622086083,77.77758622086083,77.77758622086083,69.30059661,69.30059661,69.30059661,69.30059661,69.30059661,69.30059661,83.29037731,83.29037731,83.29037731,83.29037731,83.29037731,83.29037731
12.55668122,12.21546705,15.01342319,12.55668122,12.21546705,15.01342319,39.99999999999999,39.99999999999999,39.99999999999999,39.99999999999999,39.99999999999999,39.99999999999999,168.70221977699813,151.28963163179245,55.06384592807086,32.38637083407024,26.42811413932478,22.67558060931178,-12.26,-12.259999999999938,29.883783334235115,83.87044139,83.87044139,83.87044139,83.87044139,83.87044139,83.87044139,69.30059661,69.30059661,69.30059661,69.30059661,69.30059661,69.30059661,83.29037731,83.29037731,83.29037731,83.29037731,83.29037731,83.29037731
12.55668122,12.21546705,15.01342319,12.55668122,12.21546705,15.01342319,39.99999999999999,39.99999999999999,39.99999999999999,39.99999999999999,39.99999999999999,39.99999999999999,192.52196957170676,151.28963163179245,55.06384592807086,28.074276631662542,29.158271590029383,23.72125438133561,-12.26,-12.259999999999938,47.859150423453166,83.87044139,83.87044139,83.87044139,83.87044139,83.87044139,83.87044139,69.30059661,69.30059661,69.30059661,69.30059661,69.30059661,69.30059661,83.29037731,83.29037731,83.29037731,83.29037731,83.29037731,83.29037731
12.55668122,12.21546705,15.01342319,12.55668122,12.21546705,15.01342319,39.99999999999999,39.99999999999999,39.99999999999999,39.99999999999999,39.99999999999999,39.99999999999999,521.7970462330132,151.28963163179245,55.06384592807086,25.892099634456123,24.619582641075606,23.72125438133561,-12.26,-12.259999999999938,-52.332487690771,83.87044139,83.87044139,83.87044139,83.87044139,83.87044139,83.87044139,69.30059661,69.30059661,69.30059661,69.30059661,69.30059661,69.30059661,83.29037731,83.29037731,83.29037731,83.29037731,83.29037731,83.29037731
12.55668122,12.21546705,15.01342319,12.55668122,12.21546705,15.01342319,39.99999999999999,39.99999999999999,39.99999999999999,39.99999999999999,39.99999999999999,39.99999999999999,179.79324431076745,151.28963163179245,55.06384592807086,32.84754860451478,28.233341082997917,23.72125438133561,-12.26,-12.259999999999938,25.541486041899116,34.441893329995736,34.441893329995736,34.441893329995736,34.441893329995736,34.441893329995736,34.441893329995736,69.30059661,69.30059661,69.30059661,69.30059661,69.30059661,69.30059661,83.29037731,83.29037731,83.29037731,83.29037731,83.29037731,83.29037731
12.55668122,12.21546705,15.01342319,12.55668122,12.21546705,15.01342319,39.99999999999999,39.99999999999999,39.99999999999999,39.99999999999999,39.99999999999999,39.99999999999999,170.24670036506302,151.28963163179245,55.06384592807086,21.187380926673388,29.158271590029383,24.173801312369758,-12.26,-12.259999999999938,-5.407153028770027,34.441893329995736,34.441893329995736,34.441893329995736,34.441893329995736,34.441893329995736,34.441893329995736,69.30059661,69.30059661,69.30059661,69.30059661,69.30059661,69.30059661,83.29037731,83.29037731,83.29037731,83.29037731,83.29037731,83.29037731
12.55668122,12.21546705,15.01342319,12.55668122,12.21546705,15.01342319,39.99999999999999,39.99999999999999,39.99999999999999,39.99999999999999,39.99999999999999,39.99999999999999,159.10906576174114,151.28963163179245,55.06384592807086,27.58349276862196,24.619582641075606,24.173801312369758,-12.26,-12.259999999999938,-5.407153028770027,34.441893329995736,34.441893329995736,34.441893329995736,34.441893329995736,34.441893329995736,34.441893329995736,69.30059661,69.30059661,69.30059661,69.30059661,69.30059661,69.30059661,83.29037731,83.29037731,83.29037731,83.29037731,83.29037731,83.29037731
12.55668122,12.21546705,15.01342319,12.55668122,12.21546705,15.01342319,39.99999999999999,39.99999999999999,39.99999999999999,39.99999999999999,39.99999999999999,39.99999999999999,159.10906576174114,89.93964352801434,55.06384592807086,22.810220795769727,25.23308252211339,23.72125438133561,-12.26,-12.259999999999938,-44.39032616629517,83.87044139,83.87044139,83.87044139,83.87044139,83.87044139,83.87044139,69.30059661,69.30059661,69.30059661,69.30059661,69.30059661,69.30059661,83.29037731,83.29037731,83.29037731,83.29037731,83.29037731,83.29037731
