natgas_SE,natgas_demand_SE,biocorn_SE,biowood_SE,bioherb_SE,elec_SE,ethanol_SE,ethanol_demand_SE,h2_SE,co2_captured_SE,gasoline_SE,gasoline_demand_SE,jetfuel_SE,jetfuel_demand_SE,diesel_SE,diesel_demand_SE
14.058029999999999,26.614711219999997,155.0,86.55,86.4192,12.952084172065252,91.36564528472991,91.36564528472991,14.809897722455895,-6.1,94.95991,94.95991,75.68131,75.68131,97.34841,97.34841
14.058029999999999,26.614711219999997,155.0,86.55,169.9262060605,9.972880001280538,144.6789178440537,144.6789178440537,14.839689764163744,-6.1,94.95991,94.95991,75.68131,75.68131,97.34841,97.34841
14.058029999999999,26.614711219999997,155.0,86.55,86.4192,9.972880001280538,91.60134607250171,91.60134607250171,14.839689764163744,-6.1,94.95991,94.95991,75.68131,75.68131,97.34841,97.34841
14.058029999999999,26.614711219999997,155.0,86.55,86.4192,9.972880001280538,90.83469445086267,90.83469445086267,14.839689764163744,4.593914217268588,94.95991,94.95991,75.68131,75.68131,97.34841,97.34841
14.058029999999999,26.614711219999997,155.0,86.55,86.4192,9.972880001280538,90.83469445086267,90.83469445086267,14.839689764163744,-4.7810732779772005,94.95991,94.95991,75.68131,75.68131,97.34841,97.34841
14.058029999999999,26.614711219999997,155.0,86.55,86.4192,9.972880001280538,91.60134607250171,91.60134607250171,14.839689764163744,-6.1,94.95991,94.95991,75.68131,75.68131,97.34841,97.34841
14.058029999999999,26.614711219999997,155.0,86.55,86.4192,13.297953481644974,90.5716300907874,90.5716300907874,15.20537763380945,5.635503500274309,94.95991,94.95991,75.68131,75.68131,97.34841,97.34841
14.058029999999999,26.614711219999997,155.0,86.55,86.4192,0.0,91.62370236636794,91.62370236636794,14.93941856417655,-6.1,94.95991,94.95991,75.68131,75.68131,97.34841,97.34841
14.058029999999999,26.614711219999997,155.0,86.55,86.4192,0.0,91.62370236636794,91.62370236636794,14.93941856417655,1.4698795180722621,94.95991,94.95991,75.68131,75.68131,97.34841,97.34841
14.058029999999999,26.614711219999997,155.0,86.55,86.4192,9.972880001280538,90.83469445086267,90.83469445086267,14.839689764163744,4.593914217268588,94.95991,94.95991,75.68131,75.68131,97.34841,97.34841
14.058029999999999,26.614711219999997,155.0,86.55,86.4192,9.972880001280538,90.83469445086267,90.83469445086267,14.839689764163744,4.593914217268588,94.95991,94.95991,75.68131,75.68131,97.34841,97.34841
14.058029999999999,26.614711219999997,155.0,86.55,86.4192,9.972880001280538,90.83469445086267,90.83469445086267,14.839689764163744,0.15789473684202598,94.95991,94.95991,75.68131,75.68131,97.34841,97.34841
14.058029999999999,26.614711219999997,155.0,86.55,86.4192,9.972880001280538,91.26831010254043,91.26831010254043,14.839689764163744,-3.3815500746687364,94.95991,94.95991,75.68131,75.68131,97.34841,97.34841
14.058029999999999,26.614711219999997,155.0,86.55,86.4192,0.0,91.62370236636794,91.62370236636794,14.93941856417655,-6.1,94.95991,94.95991,75.68131,75.68131,97.34841,97.34841
14.058029999999999,26.614711219999997,155.0,86.55,86.4192,0.0,92.39035398800698,92.39035398800698,14.93941856417655,-6.1,94.95991,94.95991,75.68131,75.68131,97.34841,97.34841
14.058029999999999,26.614711219999997,155.0,86.55,86.4192,0.0,91.62370236636794,91.62370236636794,14.93941856417655,-6.1,94.95991,94.95991,75.68131,75.68131,97.34841,97.34841
14.058029999999999,26.614711219999997,155.0,86.55,86.4192,13.297953481644974,90.5716300907874,90.5716300907874,15.20537763380945,5.63550350027432,94.95991,94.95991,75.68131,75.68131,97.34841,97.34841
14.058029999999999,26.614711219999997,155.0,86.55,86.4192,13.297953481644974,90.5716300907874,90.5716300907874,15.20537763380945,-6.1,94.95991,94.95991,75.68131,75.68131,97.34841,97.34841
14.058029999999999,26.614711219999997,155.0,86.55,86.4192,13.297953481644974,90.5716300907874,90.5716300907874,15.20537763380945,5.63550350027432,94.95991,94.95991,75.68131,75.68131,97.34841,97.34841
14.058029999999999,26.614711219999997,155.0,86.55,86.4192,12.952084172065252,90.59899366309087,90.59899366309087,14.809897722455899,0.15789473684213523,94.95991,94.95991,75.68131,75.68131,97.34841,97.34841
14.058029999999999,26.614711219999997,155.0,86.55,86.4192,9.972880001280538,91.60134607250171,91.60134607250171,14.839689764163744,-6.1,94.95991,94.95991,75.68131,75.68131,97.34841,97.34841
14.058029999999999,26.614711219999997,155.0,86.55,86.4192,9.972880001280538,91.60134607250171,91.60134607250171,14.839689764163744,-6.1,94.95991,94.95991,75.68131,75.68131,97.34841,97.34841
14.058029999999999,26.614711219999997,155.0,86.55,86.4192,12.952084172065252,91.36564528472991,91.36564528472991,14.809897722455899,-6.1,94.95991,94.95991,75.68131,75.68131,97.34841,97.34841
14.058029999999999,26.614711219999997,155.0,86.55,86.4192,12.952084172065252,90.59899366309087,90.59899366309087,14.809897722455899,5.527158897273428,94.95991,94.95991,75.68131,75.68131,97.34841,97.34841
14.058029999999999,26.614711219999997,155.0,86.55,86.4192,13.297953481644974,90.5716300907874,90.5716300907874,15.20537763380945,5.63550350027432,94.95991,94.95991,75.68131,75.68131,97.34841,97.34841
14.058029999999999,26.614711219999997,155.0,86.55,86.4192,13.297953481644974,90.5716300907874,90.5716300907874,15.20537763380945,5.635503500274309,94.95991,94.95991,75.68131,75.68131,97.34841,97.34841
14.058029999999999,26.614711219999997,155.0,86.55,86.4192,13.297953481644974,90.5716300907874,90.5716300907874,15.20537763380945,5.63550350027432,94.95991,94.95991,75.68131,75.68131,97.34841,97.34841
14.058029999999999,26.614711219999997,155.0,86.55,86.4192,13.297953481644974,91.33828171242645,91.33828171242645,15.20537763380945,-6.1,94.95991,94.95991,75.68131,75.68131,97.34841,97.34841
14.058029999999999,26.614711219999997,155.0,86.55,86.4192,13.297953481644974,91.33828171242645,91.33828171242645,15.20537763380945,-6.1,94.95991,94.95991,75.68131,75.68131,97.34841,97.34841
14.058029999999999,26.614711219999997,155.0,86.55,86.4192,151.8173983449609,80.37926702113181,80.37926702113181,17.97576653107577,-6.1,94.95991,94.95991,75.68131,75.68131,97.34841,97.34841
14.058029999999999,26.614711219999997,155.0,86.55,86.4192,151.8173983449609,79.61261539949277,79.61261539949277,17.97576653107577,11.98838246386448,94.95991,94.95991,75.68131,75.68131,97.34841,97.34841
14.058029999999999,26.614711219999997,155.0,131.76151853250735,86.4192,9.972880001280538,90.83469445086267,90.83469445086267,14.086752481329462,0.15789473684202598,94.95991,94.95991,75.68131,75.68131,97.34841,97.34841
14.058029999999999,26.614711219999997,155.0,86.55,86.4192,0.0,91.62370236636794,91.62370236636794,14.18648128134227,0.15789473684201247,94.95991,94.95991,75.68131,75.68131,97.34841,97.34841
14.058029999999999,26.614711219999997,155.0,86.55,86.4192,0.0,92.39035398800698,92.39035398800698,14.18648128134227,-6.1,94.95991,94.95991,75.68131,75.68131,97.34841,97.34841
14.058029999999999,26.614711219999997,155.0,86.55,86.4192,0.0,91.62370236636794,91.62370236636794,14.18648128134227,58.833951957550426,94.95991,94.95991,75.68131,75.68131,97.34841,97.34841
14.058029999999999,26.614711219999997,155.0,86.55,86.4192,0.0,91.62370236636794,91.62370236636794,14.18648128134227,0.15789473684201247,94.95991,94.95991,75.68131,75.68131,97.34841,97.34841
14.058029999999999,26.614711219999997,155.0,86.55,86.4192,0.0,91.62370236636794,91.62370236636794,14.18648128134227,-6.1,94.95991,94.95991,75.68131,75.68131,97.34841,97.34841
14.058029999999999,26.614711219999997,155.0,86.55,86.4192,0.0,91.62370236636794,91.62370236636794,14.18648128134227,1.4698795180722621,94.95991,94.95991,75.68131,75.68131,97.34841,97.34841
14.058029999999999,26.614711219999997,155.0,86.55,86.4192,0.0,91.62370236636794,91.62370236636794,14.18648128134227,47.81012048192774,94.95991,94.95991,75.68131,75.68131,97.34841,97.34841
14.058029999999999,26.614711219999997,155.0,86.55,86.4192,0.0,91.62370236636794,91.62370236636794,14.18648128134227,58.833951957550426,94.95991,94.95991,75.68131,75.68131,97.34841,97.34841
14.058029999999999,26.614711219999997,155.0,86.55,86.4192,0.0,91.62370236636794,91.62370236636794,14.186481281342271,58.83395195755042,94.95991,94.95991,75.68131,75.68131,97.34841,97.34841
14.058029999999999,26.614711219999997,155.0,86.55,86.4192,12.627745004741087,90.62465387060307,90.62465387060307,14.439036181437093,5.425558676183928,94.95991,94.95991,75.68131,75.68131,97.34841,97.34841
14.058029999999999,26.614711219999997,155.0,86.55,86.4192,12.627745004741087,90.62465387060307,90.62465387060307,14.439036181437093,0.15789473684218144,94.95991,94.95991,75.68131,75.68131,97.34841,97.34841
14.058029999999999,26.614711219999997,155.0,86.55,86.4192,9.972880001280538,91.60134607250171,91.60134607250171,14.086752481329464,-6.1,94.95991,94.95991,75.68131,75.68131,97.34841,97.34841
14.058029999999999,26.614711219999997,155.0,86.55,86.4192,9.972880001280538,90.83469445086267,90.83469445086267,14.086752481329464,0.15789473684202598,94.95991,94.95991,75.68131,75.68131,97.34841,97.34841
14.058029999999999,26.614711219999997,155.0,86.55,86.4192,9.972880001280538,91.60134607250171,91.60134607250171,14.086752481329464,-6.1,94.95991,94.95991,75.68131,75.68131,97.34841,97.34841
14.058029999999999,26.614711219999997,155.0,86.55,86.4192,9.972880001280538,90.83469445086267,90.83469445086267,14.086752481329464,0.15789473684202598,94.95991,94.95991,75.68131,75.68131,97.34841,97.34841
14.058029999999999,26.614711219999997,155.0,125.66703627602324,86.4192,9.972880001280538,90.83469445086267,90.83469445086267,14.086752481329464,-6.1,94.95991,94.95991,75.68131,75.68131,97.34841,97.34841
14.058029999999999,26.614711219999997,155.0,86.55,86.4192,9.972880001280538,91.60134607250171,91.60134607250171,14.086752481329464,-6.1,94.95991,94.95991,75.68131,75.68131,97.34841,97.34841
14.058029999999999,26.614711219999997,155.0,86.55,86.4192,9.972880001280538,91.60134607250171,91.60134607250171,14.086752481329464,-6.1,94.95991,94.95991,75.68131,75.68131,97.34841,97.34841
14.058029999999999,26.614711219999997,155.0,86.55,86.4192,9.972880001280538,91.60134607250171,91.60134607250171,14.086752481329464,-6.1,94.95991,94.95991,75.68131,75.68131,97.34841,97.34841
14.058029999999999,26.614711219999997,155.0,86.55,169.9262060605,9.972880001280538,144.6789178440537,144.6789178440537,14.086752481329464,68.32121440560877,94.95991,94.95991,75.68131,75.68131,97.34841,97.34841
14.058029999999999,26.614711219999997,155.0,86.55,86.4192,9.972880001280538,90.83469445086267,90.83469445086267,14.086752481329464,4.593914217268588,94.95991,94.95991,75.68131,75.68131,97.34841,97.34841
14.058029999999999,26.614711219999997,155.0,86.55,86.4192,9.972880001280538,90.83469445086267,90.83469445086267,14.086752481329464,59.60589160751389,94.95991,94.95991,75.68131,75.68131,97.34841,97.34841
14.058029999999999,26.614711219999997,155.0,86.55,86.4192,9.972880001280538,90.83469445086267,90.83469445086267,14.086752481329464,0.15789473684202598,94.95991,94.95991,75.68131,75.68131,97.34841,97.34841
14.058029999999999,26.614711219999997,155.0,86.55,86.4192,0.0,91.62370236636794,91.62370236636794,14.186481281342271,1.4698795180722621,94.95991,94.95991,75.68131,75.68131,97.34841,97.34841
14.058029999999999,26.614711219999997,155.0,86.55,86.4192,0.0,91.62370236636794,91.62370236636794,14.186481281342271,1.4698795180722621,94.95991,94.95991,75.68131,75.68131,97.34841,97.34841
14.058029999999999,26.614711219999997,155.0,86.55,86.4192,0.0,92.39035398800698,92.39035398800698,14.186481281342271,-6.1,94.95991,94.95991,75.68131,75.68131,97.34841,97.34841
14.058029999999999,26.614711219999997,155.0,86.55,86.4192,0.0,91.62370236636794,91.62370236636794,14.186481281342271,5.407773708938209,94.95991,94.95991,75.68131,75.68131,97.34841,97.34841
14.058029999999999,26.614711219999997,155.0,86.55,86.4192,0.0,91.62370236636794,91.62370236636794,14.186481281342271,24.64,94.95991,94.95991,75.68131,75.68131,97.34841,97.34841
14.058029999999999,26.614711219999997,155.0,86.55,86.4192,0.0,91.62370236636794,91.62370236636794,14.186481281342271,24.64,94.95991,94.95991,75.68131,75.68131,97.34841,97.34841
14.058029999999999,26.614711219999997,155.0,86.55,86.4192,0.0,91.62370236636794,91.62370236636794,14.186481281342271,24.64,94.95991,94.95991,75.68131,75.68131,97.34841,97.34841
14.058029999999999,26.614711219999997,155.0,86.55,86.4192,0.0,91.62370236636794,91.62370236636794,14.186481281342271,24.64,94.95991,94.95991,75.68131,75.68131,97.34841,97.34841
14.058029999999999,26.614711219999997,155.0,86.55,86.4192,0.0,91.62370236636794,91.62370236636794,14.186481281342271,1.4698795180722621,94.95991,94.95991,75.68131,75.68131,97.34841,97.34841
14.058029999999999,26.614711219999997,155.0,86.55,86.4192,0.0,91.62370236636794,91.62370236636794,14.18648128134227,0.15789473684201247,94.95991,94.95991,75.68131,75.68131,97.34841,97.34841
14.058029999999999,26.614711219999997,155.0,86.55,86.4192,12.627745004741087,91.39130549224211,91.39130549224211,14.439036181437093,-6.1,94.95991,94.95991,75.68131,75.68131,97.34841,97.34841
14.058029999999999,26.614711219999997,155.0,86.55,86.4192,9.972880001280538,91.60134607250171,91.60134607250171,14.086752481329464,-6.1,94.95991,94.95991,75.68131,75.68131,97.34841,97.34841
14.058029999999999,26.614711219999997,155.0,86.55,86.4192,9.972880001280538,91.60134607250171,91.60134607250171,14.086752481329464,-6.1,94.95991,94.95991,75.68131,75.68131,97.34841,97.34841
14.058029999999999,26.614711219999997,155.0,86.55,86.4192,9.972880001280538,90.83469445086267,90.83469445086267,14.086752481329464,4.593914217268588,94.95991,94.95991,75.68131,75.68131,97.34841,97.34841
14.058029999999999,26.614711219999997,155.0,86.55,86.4192,9.972880001280538,90.83469445086267,90.83469445086267,14.086752481329464,0.15789473684202598,94.95991,94.95991,75.68131,75.68131,97.34841,97.34841
14.058029999999999,26.614711219999997,155.0,86.55,86.4192,13.297953481644974,91.33828171242645,91.33828171242645,15.20537763380945,-6.1,94.95991,94.95991,75.68131,75.68131,97.34841,97.34841
14.058029999999999,26.614711219999997,155.0,86.55,169.9262060605,13.65305880125366,144.387759201487,144.387759201487,15.611418344650975,69.87398678490597,94.95991,94.95991,75.68131,75.68131,97.34841,97.34841
14.058029999999999,26.614711219999997,155.0,86.55,86.4192,13.65305880125366,90.54353580829597,90.54353580829597,15.611418344650975,56.69598147258224,94.95991,94.95991,75.68131,75.68131,97.34841,97.34841
14.058029999999999,26.614711219999997,155.0,86.55,86.4192,13.65305880125366,91.31018742993501,91.31018742993501,15.611418344650975,-6.1,94.95991,94.95991,75.68131,75.68131,97.34841,97.34841
14.058029999999999,26.614711219999997,155.0,86.55,86.55000000000001,13.65305880125366,90.62787393454522,90.62787393454522,15.611418344650975,56.78528907239954,94.95991,94.95991,75.68131,75.68131,97.34841,97.34841
14.058029999999999,26.614711219999997,155.0,86.55,138.1132637928704,13.65305880125366,123.87519084270848,123.87519084270848,15.611418344650975,5.746741311236091,94.95991,94.95991,75.68131,75.68131,97.34841,97.34841
14.058029999999999,26.614711219999997,155.0,86.55,86.4192,13.65305880125366,91.31018742993501,91.31018742993501,15.611418344650975,-6.1,94.95991,94.95991,75.68131,75.68131,97.34841,97.34841
14.058029999999999,26.614711219999997,155.0,86.55,86.4192,13.65305880125366,90.54353580829597,90.54353580829597,15.611418344650975,0.15789473684202682,94.95991,94.95991,75.68131,75.68131,97.34841,97.34841
14.058029999999999,26.614711219999997,155.0,86.55,86.4192,13.65305880125366,91.31018742993501,91.31018742993501,15.611418344650975,-6.1,94.95991,94.95991,75.68131,75.68131,97.34841,97.34841
14.058029999999999,26.614711219999997,155.0,86.55,86.4192,9.972880001280538,90.83469445086267,90.83469445086267,15.238628368613094,0.15789473684202598,94.95991,94.95991,75.68131,75.68131,97.34841,97.34841
14.058029999999999,26.614711219999997,155.0,86.55,86.4192,9.972880001280538,91.60134607250171,91.60134607250171,15.238628368613094,-6.1,94.95991,94.95991,75.68131,75.68131,97.34841,97.34841
14.058029999999999,26.614711219999997,155.0,86.55,86.4192,9.972880001280538,90.83469445086267,90.83469445086267,15.238628368613094,-6.1,94.95991,94.95991,75.68131,75.68131,97.34841,97.34841
14.058029999999999,26.614711219999997,155.0,86.55,86.4192,9.972880001280538,90.83469445086267,90.83469445086267,15.238628368613094,0.15789473684202598,94.95991,94.95991,75.68131,75.68131,97.34841,97.34841
14.058029999999999,26.614711219999997,155.0,125.66703627602324,86.4192,9.972880001280538,90.83469445086267,90.83469445086267,15.238628368613094,-6.1,94.95991,94.95991,75.68131,75.68131,97.34841,97.34841
14.058029999999999,26.614711219999997,155.0,86.55,86.4192,9.972880001280538,90.83469445086267,90.83469445086267,15.238628368613094,4.593914217268588,94.95991,94.95991,75.68131,75.68131,97.34841,97.34841
14.058029999999999,26.614711219999997,155.0,86.55,86.4192,9.972880001280538,91.60134607250171,91.60134607250171,15.238628368613094,-6.1,94.95991,94.95991,75.68131,75.68131,97.34841,97.34841
14.058029999999999,26.614711219999997,155.0,86.55,86.4192,9.972880001280538,91.60134607250171,91.60134607250171,15.238628368613094,-6.1,94.95991,94.95991,75.68131,75.68131,97.34841,97.34841
14.058029999999999,26.614711219999997,155.0,86.55,86.4192,9.972880001280506,90.83469445086267,90.83469445086267,15.238628368613098,-6.1,94.95991,94.95991,75.68131,75.68131,97.34841,97.34841
14.058029999999999,26.614711219999997,155.0,86.55,86.4192,13.65305880125366,91.31018742993501,91.31018742993501,15.611418344650975,-6.1,94.95991,94.95991,75.68131,75.68131,97.34841,97.34841
14.058029999999999,26.614711219999997,155.0,86.55,86.4192,263.87406507150615,71.51386434697673,71.51386434697673,20.615838470056023,-6.1,94.95991,94.95991,75.68131,75.68131,97.34841,97.34841
14.058029999999999,26.614711219999997,155.0,86.55,86.4192,13.65305880125366,90.54353580829597,90.54353580829597,15.611418344650975,56.69598147258224,94.95991,94.95991,75.68131,75.68131,97.34841,97.34841
14.058029999999999,26.614711219999997,155.0,86.55,86.4192,13.297953481644974,90.5716300907874,90.5716300907874,15.20537763380945,57.50652164611216,94.95991,94.95991,75.68131,75.68131,97.34841,97.34841
14.058029999999999,26.614711219999997,155.0,86.55,86.4192,9.972880001280538,90.83469445086267,90.83469445086267,15.238628368613094,57.249148043080176,94.95991,94.95991,75.68131,75.68131,97.34841,97.34841
14.058029999999999,26.614711219999997,155.0,86.55,86.4192,9.972880001280538,90.83469445086267,90.83469445086267,15.238628368613094,0.15789473684202598,94.95991,94.95991,75.68131,75.68131,97.34841,97.34841
14.058029999999999,26.614711219999997,155.0,86.55,86.4192,9.972880001280538,90.83469445086267,90.83469445086267,15.238628368613094,0.15789473684202598,94.95991,94.95991,75.68131,75.68131,97.34841,97.34841
14.058029999999999,26.614711219999997,155.0,86.55,131.76151853250747,9.972880001280538,120.07082736240268,120.07082736240268,15.238628368613094,0.15789473684215105,94.95991,94.95991,75.68131,75.68131,97.34841,97.34841
14.058029999999999,26.614711219999997,155.0,86.55,86.4192,9.972880001280538,91.60134607250171,91.60134607250171,15.238628368613094,-6.1,94.95991,94.95991,75.68131,75.68131,97.34841,97.34841
14.058029999999999,26.614711219999997,155.0,86.55,86.4192,9.972880001280538,91.60134607250171,91.60134607250171,15.238628368613094,-6.1,94.95991,94.95991,75.68131,75.68131,97.34841,97.34841
14.058029999999999,26.614711219999997,155.0,86.55,86.4192,9.972880001280538,90.83469445086267,90.83469445086267,15.238628368613094,0.15789473684202598,94.95991,94.95991,75.68131,75.68131,97.34841,97.34841
14.058029999999999,26.614711219999997,155.0,86.55,86.4192,13.297953481644974,90.5716300907874,90.5716300907874,15.20537763380945,5.63550350027432,94.95991,94.95991,75.68131,75.68131,97.34841,97.34841
14.058029999999999,26.614711219999997,155.0,86.55,86.4192,13.297953481644974,91.33828171242645,91.33828171242645,15.20537763380945,-6.1,94.95991,94.95991,75.68131,75.68131,97.34841,97.34841
14.058029999999999,26.614711219999997,155.0,86.55,86.4192,13.297953481644974,91.33828171242645,91.33828171242645,15.20537763380945,-6.1,94.95991,94.95991,75.68131,75.68131,97.34841,97.34841
14.058029999999999,26.614711219999997,155.0,86.55,86.4192,13.297953481644974,90.5716300907874,90.5716300907874,15.20537763380945,5.635503500274309,94.95991,94.95991,75.68131,75.68131,97.34841,97.34841
14.058029999999999,26.614711219999997,155.0,86.55,86.4192,8.981300001699678,90.91314365193853,90.91314365193853,15.248544168608904,0.15789473684210875,94.95991,94.95991,75.68131,75.68131,97.34841,97.34841
14.058029999999999,26.614711219999997,155.0,86.55,86.4192,9.972880001280538,91.60134607250171,91.60134607250171,15.238628368613094,-6.1,94.95991,94.95991,75.68131,75.68131,97.34841,97.34841
14.058029999999999,26.614711219999997,155.0,86.55,86.4192,9.972880001280538,90.83469445086267,90.83469445086267,15.238628368613094,57.249148043080176,94.95991,94.95991,75.68131,75.68131,97.34841,97.34841
14.058029999999999,26.614711219999997,155.0,86.55,86.4192,9.972880001280538,90.83469445086267,90.83469445086267,15.238628368613094,4.593914217268588,94.95991,94.95991,75.68131,75.68131,97.34841,97.34841
14.058029999999999,26.614711219999997,155.0,86.55,86.4192,9.972880001280538,90.83469445086267,90.83469445086267,15.238628368613094,4.593914217268588,94.95991,94.95991,75.68131,75.68131,97.34841,97.34841
14.058029999999999,26.614711219999997,155.0,86.55,86.4192,9.972880001280538,90.83469445086267,90.83469445086267,15.238628368613094,57.338455642897465,94.95991,94.95991,75.68131,75.68131,97.34841,97.34841
14.058029999999999,26.614711219999997,155.0,86.55,86.4192,9.972880001280538,90.83469445086267,90.83469445086267,15.238628368613094,57.249148043080176,94.95991,94.95991,75.68131,75.68131,97.34841,97.34841
14.058029999999999,26.614711219999997,155.0,86.55,86.4192,0.0,91.62370236636794,91.62370236636794,15.338357168625901,3.1943910139601086,94.95991,94.95991,75.68131,75.68131,97.34841,97.34841
14.058029999999999,26.614711219999997,155.0,86.55,86.4192,0.0,91.62370236636794,91.62370236636794,15.338357168625901,56.566515992934,94.95991,94.95991,75.68131,75.68131,97.34841,97.34841
14.058029999999999,26.614711219999997,155.0,86.55,86.4192,32.50042634420824,89.81907130541342,89.81907130541342,37.162203680860266,-6.1,94.95991,94.95991,75.68131,75.68131,97.34841,97.34841
14.058029999999999,26.614711219999997,155.0,86.55,86.4192,149.30329820924487,79.81151931763858,79.81151931763858,39.74408384049117,15.134185323638652,94.95991,94.95991,75.68131,75.68131,97.34841,97.34841
14.058029999999999,26.614711219999997,155.0,86.55,86.4192,60.24901377937241,87.62373203254305,87.62373203254305,37.96299815189372,-6.1,94.95991,94.95991,75.68131,75.68131,97.34841,97.34841
14.058029999999999,26.614711219999997,155.0,86.55,86.4192,32.719239353043584,89.0351082154759,89.0351082154759,37.412402663367146,11.719279797338944,94.95991,94.95991,75.68131,75.68131,97.34841,97.34841
14.058029999999999,26.614711219999997,155.0,86.55,86.4192,32.719239353043584,89.80175983711494,89.80175983711494,37.412402663367146,-6.1,94.95991,94.95991,75.68131,75.68131,97.34841,97.34841
14.058029999999999,26.614711219999997,155.0,86.55,86.4192,32.71923935304359,89.0351082154759,89.0351082154759,37.41240266336715,13.17676494822698,94.95991,94.95991,75.68131,75.68131,97.34841,97.34841
14.058029999999999,26.614711219999997,155.0,86.55,86.4192,32.65297063395865,89.04035108853782,89.04035108853782,37.33662853012281,13.32802559148036,94.95991,94.95991,75.68131,75.68131,97.34841,97.34841
14.058029999999999,26.614711219999997,155.0,86.55,86.4192,32.65297063395865,89.04035108853782,89.04035108853782,37.33662853012281,13.32802559148036,94.95991,94.95991,75.68131,75.68131,97.34841,97.34841
14.058029999999999,26.614711219999997,155.0,86.55,86.4192,32.719239353043584,89.0351082154759,89.0351082154759,37.412402663367146,0.3603366227152105,94.95991,94.95991,75.68131,75.68131,97.34841,97.34841
14.058029999999999,26.614711219999997,155.0,86.55,86.4192,32.719239353043584,89.0351082154759,89.0351082154759,37.412402663367146,13.17676494822699,94.95991,94.95991,75.68131,75.68131,97.34841,97.34841
14.058029999999999,26.614711219999997,155.0,86.55,86.4192,32.719239353043584,89.0351082154759,89.0351082154759,37.412402663367146,13.26607254804429,94.95991,94.95991,75.68131,75.68131,97.34841,97.34841
14.058029999999999,26.614711219999997,155.0,86.55,86.4192,58.504756584939315,86.99507793347603,86.99507793347603,37.92811300800506,5.291951122480804,94.95991,94.95991,75.68131,75.68131,97.34841,97.34841
14.058029999999999,26.614711219999997,155.0,138.08300277435546,86.4192,60.24901377937241,87.62373203254305,87.62373203254305,37.96299815189372,-6.1,94.95991,94.95991,75.68131,75.68131,97.34841,97.34841
14.058029999999999,26.614711219999997,155.0,86.55,86.4192,147.14269194331203,79.98245644371373,79.98245644371373,39.70087171517252,4.810415413593444,94.95991,94.95991,75.68131,75.68131,97.34841,97.34841
14.058029999999999,26.614711219999997,155.0,86.55,86.4192,107.20007407709986,83.90918235265966,83.90918235265966,38.902019357848275,-6.1,94.95991,94.95991,75.68131,75.68131,97.34841,97.34841
14.058029999999999,26.614711219999997,155.0,86.55,86.4192,13.297953481644974,90.5716300907874,90.5716300907874,36.62503834148983,0.15789473684206345,94.95991,94.95991,75.68131,75.68131,97.34841,97.34841
14.058029999999999,26.614711219999997,155.0,86.55,86.4192,0.0,91.62370236636794,91.62370236636794,36.758017876306276,0.15789473684201247,94.95991,94.95991,75.68131,75.68131,97.34841,97.34841
14.058029999999999,26.614711219999997,155.0,86.55,86.4192,0.0,92.39035398800698,92.39035398800698,36.758017876306276,-6.1,94.95991,94.95991,75.68131,75.68131,97.34841,97.34841
14.058029999999999,26.614711219999997,155.0,86.55,86.4192,0.0,91.62370236636794,91.62370236636794,36.758017876306276,1.4698795180722621,94.95991,94.95991,75.68131,75.68131,97.34841,97.34841
14.058029999999999,26.614711219999997,155.0,86.55,86.4192,0.0,91.62370236636794,91.62370236636794,36.758017876306276,12.652480327818099,94.95991,94.95991,75.68131,75.68131,97.34841,97.34841
14.058029999999999,26.614711219999997,155.0,86.55,86.4192,0.0,91.62370236636794,91.62370236636794,36.758017876306276,12.652480327818099,94.95991,94.95991,75.68131,75.68131,97.34841,97.34841
14.058029999999999,26.614711219999997,155.0,86.55,86.4192,0.0,91.62370236636794,91.62370236636794,36.758017876306276,12.652480327818099,94.95991,94.95991,75.68131,75.68131,97.34841,97.34841
14.058029999999999,26.614711219999997,155.0,86.55,86.4192,0.0,92.39035398800698,92.39035398800698,36.758017876306276,-6.1,94.95991,94.95991,75.68131,75.68131,97.34841,97.34841
14.058029999999999,26.614711219999997,155.0,86.55,86.4192,0.0,91.62370236636794,91.62370236636794,36.758017876306276,1.4698795180722621,94.95991,94.95991,75.68131,75.68131,97.34841,97.34841
14.058029999999999,26.614711219999997,155.0,86.55,86.4192,0.0,91.62370236636794,91.62370236636794,36.758017876306276,0.15789473684201247,94.95991,94.95991,75.68131,75.68131,97.34841,97.34841
14.058029999999999,26.614711219999997,155.0,86.55,86.4192,32.719239353043584,89.0351082154759,89.0351082154759,37.412402663367146,13.17676494822699,94.95991,94.95991,75.68131,75.68131,97.34841,97.34841
14.058029999999999,26.614711219999997,155.0,86.55,86.4192,32.719239353043584,89.0351082154759,89.0351082154759,37.412402663367146,0.15789473684210073,94.95991,94.95991,75.68131,75.68131,97.34841,97.34841
14.058029999999999,26.614711219999997,155.0,86.55,86.4192,32.719239353043584,89.0351082154759,89.0351082154759,37.412402663367146,-6.1,94.95991,94.95991,75.68131,75.68131,97.34841,97.34841
14.058029999999999,26.614711219999997,155.0,86.55,86.4192,31.86823767518157,89.24894805674641,89.24894805674641,36.43933549955446,-1.0380331786988353,94.95991,94.95991,75.68131,75.68131,97.34841,97.34841
14.058029999999999,26.614711219999997,155.0,86.55,86.4192,13.297953481644974,90.5716300907874,90.5716300907874,36.62503834148983,13.771101180630872,94.95991,94.95991,75.68131,75.68131,97.34841,97.34841
14.058029999999999,26.614711219999997,155.0,86.55,86.4192,13.297953481644974,90.5716300907874,90.5716300907874,36.62503834148983,5.635503500274309,94.95991,94.95991,75.68131,75.68131,97.34841,97.34841
14.058029999999999,26.614711219999997,155.0,86.55,86.4192,13.297953481644974,91.33828171242645,91.33828171242645,36.62503834148983,-6.1,94.95991,94.95991,75.68131,75.68131,97.34841,97.34841
14.058029999999999,26.614711219999997,155.0,86.55,86.4192,31.86823767518157,89.10243551309256,89.10243551309256,36.43933549955446,11.452700958490599,94.95991,94.95991,75.68131,75.68131,97.34841,97.34841
14.058029999999999,26.614711219999997,155.0,86.55,86.4192,31.86823767518157,89.10243551309256,89.10243551309256,36.43933549955446,11.452700958490599,94.95991,94.95991,75.68131,75.68131,97.34841,97.34841
14.058029999999999,26.614711219999997,155.0,86.55,86.4192,32.719239353043584,89.0351082154759,89.0351082154759,37.412402663367146,0.15789473684210073,94.95991,94.95991,75.68131,75.68131,97.34841,97.34841
14.058029999999999,26.614711219999997,155.0,86.55,86.4192,32.719239353043584,89.0351082154759,89.0351082154759,37.412402663367146,0.15789473684201247,94.95991,94.95991,75.68131,75.68131,97.34841,97.34841
14.058029999999999,26.614711219999997,155.0,86.55,86.4192,32.719239353043584,89.80175983711494,89.80175983711494,37.412402663367146,-6.1,94.95991,94.95991,75.68131,75.68131,97.34841,97.34841
14.058029999999999,26.614711219999997,155.0,86.55,86.4192,120.68367941353199,82.07577054352934,82.07577054352934,39.17169146457692,14.675591961652026,94.95991,94.95991,75.68131,75.68131,97.34841,97.34841
14.058029999999999,26.614711219999997,155.0,146.93924751960026,86.4192,120.68367941353199,82.07577054352934,82.07577054352934,39.17169146457692,0.15789473684206026,94.95991,94.95991,75.68131,75.68131,97.34841,97.34841
14.058029999999999,26.614711219999997,155.0,86.55,86.4192,9.972880001280538,90.83469445086267,90.83469445086267,36.65828907629347,0.15789473684202598,94.95991,94.95991,75.68131,75.68131,97.34841,97.34841
14.058029999999999,26.614711219999997,155.0,86.55,125.66703627602323,9.972880001280538,116.90783667539243,116.90783667539243,36.65828907629347,-6.1,94.95991,94.95991,75.68131,75.68131,97.34841,97.34841
14.058029999999999,26.614711219999997,155.0,86.55,169.9262060605,13.297953481644974,144.41585348397845,144.41585348397845,36.62503834148983,5.635503500274342,94.95991,94.95991,75.68131,75.68131,97.34841,97.34841
14.058029999999999,26.614711219999997,155.0,86.55,86.4192,13.297953481644974,90.5716300907874,90.5716300907874,36.62503834148983,13.681793580813562,94.95991,94.95991,75.68131,75.68131,97.34841,97.34841
14.058029999999999,26.614711219999997,155.0,86.55,86.4192,11.009169758688746,91.51935964318068,91.51935964318068,36.64792617871939,-6.1,94.95991,94.95991,75.68131,75.68131,97.34841,97.34841
14.058029999999999,26.614711219999997,155.0,86.55,86.4192,9.972880001280538,90.83469445086267,90.83469445086267,36.65828907629347,13.424419977781568,94.95991,94.95991,75.68131,75.68131,97.34841,97.34841
14.058029999999999,26.614711219999997,155.0,86.55,86.4192,9.972880001280538,90.83469445086267,90.83469445086267,36.65828907629347,4.593914217268588,94.95991,94.95991,75.68131,75.68131,97.34841,97.34841
14.058029999999999,26.614711219999997,155.0,86.55,86.4192,9.972880001280538,91.60134607250171,91.60134607250171,36.65828907629347,-6.1,94.95991,94.95991,75.68131,75.68131,97.34841,97.34841
14.058029999999999,26.614711219999997,155.0,86.55,86.4192,9.972880001280538,90.83469445086267,90.83469445086267,36.65828907629347,4.593914217268588,94.95991,94.95991,75.68131,75.68131,97.34841,97.34841
14.058029999999999,26.614711219999997,155.0,86.55,86.4192,32.719239353043584,89.0351082154759,89.0351082154759,37.412402663367146,0.15789473684210073,94.95991,94.95991,75.68131,75.68131,97.34841,97.34841
14.058029999999999,26.614711219999997,155.0,86.55,86.4192,32.719239353043584,89.80175983711494,89.80175983711494,37.412402663367146,-6.1,94.95991,94.95991,75.68131,75.68131,97.34841,97.34841
14.058029999999999,26.614711219999997,155.0,86.55,86.4192,32.719239353043584,89.0351082154759,89.0351082154759,37.412402663367146,11.719279797338944,94.95991,94.95991,75.68131,75.68131,97.34841,97.34841
14.058029999999999,26.614711219999997,155.0,86.55,86.4192,32.719239353043584,89.80175983711494,89.80175983711494,37.412402663367146,-6.1,94.95991,94.95991,75.68131,75.68131,97.34841,97.34841
14.058029999999999,26.614711219999997,155.0,86.55,86.4192,32.719239353043584,89.80175983711494,89.80175983711494,37.412402663367146,-6.1,94.95991,94.95991,75.68131,75.68131,97.34841,97.34841
14.058029999999999,26.614711219999997,155.0,86.55,86.4192,32.719239353043584,89.0351082154759,89.0351082154759,37.412402663367146,13.17676494822699,94.95991,94.95991,75.68131,75.68131,97.34841,97.34841
14.058029999999999,26.614711219999997,155.0,86.55,86.4192,32.719239353043584,26415.285454420264,26415.285454420264,37.412402663367146,-6.1,94.95991,94.95991,75.68131,75.68131,97.34841,97.34841
14.058029999999999,26.614711219999997,155.0,86.55,86.4192,32.719239353043584,89.0351082154759,89.0351082154759,37.412402663367146,13.17676494822699,94.95991,94.95991,75.68131,75.68131,97.34841,97.34841
14.05803,26.614711220000004,155.0,86.55,86.4192,57.813213210684765,87.81644125285253,87.81644125285253,47.57612268926737,-6.1,94.95991,94.95991,75.68131,75.68131,97.34841,97.34841
14.05803,26.614711220000004,155.0,86.55,86.4192,57.813213210684765,87.04978963121349,87.04978963121349,47.57612268926737,-6.1,94.95991,94.95991,75.68131,75.68131,97.34841,97.34841
14.05803,26.614711220000004,155.0,86.55,86.4192,57.813213210684765,87.04978963121349,87.04978963121349,47.57612268926737,-6.1,94.95991,94.95991,75.68131,75.68131,97.34841,97.34841
14.05803,26.614711220000004,155.0,86.55,86.4192,57.813213210684765,87.04978963121349,87.04978963121349,47.57612268926737,-6.1,94.95991,94.95991,75.68131,75.68131,97.34841,97.34841
14.05803,26.614711220000004,155.0,86.55,86.4192,57.813213210684765,87.04978963121349,87.04978963121349,47.57612268926737,-6.1,94.95991,94.95991,75.68131,75.68131,97.34841,97.34841
14.05803,26.614711220000004,155.0,86.55,86.4192,57.813213210684765,87.04978963121349,87.04978963121349,47.57612268926737,-6.1,94.95991,94.95991,75.68131,75.68131,97.34841,97.34841
14.05803,26.614711220000004,155.0,86.55,86.4192,6.594645633083849,91.86861627495043,91.86861627495043,36.809729804688985,-6.1,94.95991,94.95991,75.68131,75.68131,97.34841,97.34841
14.05803,26.614711220000004,155.0,125.66703627602321,86.4192,9.97288000128054,90.83469445086266,90.83469445086266,36.77594746100702,-6.1,94.95991,94.95991,75.68131,75.68131,97.34841,97.34841
14.05803,26.614711220000004,155.0,86.55,86.4192,9.97288000128054,90.83469445086266,90.83469445086266,36.77594746100702,-6.1,94.95991,94.95991,75.68131,75.68131,97.34841,97.34841
14.05803,26.614711220000004,155.0,86.55,86.4192,9.97288000128054,90.83469445086266,90.83469445086266,36.77594746100702,0.15789473684202682,94.95991,94.95991,75.68131,75.68131,97.34841,97.34841
14.05803,26.614711220000004,155.0,130.5763861215673,86.4192,0.0,91.62370236636792,91.62370236636792,36.87567626101983,1.469879518072277,94.95991,94.95991,75.68131,75.68131,97.34841,97.34841
14.05803,26.614711220000004,155.0,86.55,86.4192,0.0,91.62370236636792,91.62370236636792,36.87567626101983,20.532895768667064,94.95991,94.95991,75.68131,75.68131,97.34841,97.34841
14.05803,26.614711220000004,155.0,123.20417895818899,86.4192,0.0,91.62370236636792,91.62370236636792,36.87567626101983,-6.1,94.95991,94.95991,75.68131,75.68131,97.34841,97.34841
14.05803,26.614711220000004,155.0,86.55,86.4192,0.0,92.39035398800698,92.39035398800698,36.87567626101983,-6.1,94.95991,94.95991,75.68131,75.68131,97.34841,97.34841
14.05803,26.614711220000004,155.0,86.55,86.4192,0.0,91.62370236636792,91.62370236636792,36.87567626101983,1.469879518072277,94.95991,94.95991,75.68131,75.68131,97.34841,97.34841
14.05803,26.614711220000004,155.0,86.55,86.4192,0.0,92.39035398800698,92.39035398800698,36.87567626101983,-6.1,94.95991,94.95991,75.68131,75.68131,97.34841,97.34841
14.05803,26.614711220000004,155.0,123.20417895818899,86.4192,0.0,91.62370236636792,91.62370236636792,36.87567626101983,-6.1,94.95991,94.95991,75.68131,75.68131,97.34841,97.34841
14.05803,26.614711220000004,155.0,86.55,86.4192,43.62821199249501,88.93869262268419,88.93869262268419,37.78451707344115,-6.1,94.95991,94.95991,75.68131,75.68131,97.34841,97.34841
14.05803,26.614711220000004,155.0,149.8609356252668,86.4192,217.13242449090865,74.44519409050585,74.44519409050585,41.254601323409425,-6.1,94.95991,94.95991,75.68131,75.68131,97.34841,97.34841
14.05803,26.614711220000004,155.0,86.55,86.4192,32.85626074329257,89.79091934154235,89.79091934154235,37.569078048457136,-6.1,94.95991,94.95991,75.68131,75.68131,97.34841,97.34841
14.05803,26.614711220000004,155.0,148.63833898441825,86.4192,32.71923935304359,89.03510821547589,89.03510821547589,37.412402663367146,11.719279797338944,94.95991,94.95991,75.68131,75.68131,97.34841,97.34841
14.05803,26.614711220000004,155.0,86.55,86.4192,32.67506020698697,89.03860346418384,89.03860346418384,37.3618865745376,0.1578947368420837,94.95991,94.95991,75.68131,75.68131,97.34841,97.34841
14.05803,26.614711220000004,155.0,131.27346397225904,86.4192,32.67506020698697,89.80525508582289,89.80525508582289,37.36188657453759,-6.1,94.95991,94.95991,75.68131,75.68131,97.34841,97.34841
14.05803,26.614711220000004,155.0,131.27346397225907,86.4192,32.67506020698697,89.03860346418384,89.03860346418384,37.3618865745376,-6.1,94.95991,94.95991,75.68131,75.68131,97.34841,97.34841
14.05803,26.614711220000004,155.0,86.55,86.4192,32.71923935304359,89.03510821547589,89.03510821547589,37.412402663367146,13.176764948226989,94.95991,94.95991,75.68131,75.68131,97.34841,97.34841
14.05803,26.614711220000004,155.0,86.55,86.4192,32.71923935304359,89.03510821547589,89.03510821547589,37.412402663367146,11.719279797338947,94.95991,94.95991,75.68131,75.68131,97.34841,97.34841
14.05803,26.614711220000004,155.0,86.55,86.4192,32.7192393530436,89.03510821547589,89.03510821547589,37.41240266336716,25.728250953119538,94.95991,94.95991,75.68131,75.68131,97.34841,97.34841
14.05803,26.614711220000004,155.0,149.78701393118354,86.4192,32.856260743292545,89.02426771990329,89.02426771990329,37.5690780484571,12.864008886019612,94.95991,94.95991,75.68131,75.68131,97.34841,97.34841
14.05803,26.614711220000004,155.0,86.55,86.55000000000003,43.62821199249501,88.2563791272944,88.2563791272944,37.78451707344115,13.125923443804773,94.95991,94.95991,75.68131,75.68131,97.34841,97.34841
14.05803,26.614711220000004,155.0,86.55,86.4192,43.62821199249501,88.93869262268419,88.93869262268419,37.78451707344115,-6.1,94.95991,94.95991,75.68131,75.68131,97.34841,97.34841
14.05803,26.614711220000004,155.0,86.55,86.4192,32.71923935304359,89.03510821547589,89.03510821547589,37.41240266336715,-0.8360896565896987,94.95991,94.95991,75.68131,75.68131,97.34841,97.34841
14.05803,26.614711220000004,155.0,86.55,86.4192,19.94576000256108,90.04568653535739,90.04568653535739,36.71249523356565,-6.1,94.95991,94.95991,75.68131,75.68131,97.34841,97.34841
14.05803,26.614711220000004,155.0,86.55,86.4192,0.0,92.39035398800698,92.39035398800698,36.91195283359126,-6.1,94.95991,94.95991,75.68131,75.68131,97.34841,97.34841
14.05803,26.614711220000004,155.0,86.55,86.4192,0.0,91.62370236636792,91.62370236636792,36.91195283359126,-6.1,94.95991,94.95991,75.68131,75.68131,97.34841,97.34841
14.05803,26.614711220000004,155.0,86.55,86.4192,0.0,91.62370236636792,91.62370236636792,36.91195283359126,-6.1,94.95991,94.95991,75.68131,75.68131,97.34841,97.34841
14.05803,26.614711220000004,155.0,86.55,86.4192,0.0,91.62370236636792,91.62370236636792,36.91195283359126,12.426836270145394,94.95991,94.95991,75.68131,75.68131,97.34841,97.34841
14.05803,26.614711220000004,155.0,86.55,86.4192,0.0,91.62370236636792,91.62370236636792,36.91195283359126,0.15789473684209404,94.95991,94.95991,75.68131,75.68131,97.34841,97.34841
14.05803,26.614711220000004,155.0,86.55,86.4192,9.97288000128054,90.83469445086266,90.83469445086266,36.81222403357845,-6.1,94.95991,94.95991,75.68131,75.68131,97.34841,97.34841
14.05803,26.614711220000004,155.0,86.55,86.4192,9.97288000128054,90.83469445086266,90.83469445086266,36.81222403357845,13.109468320291574,94.95991,94.95991,75.68131,75.68131,97.34841,97.34841
14.05803,26.614711220000004,155.0,86.55,86.4192,6.594645633083849,91.10196465331138,91.10196465331138,36.846006377260416,9.040759793920738,94.95991,94.95991,75.68131,75.68131,97.34841,97.34841
14.05803,26.614711220000004,155.0,86.55,86.4192,32.71923935304359,89.03510821547589,89.03510821547589,37.41240266336715,39.46057140899525,94.95991,94.95991,75.68131,75.68131,97.34841,97.34841
14.05803,26.614711220000004,155.0,86.55,86.4192,60.24901377937242,86.857080410904,86.857080410904,38.90635692226745,10.879375561596916,94.95991,94.95991,75.68131,75.68131,97.34841,97.34841
14.05803,26.614711220000004,155.0,86.55,86.4192,186.32116387499272,76.88283783128402,76.88283783128402,41.42779992417985,-6.1,94.95991,94.95991,75.68131,75.68131,97.34841,97.34841
14.05803,26.614711220000004,155.0,86.55,86.4192,43.62821199249501,88.17204100104513,88.17204100104513,38.5739408865299,15.136548334998434,94.95991,94.95991,75.68131,75.68131,97.34841,97.34841
14.05803,26.614711220000004,155.0,86.55,86.4192,33.558946801565895,88.96867446479327,88.96867446479327,38.372555582711314,-6.1,94.95991,94.95991,75.68131,75.68131,97.34841,97.34841
14.05803,26.614711220000004,155.0,86.55,86.4192,32.7192393530436,89.03510821547589,89.03510821547589,37.41240266336716,-6.1,94.95991,94.95991,75.68131,75.68131,97.34841,97.34841
14.05803,26.614711220000004,155.0,86.55,86.4192,32.7192393530436,89.03510821547589,89.03510821547589,37.41240266336716,24.40932423109674,94.95991,94.95991,75.68131,75.68131,97.34841,97.34841
14.05803,26.614711220000004,155.0,86.55,86.4192,33.5589468015659,88.96867446479327,88.96867446479327,38.37255558271132,11.982320684827856,94.95991,94.95991,75.68131,75.68131,97.34841,97.34841
14.05803,26.614711220000004,155.0,86.55,86.4192,43.62821199249501,88.93869262268419,88.93869262268419,38.5739408865299,-6.1,94.95991,94.95991,75.68131,75.68131,97.34841,97.34841
14.05803,26.614711220000004,155.0,86.55,86.4192,43.62821199249501,88.17204100104513,88.17204100104513,38.5739408865299,12.704247681105606,94.95991,94.95991,75.68131,75.68131,97.34841,97.34841
14.05803,26.614711220000004,155.0,86.55,86.4192,60.24901377937242,86.857080410904,86.857080410904,38.90635692226744,-1.8977931196162903,94.95991,94.95991,75.68131,75.68131,97.34841,97.34841
14.05803,26.614711220000004,155.0,86.55,86.4192,60.24901377937242,86.857080410904,86.857080410904,38.90635692226744,-1.8977931196162903,94.95991,94.95991,75.68131,75.68131,97.34841,97.34841
14.05803,26.614711220000004,155.0,86.55,86.4192,86.93908075717894,84.74548635701474,84.74548635701474,39.440158261823576,-3.783406699687788,94.95991,94.95991,75.68131,75.68131,97.34841,97.34841
14.05803,26.614711220000004,155.0,86.55,86.4192,86.93908075717894,84.74548635701474,84.74548635701474,39.440158261823576,-3.7016691646618836,94.95991,94.95991,75.68131,75.68131,97.34841,97.34841
14.05803,26.614711220000004,155.0,86.55,86.4192,33.558946801565895,88.96867446479327,88.96867446479327,38.372555582711314,11.26010365520647,94.95991,94.95991,75.68131,75.68131,97.34841,97.34841
14.05803,26.614711220000004,155.0,86.55,86.4192,33.5589468015659,88.96867446479327,88.96867446479327,38.37255558271132,11.260103655206457,94.95991,94.95991,75.68131,75.68131,97.34841,97.34841
14.05803,26.614711220000004,155.0,86.55,86.4192,32.71923935304359,89.80175983711494,89.80175983711494,37.412402663367146,-6.1,94.95991,94.95991,75.68131,75.68131,97.34841,97.34841
14.05803,26.614711220000004,155.0,86.55,86.4192,32.686104993501125,89.03772965200686,89.03772965200686,37.374515596744985,-6.1,94.95991,94.95991,75.68131,75.68131,97.34841,97.34841
14.05803,26.614711220000004,155.0,86.55,86.4192,32.686104993501125,89.03772965200686,89.03772965200686,37.374515596744985,13.341702869670966,94.95991,94.95991,75.68131,75.68131,97.34841,97.34841
14.05803,26.614711220000004,155.0,86.55,86.4192,32.686104993501125,89.80438127364592,89.80438127364592,37.374515596744985,-6.1,94.95991,94.95991,75.68131,75.68131,97.34841,97.34841
14.05803,26.614711220000004,155.0,86.55,86.4192,32.686104993501125,89.03772965200686,89.03772965200686,37.374515596744985,0.15789473684199284,94.95991,94.95991,75.68131,75.68131,97.34841,97.34841
14.05803,26.614711220000004,155.0,86.55,86.4192,9.97288000128054,90.83469445086266,90.83469445086266,37.60164784666719,11.494303430005521,94.95991,94.95991,75.68131,75.68131,97.34841,97.34841
14.05803,26.614711220000004,155.0,86.55,86.4192,9.97288000128054,90.83469445086266,90.83469445086266,37.60164784666719,-6.1,94.95991,94.95991,75.68131,75.68131,97.34841,97.34841
14.05803,26.614711220000004,155.0,86.55,86.4192,9.97288000128054,90.83469445086266,90.83469445086266,37.60164784666719,11.494303430005521,94.95991,94.95991,75.68131,75.68131,97.34841,97.34841
14.05803,26.614711220000004,155.0,86.55,86.4192,32.686104993501125,89.80438127364592,89.80438127364592,37.374515596744985,-6.1,94.95991,94.95991,75.68131,75.68131,97.34841,97.34841
14.05803,26.614711220000004,155.0,86.55,86.4192,43.62821199249501,88.17204100104513,88.17204100104513,38.5739408865299,23.090817056221077,94.95991,94.95991,75.68131,75.68131,97.34841,97.34841
14.05803,26.614711220000004,155.0,86.55,86.4192,215.68970468999726,74.55933537593485,74.55933537593485,42.01517074047994,-6.1,94.95991,94.95991,75.68131,75.68131,97.34841,97.34841
14.05803,26.614711220000004,155.0,86.55,86.4192,33.558946801565895,88.96867446479327,88.96867446479327,38.372555582711314,-6.1,94.95991,94.95991,75.68131,75.68131,97.34841,97.34841
14.05803,26.614711220000004,155.0,86.55,86.4192,32.7192393530436,89.03510821547589,89.03510821547589,37.41240266336716,11.719279797338949,94.95991,94.95991,75.68131,75.68131,97.34841,97.34841
14.05803,26.614711220000004,155.0,86.55,86.4192,32.7192393530436,89.03510821547589,89.03510821547589,37.41240266336716,13.176764948226962,94.95991,94.95991,75.68131,75.68131,97.34841,97.34841
14.05803,26.614711220000004,155.0,86.55,86.4192,32.7192393530436,89.03510821547589,89.03510821547589,37.41240266336716,11.719279797338949,94.95991,94.95991,75.68131,75.68131,97.34841,97.34841
14.05803,26.614711220000004,155.0,86.55,86.4192,32.7192393530436,89.03510821547589,89.03510821547589,37.41240266336716,25.728250953119538,94.95991,94.95991,75.68131,75.68131,97.34841,97.34841
14.05803,26.614711220000004,155.0,86.55,86.4192,32.7192393530436,89.03510821547589,89.03510821547589,37.41240266336716,13.176764948226962,94.95991,94.95991,75.68131,75.68131,97.34841,97.34841
14.05803,26.614711220000004,155.0,86.55,86.4192,32.7192393530436,89.03510821547589,89.03510821547589,37.41240266336716,13.176764948226962,94.95991,94.95991,75.68131,75.68131,97.34841,97.34841
14.05803,26.614711220000004,155.0,86.55,86.4192,32.7192393530436,89.03510821547589,89.03510821547589,37.41240266336716,49.43661340680551,94.95991,94.95991,75.68131,75.68131,97.34841,97.34841
14.05803,26.614711220000004,155.0,86.55,86.4192,32.7192393530436,89.03510821547589,89.03510821547589,37.41240266336716,1.9442056653571644,94.95991,94.95991,75.68131,75.68131,97.34841,97.34841
14.05803,26.614711220000004,155.0,86.55,86.4192,33.558946801565895,88.96867446479327,88.96867446479327,38.372555582711314,11.26010365520647,94.95991,94.95991,75.68131,75.68131,97.34841,97.34841
14.05803,26.614711220000004,155.0,86.55,86.4192,33.558946801565895,89.73532608643232,89.73532608643232,38.372555582711314,-6.1,94.95991,94.95991,75.68131,75.68131,97.34841,97.34841
14.05803,26.614711220000004,155.0,86.55,86.4192,32.686104993501125,89.03772965200686,89.03772965200686,37.374515596744985,11.708900359409968,94.95991,94.95991,75.68131,75.68131,97.34841,97.34841
14.05803,26.614711220000004,155.0,131.27619154275894,86.4192,32.686104993501125,89.03772965200686,89.03772965200686,37.374515596744985,-6.1,94.95991,94.95991,75.68131,75.68131,97.34841,97.34841
14.05803,26.614711220000004,155.0,86.55,86.4192,32.71923935304359,89.80175983711494,89.80175983711494,37.412402663367146,-6.1,94.95991,94.95991,75.68131,75.68131,97.34841,97.34841
14.05803,26.614711220000004,155.0,86.55,86.4192,32.686104993501125,89.03772965200686,89.03772965200686,37.374515596744985,-6.1,94.95991,94.95991,75.68131,75.68131,97.34841,97.34841
14.05803,26.614711220000004,155.0,86.55,86.4192,32.686104993501125,89.80438127364592,89.80438127364592,37.374515596744985,-6.1,94.95991,94.95991,75.68131,75.68131,97.34841,97.34841
14.05803,26.614711220000004,155.0,86.55,86.4192,32.71923935304359,89.03510821547589,89.03510821547589,37.41240266336715,-6.1,94.95991,94.95991,75.68131,75.68131,97.34841,97.34841
14.05803,26.614711220000004,155.0,131.28437425425855,86.4192,32.7192393530436,89.80175983711494,89.80175983711494,37.41240266336716,-6.1,94.95991,94.95991,75.68131,75.68131,97.34841,97.34841
14.05803,26.614711220000004,155.0,86.55,86.4192,32.71923935304359,89.03510821547589,89.03510821547589,37.412402663367146,11.719279797338947,94.95991,94.95991,75.68131,75.68131,97.34841,97.34841
14.05803,26.614711220000004,155.0,86.55,86.4192,32.71923935304359,89.80175983711494,89.80175983711494,37.41240266336715,-6.1,94.95991,94.95991,75.68131,75.68131,97.34841,97.34841
14.05803,26.614711220000004,155.0,86.55,86.4192,33.558946801565895,88.96867446479327,88.96867446479327,38.372555582711314,8.57430918470808,94.95991,94.95991,75.68131,75.68131,97.34841,97.34841
14.05803,26.614711220000004,155.0,86.55,86.4192,43.62821199249501,88.17204100104513,88.17204100104513,38.5739408865299,15.136548334998421,94.95991,94.95991,75.68131,75.68131,97.34841,97.34841
14.05803,26.614711220000004,155.0,86.55,86.4192,57.813213210684765,87.04978963121349,87.04978963121349,38.85764091089369,11.738055340553762,94.95991,94.95991,75.68131,75.68131,97.34841,97.34841
14.05803,26.614711220000004,155.0,86.55,86.4192,179.6617384527398,77.40970062018754,77.40970062018754,41.29461141573479,13.690524562549017,94.95991,94.95991,75.68131,75.68131,97.34841,97.34841
14.05803,26.614711220000004,155.0,86.55,86.4192,57.813213210684765,87.04978963121349,87.04978963121349,38.85764091089369,5.227120592746427,94.95991,94.95991,75.68131,75.68131,97.34841,97.34841
14.05803,26.614711220000004,155.0,86.55,86.4192,57.813213210684765,87.81644125285253,87.81644125285253,38.85764091089369,-6.1,94.95991,94.95991,75.68131,75.68131,97.34841,97.34841
14.05803,26.614711220000004,155.0,86.55,86.4192,43.62821199249499,88.17204100104513,88.17204100104513,38.5739408865299,12.704247681105606,94.95991,94.95991,75.68131,75.68131,97.34841,97.34841
14.05803,26.614711220000004,155.0,86.55,86.4192,43.62821199249499,88.17204100104513,88.17204100104513,38.5739408865299,11.421450953701402,94.95991,94.95991,75.68131,75.68131,97.34841,97.34841
14.05803,26.614711220000004,155.0,86.55,86.4192,57.813213210684765,87.04978963121349,87.04978963121349,38.85764091089369,11.738055340553762,94.95991,94.95991,75.68131,75.68131,97.34841,97.34841
14.05803,26.614711220000004,155.0,86.55,103.51016526311642,43.62821199249501,99.19207147568333,99.19207147568333,38.5739408865299,23.090817056221077,94.95991,94.95991,75.68131,75.68131,97.34841,97.34841
14.05803,26.614711220000004,155.0,86.55,86.4192,43.62821199249501,88.17204100104513,88.17204100104513,38.5739408865299,21.771890334198297,94.95991,94.95991,75.68131,75.68131,97.34841,97.34841
14.05803,26.614711220000004,155.0,86.55,86.4192,43.62821199249501,88.17204100104513,88.17204100104513,38.5739408865299,24.336470071464827,94.95991,94.95991,75.68131,75.68131,97.34841,97.34841
14.05803,26.614711220000004,155.0,86.55,86.4192,43.62821199249501,88.17204100104513,88.17204100104513,38.5739408865299,23.090817056221077,94.95991,94.95991,75.68131,75.68131,97.34841,97.34841
14.05803,26.614711220000004,155.0,86.55,120.25986760880582,43.62821199249501,109.99206009241517,109.99206009241517,38.5739408865299,11.5107585535187,94.95991,94.95991,75.68131,75.68131,97.34841,97.34841
14.05803,26.614711220000004,155.0,86.55,86.4192,32.58670191487374,89.04559396159972,89.04559396159972,37.260854396878486,13.479286234733701,94.95991,94.95991,75.68131,75.68131,97.34841,97.34841
14.05803,26.614711220000004,155.0,86.55,86.4192,0.0,91.62370236636792,91.62370236636792,36.87567626101982,12.411750710993484,94.95991,94.95991,75.68131,75.68131,97.34841,97.34841
14.05803,26.614711220000004,155.0,86.55,86.4192,0.0,91.62370236636792,91.62370236636792,36.87567626101982,1.469879518072277,94.95991,94.95991,75.68131,75.68131,97.34841,97.34841
14.05803,26.614711220000004,155.0,86.55,86.4192,0.0,91.62370236636792,91.62370236636792,36.87567626101982,20.624536666523998,94.95991,94.95991,75.68131,75.68131,97.34841,97.34841
14.05803,26.614711220000004,155.0,86.55,86.4192,0.0,91.62370236636792,91.62370236636792,36.87567626101982,-6.1,94.95991,94.95991,75.68131,75.68131,97.34841,97.34841
14.05803,26.614711220000004,155.0,86.55,86.4192,0.0,91.62370236636792,91.62370236636792,36.87567626101982,12.411750710993484,94.95991,94.95991,75.68131,75.68131,97.34841,97.34841
14.05803,26.614711220000004,155.0,86.55,86.4192,0.0,92.39035398800698,92.39035398800698,36.87567626101982,-6.1,94.95991,94.95991,75.68131,75.68131,97.34841,97.34841
14.05803,26.614711220000004,155.0,86.55,86.4192,0.0,92.39035398800698,92.39035398800698,36.87567626101982,-6.1,94.95991,94.95991,75.68131,75.68131,97.34841,97.34841
14.05803,26.614711220000004,155.0,86.55,86.4192,0.0,91.62370236636792,91.62370236636792,36.87567626101981,12.501058310810794,94.95991,94.95991,75.68131,75.68131,97.34841,97.34841
14.05803,26.614711220000004,155.0,86.55,86.4192,0.0,92.39035398800698,92.39035398800698,36.87567626101982,-6.1,94.95991,94.95991,75.68131,75.68131,97.34841,97.34841
14.05803,26.614711220000004,155.0,86.55,86.4192,0.0,91.62370236636792,91.62370236636792,36.87567626101982,-6.1,94.95991,94.95991,75.68131,75.68131,97.34841,97.34841
14.05803,26.614711220000004,155.0,86.55,86.4192,0.0,91.62370236636792,91.62370236636792,36.87567626101982,1.469879518072277,94.95991,94.95991,75.68131,75.68131,97.34841,97.34841
14.05803,26.614711220000004,155.0,86.55,86.4192,32.71923935304359,89.03510821547589,89.03510821547589,37.41240266336715,-0.9962857134044402,94.95991,94.95991,75.68131,75.68131,97.34841,97.34841
14.05803,26.614711220000004,155.0,86.55,86.4192,162.70864680976698,78.75095043938462,78.75095043938462,40.444640684931656,-6.1,94.95991,94.95991,75.68131,75.68131,97.34841,97.34841
14.05803,26.614711220000004,155.0,86.55,86.4192,57.813213210684765,87.04978963121349,87.04978963121349,38.346732012950014,5.227120592746427,94.95991,94.95991,75.68131,75.68131,97.34841,97.34841
14.05803,26.614711220000004,155.0,86.55,86.4192,57.813213210684765,87.04978963121349,87.04978963121349,38.346732012950014,12.783377384823801,94.95991,94.95991,75.68131,75.68131,97.34841,97.34841
14.05803,26.614711220000004,155.0,86.55,86.4192,57.813213210684765,87.04978963121349,87.04978963121349,38.346732012950014,0.15789473684203204,94.95991,94.95991,75.68131,75.68131,97.34841,97.34841
14.05803,26.614711220000004,155.0,137.48146848790992,86.4192,57.813213210684765,87.04978963121349,87.04978963121349,38.346732012950014,-6.1,94.95991,94.95991,75.68131,75.68131,97.34841,97.34841
14.05803,26.614711220000004,155.0,86.55,86.4192,57.813213210684765,87.04978963121349,87.04978963121349,38.346732012950014,5.227120592746427,94.95991,94.95991,75.68131,75.68131,97.34841,97.34841
14.05803,26.614711220000004,155.0,86.55,86.4192,57.813213210684765,87.04978963121349,87.04978963121349,38.346732012950014,-6.1,94.95991,94.95991,75.68131,75.68131,97.34841,97.34841
14.05803,26.614711220000004,155.0,86.55,86.4192,57.813213210684765,87.04978963121349,87.04978963121349,38.346732012950014,-6.1,94.95991,94.95991,75.68131,75.68131,97.34841,97.34841
14.05803,26.614711220000004,155.0,86.55,86.4192,57.813213210684765,87.04978963121349,87.04978963121349,38.346732012950014,5.227120592746427,94.95991,94.95991,75.68131,75.68131,97.34841,97.34841
14.05803,26.614711220000004,155.0,86.55,86.4192,57.813213210684765,87.04978963121349,87.04978963121349,38.346732012950014,5.227120592746427,94.95991,94.95991,75.68131,75.68131,97.34841,97.34841
14.05803,26.614711220000004,155.0,86.55,86.4192,71.99821442887452,86.69418988302091,86.69418988302091,38.63043203731381,-6.1,94.95991,94.95991,75.68131,75.68131,97.34841,97.34841
14.05803,26.614711220000004,155.0,86.55,86.4192,43.62821199249501,88.93869262268419,88.93869262268419,38.06303198858621,-6.1,94.95991,94.95991,75.68131,75.68131,97.34841,97.34841
14.05803,26.614711220000004,155.0,86.55,86.4192,0.0,91.62370236636792,91.62370236636792,37.19046774873632,-6.1,94.95991,94.95991,75.68131,75.68131,97.34841,97.34841
14.05803,26.614711220000004,155.0,86.55,86.4192,0.0,92.39035398800698,92.39035398800698,37.19046774873632,-6.1,94.95991,94.95991,75.68131,75.68131,97.34841,97.34841
14.05803,26.614711220000004,155.0,130.5763861215673,86.4192,0.0,91.62370236636792,91.62370236636792,37.19046774873632,1.469879518072277,94.95991,94.95991,75.68131,75.68131,97.34841,97.34841
14.05803,26.614711220000004,155.0,86.55,86.4192,9.97288000128054,90.83469445086266,90.83469445086266,37.09073894872351,0.15789473684202682,94.95991,94.95991,75.68131,75.68131,97.34841,97.34841
14.05803,26.614711220000004,155.0,86.55,86.4192,9.97288000128054,90.83469445086266,90.83469445086266,37.09073894872351,4.5939142172685745,94.95991,94.95991,75.68131,75.68131,97.34841,97.34841
14.05803,26.614711220000004,155.0,86.55,86.4192,9.97288000128054,90.83469445086266,90.83469445086266,37.09073894872351,12.628933074092854,94.95991,94.95991,75.68131,75.68131,97.34841,97.34841
14.05803,26.614711220000004,155.0,86.55,86.4192,32.24316037540927,89.07277337155026,89.07277337155026,36.86803614498223,14.263431680144436,94.95991,94.95991,75.68131,75.68131,97.34841,97.34841
14.05803,26.614711220000004,155.0,86.55,86.4192,32.71923935304359,89.03510821547589,89.03510821547589,37.41240266336715,24.40932423109677,94.95991,94.95991,75.68131,75.68131,97.34841,97.34841
14.05803,26.614711220000004,155.0,86.55,86.4192,32.76490575760894,89.03149530178696,89.03149530178696,37.46461933923032,11.733584936118463,94.95991,94.95991,75.68131,75.68131,97.34841,97.34841
14.05803,26.614711220000004,155.0,86.55,86.55000000000003,33.10417389798683,89.08899210956027,89.08899210956027,37.852551226696065,12.387446136027174,94.95991,94.95991,75.68131,75.68131,97.34841,97.34841
14.05803,26.614711220000004,155.0,86.55,86.4192,57.813213210684765,87.81644125285253,87.81644125285253,38.346732012950014,-6.1,94.95991,94.95991,75.68131,75.68131,97.34841,97.34841
14.05803,26.614711220000004,155.0,86.55,86.4192,57.813213210684765,87.04978963121349,87.04978963121349,38.346732012950014,4.627722757402521,94.95991,94.95991,75.68131,75.68131,97.34841,97.34841
14.05803,26.614711220000004,155.0,86.55,86.4192,168.18505226883107,78.31768269173669,78.31768269173669,40.55416879411294,-6.1,94.95991,94.95991,75.68131,75.68131,97.34841,97.34841
14.05803,26.614711220000004,155.0,86.55,86.4192,60.24901377937242,86.857080410904,86.857080410904,38.39544802432376,-1.8977931196162903,94.95991,94.95991,75.68131,75.68131,97.34841,97.34841
14.05803,26.614711220000004,155.0,86.55,86.4192,60.24901377937242,87.62373203254306,87.62373203254306,38.39544802432376,-6.1,94.95991,94.95991,75.68131,75.68131,97.34841,97.34841
14.05803,26.614711220000004,155.0,86.55,86.4192,57.813213210684765,87.04978963121349,87.04978963121349,38.346732012950014,0.15789473684203204,94.95991,94.95991,75.68131,75.68131,97.34841,97.34841
14.05803,26.614711220000004,155.0,86.55,86.4192,57.813213210684765,87.04978963121349,87.04978963121349,38.346732012950014,9.862836960890471,94.95991,94.95991,75.68131,75.68131,97.34841,97.34841
14.05803,26.614711220000004,155.0,86.55,86.4192,57.813213210684765,87.04978963121349,87.04978963121349,38.346732012950014,5.227120592746427,94.95991,94.95991,75.68131,75.68131,97.34841,97.34841
14.05803,26.614711220000004,155.0,86.55,86.4192,57.813213210684765,87.81644125285253,87.81644125285253,38.346732012950014,-6.1,94.95991,94.95991,75.68131,75.68131,97.34841,97.34841
14.05803,26.614711220000004,155.0,86.55,86.4192,57.813213210684765,87.04978963121349,87.04978963121349,38.346732012950014,10.890680889119638,94.95991,94.95991,75.68131,75.68131,97.34841,97.34841
14.05803,26.614711220000004,155.0,86.55,86.4192,57.813213210684765,87.04978963121349,87.04978963121349,38.346732012950014,5.227120592746427,94.95991,94.95991,75.68131,75.68131,97.34841,97.34841
14.05803,26.614711220000004,155.0,86.55,86.4192,57.813213210684765,87.04978963121349,87.04978963121349,38.346732012950014,5.227120592746427,94.95991,94.95991,75.68131,75.68131,97.34841,97.34841
14.05803,26.614711220000004,155.0,86.55,86.4192,57.813213210684765,87.04978963121349,87.04978963121349,38.346732012950014,5.227120592746427,94.95991,94.95991,75.68131,75.68131,97.34841,97.34841
14.05803,26.614711220000004,155.0,86.55,86.4192,57.813213210684765,87.04978963121349,87.04978963121349,38.346732012950014,0.15789473684203204,94.95991,94.95991,75.68131,75.68131,97.34841,97.34841
14.05803,26.614711220000004,155.0,86.55,86.4192,32.71923935304359,89.03510821547589,89.03510821547589,37.412402663367146,2.3020782754846016,94.95991,94.95991,75.68131,75.68131,97.34841,97.34841
14.05803,26.614711220000004,155.0,86.55,86.4192,32.7192393530436,89.03510821547589,89.03510821547589,37.41240266336716,13.266072548044257,94.95991,94.95991,75.68131,75.68131,97.34841,97.34841
14.05803,26.614711220000004,155.0,86.55,86.4192,9.97288000128054,90.83469445086266,90.83469445086266,36.89695978781513,12.93609856259514,94.95991,94.95991,75.68131,75.68131,97.34841,97.34841
14.05803,26.614711220000004,155.0,86.55,86.4192,9.97288000128054,90.83469445086266,90.83469445086266,36.89695978781513,-6.1,94.95991,94.95991,75.68131,75.68131,97.34841,97.34841
14.05803,26.614711220000004,155.0,86.55,86.4192,0.0,91.62370236636792,91.62370236636792,36.99668858782793,1.469879518072277,94.95991,94.95991,75.68131,75.68131,97.34841,97.34841
14.05803,26.614711220000004,155.0,86.55,86.4192,0.0,92.39035398800698,92.39035398800698,36.99668858782793,-6.1,94.95991,94.95991,75.68131,75.68131,97.34841,97.34841
14.05803,26.614711220000004,155.0,86.55,86.4192,0.0,91.62370236636792,91.62370236636792,36.87567626101983,12.41175071099347,94.95991,94.95991,75.68131,75.68131,97.34841,97.34841
14.05803,26.614711220000004,155.0,86.55,86.4192,0.0,91.62370236636792,91.62370236636792,36.99668858782793,12.164158912631661,94.95991,94.95991,75.68131,75.68131,97.34841,97.34841
14.05803,26.614711220000004,155.0,86.55,86.4192,0.0,92.39035398800698,92.39035398800698,36.99668858782793,-6.1,94.95991,94.95991,75.68131,75.68131,97.34841,97.34841
14.05803,26.614711220000004,155.0,86.55,141.07838117935677,0.0,126.86722624241199,126.86722624241199,36.99668858782793,12.253466512448957,94.95991,94.95991,75.68131,75.68131,97.34841,97.34841
14.05803,26.614711220000004,155.0,86.55,86.4192,19.94576000256108,90.04568653535739,90.04568653535739,36.79723098780232,-6.1,94.95991,94.95991,75.68131,75.68131,97.34841,97.34841
14.05803,26.614711220000004,155.0,86.55,86.4192,45.14011591725237,88.05242618927923,88.05242618927923,37.899490906172986,0.15789473684210573,94.95991,94.95991,75.68131,75.68131,97.34841,97.34841
14.05803,26.614711220000004,155.0,86.55,86.4192,70.48631050411714,86.04715307314775,86.04715307314775,38.40641479791027,-6.1,94.95991,94.95991,75.68131,75.68131,97.34841,97.34841
14.05803,26.614711220000004,155.0,86.55,86.4192,57.813213210684765,87.04978963121349,87.04978963121349,38.15295285204163,-6.1,94.95991,94.95991,75.68131,75.68131,97.34841,97.34841
14.05803,26.614711220000004,155.0,86.55,86.4192,57.813213210684765,87.04978963121349,87.04978963121349,38.15295285204163,5.227120592746427,94.95991,94.95991,75.68131,75.68131,97.34841,97.34841
14.05803,26.614711220000004,155.0,86.55,86.4192,57.813213210684765,87.81644125285253,87.81644125285253,38.15295285204163,-6.1,94.95991,94.95991,75.68131,75.68131,97.34841,97.34841
14.05803,26.614711220000004,155.0,86.55,86.4192,60.24901377937242,86.857080410904,86.857080410904,38.201668863415385,13.472571517251465,94.95991,94.95991,75.68131,75.68131,97.34841,97.34841
14.05803,26.614711220000004,155.0,86.55,86.4192,162.51007056972202,79.53331249022834,79.53331249022834,40.246889999222375,-6.1,94.95991,94.95991,75.68131,75.68131,97.34841,97.34841
14.058029999999999,26.614711219999997,155.0,86.55,86.4192,90.35741390532135,85.2416953470998,85.2416953470998,68.93486920291191,-6.1,94.95991,94.95991,75.68131,75.68131,97.34841,97.34841
14.058029999999999,26.614711219999997,155.0,86.55,86.4192,90.35741390532135,85.2416953470998,85.2416953470998,68.93486920291191,-6.1,94.95991,94.95991,75.68131,75.68131,97.34841,97.34841
14.058029999999999,26.614711219999997,155.0,86.55,86.4192,90.35741390532135,85.2416953470998,85.2416953470998,68.93486920291191,-6.1,94.95991,94.95991,75.68131,75.68131,97.34841,97.34841
14.058029999999999,26.614711219999997,155.0,86.55,86.4192,60.249013779372405,87.62373203254306,87.62373203254306,68.33270120039293,-6.1,94.95991,94.95991,75.68131,75.68131,97.34841,97.34841
14.058029999999999,26.614711219999997,155.0,86.55,86.4192,60.249013779372405,86.857080410904,86.857080410904,68.33270120039293,-6.1,94.95991,94.95991,75.68131,75.68131,97.34841,97.34841
14.058029999999999,26.614711219999997,155.0,86.55,129.58641111905095,60.249013779372405,115.45738418229543,115.45738418229543,68.33270120039293,-6.1,94.95991,94.95991,75.68131,75.68131,97.34841,97.34841
14.058029999999999,26.614711219999997,155.0,86.55,86.4192,57.81321321068475,87.81644125285254,87.81644125285254,66.10579141412822,-6.1,94.95991,94.95991,75.68131,75.68131,97.34841,97.34841
14.058029999999999,26.614711219999997,155.0,137.48146848790992,86.4192,57.81321321068475,87.04978963121349,87.04978963121349,66.10579141412822,-6.1,94.95991,94.95991,75.68131,75.68131,97.34841,97.34841
14.058029999999999,26.614711219999997,155.0,86.55,107.37153132282681,47.4320914899915,101.38088445225665,101.38088445225665,54.23562836659165,-6.1,94.95991,94.95991,75.68131,75.68131,97.34841,97.34841
14.058029999999999,26.614711219999997,155.0,86.55,86.4192,45.184109377923015,88.81559725277509,88.81559725277509,51.66520149788361,-6.1,94.95991,94.95991,75.68131,75.68131,97.34841,97.34841
14.058029999999999,26.614711219999997,155.0,86.55,86.4192,45.184109377923015,88.81559725277509,88.81559725277509,51.66520149788361,-6.1,94.95991,94.95991,75.68131,75.68131,97.34841,97.34841
14.058029999999999,26.614711219999997,155.0,86.55,86.4192,45.184109377923015,88.81559725277509,88.81559725277509,51.66520149788361,-6.1,94.95991,94.95991,75.68131,75.68131,97.34841,97.34841
14.058029999999999,26.614711219999997,155.0,86.55,86.4192,9.97288000128054,91.60134607250171,91.60134607250171,40.90846687890609,-6.1,94.95991,94.95991,75.68131,75.68131,97.34841,97.34841
14.058029999999999,26.614711219999997,155.0,86.55,86.4192,9.97288000128054,90.83469445086266,90.83469445086266,37.03927138456082,-6.1,94.95991,94.95991,75.68131,75.68131,97.34841,97.34841
14.058029999999999,26.614711219999997,155.0,86.55,99.85652164480786,45.184109377923015,97.47980619262152,97.47980619262152,51.66520149788361,-6.1,94.95991,94.95991,75.68131,75.68131,97.34841,97.34841
14.058029999999999,26.614711219999997,155.0,86.55,86.4192,47.4320914899915,87.87109573420469,87.87109573420469,54.23562836659165,-6.1,94.95991,94.95991,75.68131,75.68131,97.34841,97.34841
14.058029999999999,26.614711219999997,155.0,86.55,105.71819629728925,48.69870653955611,100.98127861556885,100.98127861556885,55.68392341228268,-6.1,94.95991,94.95991,75.68131,75.68131,97.34841,97.34841
14.058029999999999,26.614711219999997,155.0,86.55,86.4192,57.81321321068475,87.04978963121349,87.04978963121349,55.86621354570525,-6.1,94.95991,94.95991,75.68131,75.68131,97.34841,97.34841
14.058029999999999,26.614711219999997,155.0,86.55,86.4192,60.249013779372405,86.857080410904,86.857080410904,55.914929557079006,-6.1,94.95991,94.95991,75.68131,75.68131,97.34841,97.34841
14.058029999999999,26.614711219999997,155.0,86.55,86.4192,60.249013779372405,87.62373203254306,87.62373203254306,55.914929557079006,-6.1,94.95991,94.95991,75.68131,75.68131,97.34841,97.34841
14.058029999999999,26.614711219999997,155.0,86.55,86.4192,60.249013779372405,86.857080410904,86.857080410904,55.914929557079006,-6.1,94.95991,94.95991,75.68131,75.68131,97.34841,97.34841
14.058029999999999,26.614711219999997,155.0,86.55,86.4192,60.249013779372405,87.62373203254306,87.62373203254306,55.914929557079006,-6.1,94.95991,94.95991,75.68131,75.68131,97.34841,97.34841
14.058029999999999,26.614711219999997,155.0,86.55,86.4192,60.249013779372405,87.62373203254306,87.62373203254306,55.914929557079006,-6.1,94.95991,94.95991,75.68131,75.68131,97.34841,97.34841
14.058029999999999,26.614711219999997,155.0,86.55,86.4192,60.249013779372405,87.62373203254306,87.62373203254306,55.914929557079006,-6.1,94.95991,94.95991,75.68131,75.68131,97.34841,97.34841
14.058029999999999,26.614711219999997,155.0,86.55,86.4192,60.249013779372405,87.62373203254306,87.62373203254306,55.914929557079006,-6.1,94.95991,94.95991,75.68131,75.68131,97.34841,97.34841
14.058029999999999,26.614711219999997,155.0,107.44863969398452,86.4192,102.33621871012998,84.29398798392357,84.29398798392357,56.756673655694165,-6.1,94.95991,94.95991,75.68131,75.68131,97.34841,97.34841
14.058029999999999,26.614711219999997,155.0,86.55,107.44863969398452,102.33621871012998,97.85349516941876,97.85349516941876,56.756673655694165,-6.1,94.95991,94.95991,75.68131,75.68131,97.34841,97.34841
14.058029999999999,26.614711219999997,155.0,86.55,86.4192,60.249013779372405,87.62373203254306,87.62373203254306,55.914929557079006,-6.1,94.95991,94.95991,75.68131,75.68131,97.34841,97.34841
14.058029999999999,26.614711219999997,155.0,86.55,86.4192,60.249013779372405,87.62373203254306,87.62373203254306,55.914929557079006,-6.1,94.95991,94.95991,75.68131,75.68131,97.34841,97.34841
14.058029999999999,26.614711219999997,155.0,86.55,86.4192,60.249013779372405,87.62373203254306,87.62373203254306,55.914929557079006,-6.1,94.95991,94.95991,75.68131,75.68131,97.34841,97.34841
14.058029999999999,26.614711219999997,155.0,86.55,86.4192,57.81321321068475,87.81644125285254,87.81644125285254,55.86621354570525,-6.1,94.95991,94.95991,75.68131,75.68131,97.34841,97.34841
14.058029999999999,26.614711219999997,155.0,86.55,86.4192,57.81321321068475,87.04978963121349,87.04978963121349,55.86621354570525,-6.1,94.95991,94.95991,75.68131,75.68131,97.34841,97.34841
14.058029999999999,26.614711219999997,155.0,86.55,86.4192,32.84466527770447,89.02518509924926,89.02518509924926,37.55581935918963,12.890475937260282,94.95991,94.95991,75.68131,75.68131,97.34841,97.34841
14.058029999999999,26.614711219999997,155.0,86.55,86.4192,32.32109407441536,89.83325924113048,89.83325924113048,36.9571484527838,-6.1,94.95991,94.95991,75.68131,75.68131,97.34841,97.34841
14.058029999999999,26.614711219999997,155.0,86.55,86.4192,9.97288000128054,90.83469445086266,90.83469445086266,37.180630593515154,12.355706739889465,94.95991,94.95991,75.68131,75.68131,97.34841,97.34841
14.058029999999999,26.614711219999997,155.0,86.55,86.4192,9.97288000128054,90.83469445086266,90.83469445086266,37.180630593515154,-6.1,94.95991,94.95991,75.68131,75.68131,97.34841,97.34841
14.058029999999999,26.614711219999997,155.0,86.55,86.4192,9.97288000128054,90.83469445086266,90.83469445086266,37.180630593515154,12.355706739889465,94.95991,94.95991,75.68131,75.68131,97.34841,97.34841
14.058029999999999,26.614711219999997,155.0,86.55,86.4192,0.0,91.62370236636791,91.62370236636791,37.28035939352796,11.58376708992599,94.95991,94.95991,75.68131,75.68131,97.34841,97.34841
14.058029999999999,26.614711219999997,155.0,86.55,86.4192,0.0,91.62370236636791,91.62370236636791,37.28035939352796,11.58376708992599,94.95991,94.95991,75.68131,75.68131,97.34841,97.34841
14.058029999999999,26.614711219999997,155.0,86.55,86.4192,0.0,91.62370236636791,91.62370236636791,37.28035939352796,0.15789473684222066,94.95991,94.95991,75.68131,75.68131,97.34841,97.34841
14.058029999999999,26.614711219999997,155.0,86.55,86.4192,0.0,92.39035398800698,92.39035398800698,37.28035939352796,-6.1,94.95991,94.95991,75.68131,75.68131,97.34841,97.34841
14.058029999999999,26.614711219999997,155.0,86.55,86.4192,33.547607077755515,88.96957161103836,88.96957161103836,38.35958931816257,11.285986966994578,94.95991,94.95991,75.68131,75.68131,97.34841,97.34841
14.058029999999999,26.614711219999997,155.0,165.4491037305022,86.4192,171.06292044067132,78.08999913722975,78.08999913722975,41.10989558542089,-6.1,94.95991,94.95991,75.68131,75.68131,97.34841,97.34841
14.058029999999999,26.614711219999997,155.0,86.55,86.4192,60.249013779372405,87.62373203254306,87.62373203254306,38.89361745219491,-6.1,94.95991,94.95991,75.68131,75.68131,97.34841,97.34841
14.058029999999999,26.614711219999997,155.0,86.55,86.4192,57.81321321068475,87.04978963121349,87.04978963121349,38.844901440821154,5.227120592746424,94.95991,94.95991,75.68131,75.68131,97.34841,97.34841
14.058029999999999,26.614711219999997,155.0,86.55,86.4192,57.81321321068475,87.04978963121349,87.04978963121349,38.844901440821154,-6.1,94.95991,94.95991,75.68131,75.68131,97.34841,97.34841
14.058029999999999,26.614711219999997,155.0,86.55,86.4192,52.31631736290086,87.48467848318529,87.48467848318529,38.73496352386548,11.586731921400018,94.95991,94.95991,75.68131,75.68131,97.34841,97.34841
14.058029999999999,26.614711219999997,155.0,86.55,86.4192,57.81321321068475,87.04978963121349,87.04978963121349,38.844901440821154,5.227120592746424,94.95991,94.95991,75.68131,75.68131,97.34841,97.34841
14.058029999999999,26.614711219999997,155.0,86.55,104.42862004472376,49.14836526286081,100.11420183568944,100.11420183568944,38.67160448186468,-6.1,94.95991,94.95991,75.68131,75.68131,97.34841,97.34841
14.058029999999999,26.614711219999997,155.0,86.55,86.4192,57.81321321068475,87.81644125285254,87.81644125285254,38.84490144082116,-6.1,94.95991,94.95991,75.68131,75.68131,97.34841,97.34841
14.058029999999999,26.614711219999997,155.0,86.55,86.4192,57.81321321068475,87.04978963121349,87.04978963121349,38.84490144082116,10.890680889119658,94.95991,94.95991,75.68131,75.68131,97.34841,97.34841
14.058029999999999,26.614711219999997,155.0,86.55,86.4192,60.249013779372405,87.10892172415895,87.10892172415895,38.89361745219491,-1.8977931196162765,94.95991,94.95991,75.68131,75.68131,97.34841,97.34841
14.058029999999999,26.614711219999997,155.0,86.55,86.4192,60.249013779372405,87.62373203254306,87.62373203254306,38.89361745219491,-6.1,94.95991,94.95991,75.68131,75.68131,97.34841,97.34841
14.058029999999999,26.614711219999997,155.0,86.55,86.4192,60.249013779372405,86.857080410904,86.857080410904,38.89361745219491,0.20331032057558163,94.95991,94.95991,75.68131,75.68131,97.34841,97.34841
14.058029999999999,26.614711219999997,155.0,86.55,86.4192,33.547607077755515,89.73622323267743,89.73622323267743,38.35958931816257,-6.1,94.95991,94.95991,75.68131,75.68131,97.34841,97.34841
14.058029999999999,26.614711219999997,155.0,86.55,86.4192,32.719239353043584,89.80175983711494,89.80175983711494,37.412402663367146,-6.1,94.95991,94.95991,75.68131,75.68131,97.34841,97.34841
14.058029999999999,26.614711219999997,155.0,86.55,86.4192,32.67506020698697,89.80525508582288,89.80525508582288,37.36188657453759,-6.1,94.95991,94.95991,75.68131,75.68131,97.34841,97.34841
14.058029999999999,26.614711219999997,155.0,86.55,86.4192,32.67506020698697,89.80525508582288,89.80525508582288,37.36188657453759,-6.1,94.95991,94.95991,75.68131,75.68131,97.34841,97.34841
14.058029999999999,26.614711219999997,155.0,86.55,86.4192,32.67506020698697,89.03860346418382,89.03860346418382,37.36188657453759,-6.1,94.95991,94.95991,75.68131,75.68131,97.34841,97.34841
14.058029999999999,26.614711219999997,155.0,86.55,86.4192,9.97288000128054,91.60134607250171,91.60134607250171,37.180346944560824,-6.1,94.95991,94.95991,75.68131,75.68131,97.34841,97.34841
14.058029999999999,26.614711219999997,155.0,86.55,86.4192,9.97288000128054,91.60134607250171,91.60134607250171,37.58890837659466,-6.1,94.95991,94.95991,75.68131,75.68131,97.34841,97.34841
14.058029999999999,26.614711219999997,155.0,86.55,86.4192,9.97288000128054,90.83469445086266,90.83469445086266,37.58890837659466,11.520368446592116,94.95991,94.95991,75.68131,75.68131,97.34841,97.34841
14.058029999999999,26.614711219999997,155.0,86.55,86.4192,9.97288000128054,91.60134607250171,91.60134607250171,37.03927138456082,-6.1,94.95991,94.95991,75.68131,75.68131,97.34841,97.34841
14.058029999999999,26.614711219999997,155.0,86.55,86.4192,9.97288000128054,90.83469445086266,90.83469445086266,37.58890837659466,4.593914217268591,94.95991,94.95991,75.68131,75.68131,97.34841,97.34841
14.058029999999999,26.614711219999997,155.0,86.55,86.4192,32.67506020698697,89.80525508582288,89.80525508582288,37.36188657453759,-6.1,94.95991,94.95991,75.68131,75.68131,97.34841,97.34841
14.058029999999999,26.614711219999997,155.0,86.55,86.4192,57.81321321068475,87.81644125285254,87.81644125285254,53.273306855876534,-6.1,94.95991,94.95991,75.68131,75.68131,97.34841,97.34841
14.058029999999999,26.614711219999997,155.0,86.55,86.4192,60.249013779372405,87.62373203254306,87.62373203254306,53.32202286725028,-6.1,94.95991,94.95991,75.68131,75.68131,97.34841,97.34841
14.058029999999999,26.614711219999997,155.0,86.55,86.4192,57.81321321068475,87.81644125285254,87.81644125285254,53.273306855876534,-6.1,94.95991,94.95991,75.68131,75.68131,97.34841,97.34841
14.058029999999999,26.614711219999997,155.0,86.55,86.4192,57.81321321068475,87.81644125285254,87.81644125285254,53.273306855876534,-6.1,94.95991,94.95991,75.68131,75.68131,97.34841,97.34841
14.058029999999999,26.614711219999997,155.0,86.55,86.4192,57.81321321068475,87.04978963121349,87.04978963121349,53.273306855876534,-6.1,94.95991,94.95991,75.68131,75.68131,97.34841,97.34841
14.058029999999999,26.614711219999997,155.0,86.55,86.4192,58.97061256120673,86.95822157375713,86.95822157375713,53.29645484288698,-6.1,94.95991,94.95991,75.68131,75.68131,97.34841,97.34841
14.058029999999999,26.614711219999997,155.0,86.55,86.4192,60.249013779372405,86.857080410904,86.857080410904,53.32202286725028,-6.1,94.95991,94.95991,75.68131,75.68131,97.34841,97.34841
14.058029999999999,26.614711219999997,155.0,86.55,86.4192,60.249013779372405,87.62373203254306,87.62373203254306,53.32202286725028,-6.1,94.95991,94.95991,75.68131,75.68131,97.34841,97.34841
14.058029999999999,26.614711219999997,155.0,86.55,103.56490745379581,60.249013779372405,98.67905955449534,98.67905955449534,53.32202286725028,-6.1,94.95991,94.95991,75.68131,75.68131,97.34841,97.34841
14.058029999999999,26.614711219999997,155.0,86.55,86.4192,60.249013779372405,87.62373203254306,87.62373203254306,53.32202286725028,-6.1,94.95991,94.95991,75.68131,75.68131,97.34841,97.34841
14.058029999999999,26.614711219999997,155.0,86.55,86.4192,60.249013779372405,87.62373203254306,87.62373203254306,53.32202286725028,-6.1,94.95991,94.95991,75.68131,75.68131,97.34841,97.34841
14.058029999999999,26.614711219999997,155.0,86.55,86.4192,145.42210187404953,80.8852331549772,80.8852331549772,55.02548462914383,-6.1,94.95991,94.95991,75.68131,75.68131,97.34841,97.34841
14.058029999999999,26.614711219999997,155.0,86.55,86.4192,60.249013779372405,87.62373203254306,87.62373203254306,53.32202286725028,-6.1,94.95991,94.95991,75.68131,75.68131,97.34841,97.34841
14.058029999999999,26.614711219999997,155.0,86.55,86.4192,55.37741264199709,88.00915047316202,88.00915047316202,53.22459084450278,-6.1,94.95991,94.95991,75.68131,75.68131,97.34841,97.34841
14.058029999999999,26.614711219999997,155.0,86.55,86.4192,45.184109377923015,88.81559725277509,88.81559725277509,51.66520149788361,-6.1,94.95991,94.95991,75.68131,75.68131,97.34841,97.34841
14.058029999999999,26.614711219999997,155.0,86.55,86.4192,31.583775382486795,89.12494084761678,89.12494084761678,37.393776512394126,11.36359228848985,94.95991,94.95991,75.68131,75.68131,97.34841,97.34841
14.058029999999999,26.614711219999997,155.0,86.55,86.4192,9.97288000128054,91.60134607250171,91.60134607250171,37.03927138456082,-6.1,94.95991,94.95991,75.68131,75.68131,97.34841,97.34841
14.058029999999999,26.614711219999997,155.0,86.55,86.4192,31.583775382486795,89.12494084761678,89.12494084761678,37.393776512394126,11.363592288489848,94.95991,94.95991,75.68131,75.68131,97.34841,97.34841
14.058029999999999,26.614711219999997,155.0,86.55,115.79770949713686,45.184109377923015,106.99182363560881,106.99182363560881,51.66520149788361,-6.1,94.95991,94.95991,75.68131,75.68131,97.34841,97.34841
14.058029999999999,26.614711219999997,155.0,86.55,99.85652164480786,45.184109377923015,96.71315457098247,96.71315457098247,51.66520149788361,-6.1,94.95991,94.95991,75.68131,75.68131,97.34841,97.34841
14.058029999999999,26.614711219999997,155.0,86.55,99.85652164480786,45.184109377923015,97.47980619262152,97.47980619262152,51.66520149788361,-6.1,94.95991,94.95991,75.68131,75.68131,97.34841,97.34841
14.058029999999999,26.614711219999997,155.0,86.55,86.4192,45.184109377923015,88.81559725277508,88.81559725277508,51.66520149788361,-6.1,94.95991,94.95991,75.68131,75.68131,97.34841,97.34841
14.058029999999999,26.614711219999997,155.0,86.55,86.4192,45.184109377923015,88.81559725277508,88.81559725277508,51.66520149788361,-6.1,94.95991,94.95991,75.68131,75.68131,97.34841,97.34841
14.058029999999999,26.614711219999997,155.0,86.55,86.4192,55.37741264199709,87.24249885152297,87.24249885152297,63.32060589376483,-6.1,94.95991,94.95991,75.68131,75.68131,97.34841,97.34841
14.058029999999999,26.614711219999997,155.0,86.55,86.4192,60.249013779372405,87.62373203254306,87.62373203254306,63.41803791651233,-6.1,94.95991,94.95991,75.68131,75.68131,97.34841,97.34841
14.058029999999999,26.614711219999997,155.0,86.55,86.4192,689.6010828046734,37.832321323016686,37.832321323016686,76.00507929701836,-6.1,94.95991,94.95991,75.68131,75.68131,97.34841,97.34841
14.058029999999999,26.614711219999997,155.0,86.55,86.4192,134.7705935142883,81.72793099219604,81.72793099219604,64.90846951121065,-6.1,94.95991,94.95991,75.68131,75.68131,97.34841,97.34841
14.058029999999999,26.614711219999997,155.0,86.55,86.4192,60.249013779372405,87.62373203254306,87.62373203254306,63.41803791651233,-6.1,94.95991,94.95991,75.68131,75.68131,97.34841,97.34841
14.058029999999999,26.614711219999997,155.0,86.55,86.4192,60.249013779372405,87.62373203254306,87.62373203254306,63.41803791651233,-6.1,94.95991,94.95991,75.68131,75.68131,97.34841,97.34841
14.058029999999999,26.614711219999997,155.0,133.81843067137106,86.4192,60.249013779372405,87.62373203254306,87.62373203254306,63.41803791651233,-6.1,94.95991,94.95991,75.68131,75.68131,97.34841,97.34841
14.058029999999999,26.614711219999997,155.0,86.55,86.4192,60.249013779372405,87.62373203254306,87.62373203254306,63.41803791651233,-6.1,94.95991,94.95991,75.68131,75.68131,97.34841,97.34841
14.058029999999999,26.614711219999997,155.0,86.55,86.4192,60.249013779372405,87.62373203254306,87.62373203254306,63.41803791651233,-6.1,94.95991,94.95991,75.68131,75.68131,97.34841,97.34841
14.058029999999999,26.614711219999997,155.0,86.55,133.81843067137106,60.249013779372405,118.186134941416,118.186134941416,63.41803791651233,-6.1,94.95991,94.95991,75.68131,75.68131,97.34841,97.34841
14.058029999999999,26.614711219999997,155.0,86.55,86.4192,60.249013779372405,86.857080410904,86.857080410904,63.41803791651233,-6.1,94.95991,94.95991,75.68131,75.68131,97.34841,97.34841
14.058029999999999,26.614711219999997,155.0,86.55,86.4192,60.249013779372405,87.62373203254306,87.62373203254306,63.41803791651233,-6.1,94.95991,94.95991,75.68131,75.68131,97.34841,97.34841
14.058029999999999,26.614711219999997,155.0,86.55,133.81843067137106,60.249013779372405,118.186134941416,118.186134941416,63.41803791651233,-6.1,94.95991,94.95991,75.68131,75.68131,97.34841,97.34841
14.058029999999999,26.614711219999997,155.0,86.55,86.4192,57.81321321068475,87.81644125285254,87.81644125285254,63.369321905138584,-6.1,94.95991,94.95991,75.68131,75.68131,97.34841,97.34841
14.058029999999999,26.614711219999997,155.0,133.87559498235646,86.4192,57.81321321068475,87.81644125285254,87.81644125285254,63.369321905138584,-6.1,94.95991,94.95991,75.68131,75.68131,97.34841,97.34841
14.058029999999999,26.614711219999997,155.0,133.87559498235646,86.4192,57.81321321068475,87.81644125285254,87.81644125285254,63.369321905138584,-6.1,94.95991,94.95991,75.68131,75.68131,97.34841,97.34841
14.058029999999999,26.614711219999997,155.0,86.55,86.4192,45.184109377923015,88.81559725277508,88.81559725277508,51.66520149788361,-6.1,94.95991,94.95991,75.68131,75.68131,97.34841,97.34841
14.058029999999999,26.614711219999997,155.0,86.55,86.4192,45.184109377923015,88.81559725277509,88.81559725277509,51.66520149788361,-6.1,94.95991,94.95991,75.68131,75.68131,97.34841,97.34841
14.058029999999999,26.614711219999997,155.0,86.55,99.85652164480786,45.184109377923015,96.71315457098247,96.71315457098247,51.66520149788361,-6.1,94.95991,94.95991,75.68131,75.68131,97.34841,97.34841
14.058029999999999,26.614711219999997,155.0,86.55,86.4192,45.184109377923015,88.81559725277509,88.81559725277509,51.66520149788361,-6.1,94.95991,94.95991,75.68131,75.68131,97.34841,97.34841
14.058029999999999,26.614711219999997,155.0,86.55,86.4192,45.184109377923015,88.81559725277509,88.81559725277509,51.66520149788361,-6.1,94.95991,94.95991,75.68131,75.68131,97.34841,97.34841
14.058029999999999,26.614711219999997,155.0,86.55,86.4192,17.983441387050586,90.96758768573662,90.96758768573662,46.9688213850447,-6.1,94.95991,94.95991,75.68131,75.68131,97.34841,97.34841
14.058029999999999,26.614711219999997,155.0,86.55,86.4192,9.97288000128054,90.83469445086266,90.83469445086266,37.03927138456082,-6.1,94.95991,94.95991,75.68131,75.68131,97.34841,97.34841
14.058029999999999,26.614711219999997,155.0,86.55,86.4192,45.184109377923015,88.81559725277509,88.81559725277509,51.66520149788361,-6.1,94.95991,94.95991,75.68131,75.68131,97.34841,97.34841
14.058029999999999,26.614711219999997,155.0,86.55,99.85652164480786,45.184109377923015,96.71315457098245,96.71315457098245,51.66520149788361,-6.1,94.95991,94.95991,75.68131,75.68131,97.34841,97.34841
14.058029999999999,26.614711219999997,155.0,86.55,86.4192,57.81321321068475,87.81644125285254,87.81644125285254,53.273306855876534,-6.1,94.95991,94.95991,75.68131,75.68131,97.34841,97.34841
14.058029999999999,26.614711219999997,155.0,86.55,86.4192,60.249013779372405,86.857080410904,86.857080410904,53.32202286725028,-6.1,94.95991,94.95991,75.68131,75.68131,97.34841,97.34841
14.058029999999999,26.614711219999997,155.0,86.55,86.4192,60.249013779372405,87.62373203254306,87.62373203254306,53.32202286725028,-6.1,94.95991,94.95991,75.68131,75.68131,97.34841,97.34841
14.058029999999999,26.614711219999997,155.0,86.55,86.4192,60.249013779372405,87.62373203254306,87.62373203254306,53.32202286725028,-6.1,94.95991,94.95991,75.68131,75.68131,97.34841,97.34841
14.058029999999999,26.614711219999997,155.0,86.55,86.4192,60.249013779372405,86.857080410904,86.857080410904,53.32202286725028,-6.1,94.95991,94.95991,75.68131,75.68131,97.34841,97.34841
14.058029999999999,26.614711219999997,155.0,86.55,86.4192,60.112679817221284,87.63451814199946,87.63451814199946,53.319296188007264,-6.1,94.95991,94.95991,75.68131,75.68131,97.34841,97.34841
14.058029999999999,26.614711219999997,155.0,86.55,86.4192,60.249013779372405,87.62373203254306,87.62373203254306,53.32202286725028,-6.1,94.95991,94.95991,75.68131,75.68131,97.34841,97.34841
14.058029999999999,26.614711219999997,155.0,86.55,86.4192,60.249013779372405,87.62373203254306,87.62373203254306,53.32202286725028,-6.1,94.95991,94.95991,75.68131,75.68131,97.34841,97.34841
14.058029999999999,26.614711219999997,155.0,86.55,86.4192,60.249013779372405,87.62373203254306,87.62373203254306,53.32202286725028,-6.1,94.95991,94.95991,75.68131,75.68131,97.34841,97.34841
14.058029999999999,26.614711219999997,155.0,86.55,86.4192,60.249013779372405,86.857080410904,86.857080410904,53.32202286725028,-6.1,94.95991,94.95991,75.68131,75.68131,97.34841,97.34841
14.058029999999999,26.614711219999997,155.0,86.55,86.4192,60.249013779372405,87.62373203254306,87.62373203254306,53.32202286725028,-6.1,94.95991,94.95991,75.68131,75.68131,97.34841,97.34841
14.058029999999999,26.614711219999997,155.0,86.55,86.4192,136.0957447072445,81.62309118861378,81.62309118861378,54.83895748580773,-6.1,94.95991,94.95991,75.68131,75.68131,97.34841,97.34841
14.058029999999999,26.614711219999997,155.0,86.55,86.4192,60.249013779372405,87.62373203254306,87.62373203254306,53.32202286725028,-6.1,94.95991,94.95991,75.68131,75.68131,97.34841,97.34841
14.058029999999999,26.614711219999997,155.0,86.55,86.4192,57.81321321068475,87.04978963121349,87.04978963121349,53.273306855876534,-6.1,94.95991,94.95991,75.68131,75.68131,97.34841,97.34841
14.058029999999999,26.614711219999997,155.0,86.55,86.4192,45.184109377923015,88.81559725277508,88.81559725277508,51.66520149788361,-6.1,94.95991,94.95991,75.68131,75.68131,97.34841,97.34841
14.058029999999999,26.614711219999997,155.0,86.55,86.4192,40.56556693093136,88.41434324429345,88.41434324429345,46.38418723345415,-6.1,94.95991,94.95991,75.68131,75.68131,97.34841,97.34841
14.058029999999999,26.614711219999997,155.0,86.55,86.4192,9.97288000128054,90.83469445086266,90.83469445086266,37.03927138456082,0.15789473684216673,94.95991,94.95991,75.68131,75.68131,97.34841,97.34841
14.058029999999999,26.614711219999997,155.0,86.55,86.4192,9.97288000128054,90.83469445086266,90.83469445086266,37.03927138456082,4.593914217268591,94.95991,94.95991,75.68131,75.68131,97.34841,97.34841
14.058029999999999,26.614711219999997,155.0,99.85652164480786,99.85652164480786,45.184109377923015,96.71315457098247,96.71315457098247,51.66520149788361,-6.1,94.95991,94.95991,75.68131,75.68131,97.34841,97.34841
14.058029999999999,26.614711219999997,155.0,86.55,86.4192,45.184109377923015,88.81559725277509,88.81559725277509,51.66520149788361,-6.1,94.95991,94.95991,75.68131,75.68131,97.34841,97.34841
14.058029999999999,26.614711219999997,155.0,86.55,86.4192,45.184109377923015,88.81559725277508,88.81559725277508,51.66520149788361,-6.1,94.95991,94.95991,75.68131,75.68131,97.34841,97.34841
14.058029999999999,26.614711219999997,155.0,86.55,99.85652164480786,45.184109377923015,97.47980619262152,97.47980619262152,51.66520149788361,-6.1,94.95991,94.95991,75.68131,75.68131,97.34841,97.34841
14.058029999999999,26.614711219999997,155.0,86.55,86.4192,57.81321321068475,87.81644125285254,87.81644125285254,66.10579141412822,-6.1,94.95991,94.95991,75.68131,75.68131,97.34841,97.34841
14.058029999999999,26.614711219999997,155.0,137.48146848790992,86.4192,57.81321321068475,87.81644125285254,87.81644125285254,66.10579141412822,-6.1,94.95991,94.95991,75.68131,75.68131,97.34841,97.34841
14.058029999999999,26.614711219999997,155.0,86.55,86.4192,60.249013779372405,87.62373203254306,87.62373203254306,66.15450742550196,-6.1,94.95991,94.95991,75.68131,75.68131,97.34841,97.34841
14.058029999999999,26.614711219999997,155.0,86.55,86.4192,60.249013779372405,87.62373203254306,87.62373203254306,66.15450742550196,-6.1,94.95991,94.95991,75.68131,75.68131,97.34841,97.34841
14.058029999999999,26.614711219999997,155.0,138.08300277435546,86.4192,60.249013779372405,87.62373203254306,87.62373203254306,66.15450742550196,-6.1,94.95991,94.95991,75.68131,75.68131,97.34841,97.34841
14.058029999999999,26.614711219999997,155.0,86.55,86.4192,60.249013779372405,87.62373203254306,87.62373203254306,66.15450742550196,-6.1,94.95991,94.95991,75.68131,75.68131,97.34841,97.34841
14.058029999999999,26.614711219999997,155.0,86.55,86.4192,60.249013779372405,87.62373203254306,87.62373203254306,66.15450742550196,-6.1,94.95991,94.95991,75.68131,75.68131,97.34841,97.34841
14.058029999999999,26.614711219999997,155.0,86.55,86.4192,60.249013779372405,87.62373203254306,87.62373203254306,66.15450742550196,-6.1,94.95991,94.95991,75.68131,75.68131,97.34841,97.34841
14.058029999999999,26.614711219999997,155.0,86.55,86.4192,60.249013779372405,87.62373203254306,87.62373203254306,66.15450742550196,-6.1,94.95991,94.95991,75.68131,75.68131,97.34841,97.34841
14.058029999999999,26.614711219999997,155.0,86.55,86.4192,60.249013779372405,87.62373203254306,87.62373203254306,66.15450742550196,-6.1,94.95991,94.95991,75.68131,75.68131,97.34841,97.34841
14.058029999999999,26.614711219999997,155.0,86.55,86.4192,60.249013779372405,87.62373203254306,87.62373203254306,66.15450742550196,-6.1,94.95991,94.95991,75.68131,75.68131,97.34841,97.34841
14.058029999999999,26.614711219999997,155.0,86.55,86.4192,60.249013779372405,87.62373203254306,87.62373203254306,66.15450742550196,-6.1,94.95991,94.95991,75.68131,75.68131,97.34841,97.34841
14.058029999999999,26.614711219999997,155.0,86.55,86.4192,60.249013779372405,87.62373203254306,87.62373203254306,66.15450742550196,-6.1,94.95991,94.95991,75.68131,75.68131,97.34841,97.34841
14.058029999999999,26.614711219999997,155.0,86.55,140.93425135729805,106.44864608051246,119.1192226985745,119.1192226985745,67.07850007152477,-6.1,94.95991,94.95991,75.68131,75.68131,97.34841,97.34841
14.058029999999999,26.614711219999997,155.0,114.0555352707786,86.4192,106.44864608051246,83.96863184339489,83.96863184339489,67.07850007152477,-6.1,94.95991,94.95991,75.68131,75.68131,97.34841,97.34841
14.058029999999999,26.614711219999997,155.0,86.55,86.4192,57.81321321068475,87.81644125285254,87.81644125285254,66.10579141412822,-6.1,94.95991,94.95991,75.68131,75.68131,97.34841,97.34841
14.058029999999999,26.614711219999997,155.0,86.55,86.4192,57.81321321068475,87.81644125285254,87.81644125285254,66.10579141412822,-6.1,94.95991,94.95991,75.68131,75.68131,97.34841,97.34841
14.058029999999999,26.614711219999997,155.0,86.55,127.68059081860703,41.040700848521645,115.7482086688332,115.7482086688332,46.927473134819614,-6.1,94.95991,94.95991,75.68131,75.68131,97.34841,97.34841
14.058029999999999,26.614711219999997,155.0,86.55,86.4192,40.120735897354564,89.21618782990174,89.21618782990174,45.87555078363433,-6.1,94.95991,94.95991,75.68131,75.68131,97.34841,97.34841
14.058029999999999,26.614711219999997,155.0,86.55,86.4192,40.120735897354564,89.21618782990174,89.21618782990174,45.87555078363433,-6.1,94.95991,94.95991,75.68131,75.68131,97.34841,97.34841
14.058029999999999,26.614711219999997,155.0,86.55,86.4192,40.120735897354564,89.21618782990174,89.21618782990174,45.87555078363433,-6.1,94.95991,94.95991,75.68131,75.68131,97.34841,97.34841
14.058029999999999,26.614711219999997,155.0,86.55,86.4192,40.120735897354564,89.21618782990174,89.21618782990174,45.87555078363433,-6.1,94.95991,94.95991,75.68131,75.68131,97.34841,97.34841
14.058029999999999,26.614711219999997,155.0,86.55,86.4192,34.20023556616592,89.68459029984619,89.68459029984619,39.1058291538305,-6.1,94.95991,94.95991,75.68131,75.68131,97.34841,97.34841
14.058029999999999,26.614711219999997,155.0,86.55,86.4192,34.20023556616592,88.91793867820714,88.91793867820714,39.1058291538305,0.15789473684222882,94.95991,94.95991,75.68131,75.68131,97.34841,97.34841
14.058029999999999,26.614711219999997,155.0,86.55,86.4192,34.20023556616592,88.91793867820714,88.91793867820714,40.751197024828016,0.15789473684222066,94.95991,94.95991,75.68131,75.68131,97.34841,97.34841
14.058029999999999,26.614711219999997,155.0,86.55,86.4192,40.120735897354564,89.21618782990174,89.21618782990174,45.87555078363433,-6.1,94.95991,94.95991,75.68131,75.68131,97.34841,97.34841
14.058029999999999,26.614711219999997,155.0,86.55,86.4192,57.81321321068475,87.81644125285254,87.81644125285254,47.43302240682157,-6.1,94.95991,94.95991,75.68131,75.68131,97.34841,97.34841
14.058029999999999,26.614711219999997,155.0,86.55,86.4192,57.81321321068475,87.81644125285254,87.81644125285254,47.43302240682157,-6.1,94.95991,94.95991,75.68131,75.68131,97.34841,97.34841
14.058029999999999,26.614711219999997,155.0,86.55,86.4192,57.81321321068475,87.81644125285254,87.81644125285254,47.43302240682157,-6.1,94.95991,94.95991,75.68131,75.68131,97.34841,97.34841
14.058029999999999,26.614711219999997,155.0,86.55,86.4192,57.81321321068475,87.04978963121349,87.04978963121349,47.43302240682157,-6.1,94.95991,94.95991,75.68131,75.68131,97.34841,97.34841
14.058029999999999,26.614711219999997,155.0,86.55,86.4192,57.81321321068475,87.81644125285254,87.81644125285254,47.43302240682157,-6.1,94.95991,94.95991,75.68131,75.68131,97.34841,97.34841
14.058029999999999,26.614711219999997,155.0,86.55,86.4192,57.81321321068475,87.81644125285254,87.81644125285254,47.43302240682157,-6.1,94.95991,94.95991,75.68131,75.68131,97.34841,97.34841
14.058029999999999,26.614711219999997,155.0,86.55,86.4192,57.81321321068475,87.04978963121349,87.04978963121349,47.43302240682157,-6.1,94.95991,94.95991,75.68131,75.68131,97.34841,97.34841
