bioagri_CA,bioagri_NW,bioagri_SW,bioagri_TX,bioagri_NCEN,bioagri_CEN,bioagri_SE,bioagri_MIDAT,bioagri_NE,bioherb_CA,bioherb_NW,bioherb_SW,bioherb_TX,bioherb_NCEN,bioherb_CEN,bioherb_SE,bioherb_MIDAT,bioherb_NE,biowood_CA,biowood_NW,biowood_SW,biowood_TX,biowood_NCEN,biowood_CEN,biowood_SE,biowood_MIDAT,biowood_NE,ethylene_CA,ethylene_NW,ethylene_SW,ethylene_TX,ethylene_NCEN,ethylene_CEN,ethylene_SE,ethylene_MIDAT,ethylene_NE,ethylene_demand_CA,ethylene_demand_SW,ethylene_demand_NW,ethylene_demand_TX,ethylene_demand_NCEN,ethylene_demand_CEN,ethylene_demand_SE,ethylene_demand_MIDAT,ethylene_demand_NE,natgas_CA,natgas_NW,natgas_SW,natgas_TX,natgas_NCEN,natgas_CEN,natgas_SE,natgas_MIDAT,natgas_NE,natgas_demand_CA,natgas_demand_SW,natgas_demand_NW,natgas_demand_TX,natgas_demand_NCEN,natgas_demand_CEN,natgas_demand_SE,natgas_demand_MIDAT,natgas_demand_NE,elec_CA,elec_NW,elec_SW,elec_TX,elec_NCEN,elec_CEN,elec_SE,elec_MIDAT,elec_NE,h2_CA,h2_NW,h2_SW,h2_TX,h2_NCEN,h2_CEN,h2_SE,h2_MIDAT,h2_NE,co2_captured_CA,co2_captured_NW,co2_captured_SW,co2_captured_TX,co2_captured_NCEN,co2_captured_CEN,co2_captured_SE,co2_captured_MIDAT,co2_captured_NE,gasoline_CA,gasoline_NW,gasoline_SW,gasoline_TX,gasoline_NCEN,gasoline_CEN,gasoline_SE,gasoline_MIDAT,gasoline_NE,gasoline_demand_CA,gasoline_demand_NW,gasoline_demand_SW,gasoline_demand_TX,gasoline_demand_NCEN,gasoline_demand_CEN,gasoline_demand_SE,gasoline_demand_MIDAT,gasoline_demand_NE,jetfuel_CA,jetfuel_NW,jetfuel_SW,jetfuel_TX,jetfuel_NCEN,jetfuel_CEN,jetfuel_SE,jetfuel_MIDAT,jetfuel_NE,jetfuel_demand_CA,jetfuel_demand_NW,jetfuel_demand_SW,jetfuel_demand_TX,jetfuel_demand_NCEN,jetfuel_demand_CEN,jetfuel_demand_SE,jetfuel_demand_MIDAT,jetfuel_demand_NE,diesel_CA,diesel_NW,diesel_SW,diesel_TX,diesel_NCEN,diesel_CEN,diesel_SE,diesel_MIDAT,diesel_NE,diesel_demand_CA,diesel_demand_NW,diesel_demand_SW,diesel_demand_TX,diesel_demand_NCEN,diesel_demand_CEN,diesel_demand_SE,diesel_demand_MIDAT,diesel_demand_NE
44.09,44.09,44.09,44.09,44.09,44.09,44.09,44.09,44.09,77.16,77.16,77.16,77.16,77.16,77.16,77.16,77.16,77.16,55.12,44.09,44.09,44.09,44.09,44.09,44.09,44.09,44.09,533.7934341679809,533.7934341679809,533.7934341679809,533.7934341679809,533.7934341679809,533.7934341679809,533.7934341679809,533.7934341679809,533.7934341679809,0.0,0.0,0.0,533.7934341679809,533.7934341679809,533.7934341679809,533.7934341679809,533.7934341679809,0.0,6.314693152815901,15.559365860000002,13.27323096,3.423220415167402,2.619185776401561,15.04754461,12.556681220000002,12.215467049999999,2.8609280510163204,0.0,0.0,0.0,0.0,0.0,0.0,0.0,0.0,0.0,43.093022552062315,45.95072448340086,43.29813542013015,49.146108882874216,49.09856883403723,46.716392196705215,44.729535141268876,47.041389892502714,44.8132154233,11.376062175848196,11.505994669068205,12.2613672029083,12.414325965164448,11.682955951785983,11.518736503067375,11.275977631777673,12.265289698665383,23.833249202658685,-5.4,-5.3,-5.6,-5.0,-6.1,-6.2,-6.1,-42.0437698434471,-96.62613181449626,-401.73408403578816,-425.1580273190482,-415.01865398881745,-439.4243916304856,-431.87644195772214,-425.86329637844426,-426.0806934791497,-428.9649187345085,-432.1338066355801,-401.73408403578816,-425.1580273190482,-415.01865398881745,-439.4243916304856,-431.87644195772214,-425.86329637844426,-426.0806934791497,-428.9649187345085,-432.1338066355801,0.0,0.0,0.0,0.0,0.0,0.0,0.0,0.0,0.0,0.0,0.0,0.0,0.0,0.0,0.0,0.0,0.0,0.0,0.0,0.0,0.0,0.0,0.0,0.0,0.0,0.0,0.0,0.0,0.0,0.0,0.0,0.0,0.0,0.0,0.0,0.0
44.09,44.09,44.09,44.09,44.09,44.09,44.09,44.09,44.09,77.16,77.16,77.16,77.16,77.16,77.16,77.16,77.16,77.16,44.09,44.09,44.09,44.09,44.09,44.09,44.09,44.09,44.09,505.73196517600394,505.73196517600394,505.73196517600394,505.73196517600394,505.73196517600394,505.73196517600394,505.73196517600394,505.73196517600394,505.73196517600394,0.0,0.0,0.0,505.73196517600394,505.73196517600394,505.73196517600394,505.73196517600394,505.73196517600394,0.0,16.306204513035897,15.559365860000002,13.27323096,3.545324678343504,13.2734932417132,14.398605654298253,12.556681220000002,12.215467049999999,4.094094931147022,0.0,0.0,0.0,0.0,0.0,0.0,0.0,0.0,0.0,39.73247973640097,39.366335409110356,41.778049210502,43.82267178790898,47.37484432089342,45.07629978042124,44.72953514126888,47.041389892502714,44.81321542330001,11.30885131953497,11.374306887582396,12.230965478715738,12.307857223265142,11.648481461523106,11.485934654741696,11.275977631777673,12.2652896986654,23.833249202658685,-5.4,-5.3,-5.6,-5.0,-6.1,-6.2,-6.1,-42.0437698434471,-94.99284780541622,-417.35261962499317,-408.98876807332215,-411.2857840563128,-426.3516473719634,-427.64349821658413,-421.83572765997474,-426.0806934791498,-428.9649187345085,-432.1338066355801,-417.35261962499317,-408.98876807332215,-411.2857840563128,-426.3516473719634,-427.64349821658413,-421.83572765997474,-426.0806934791498,-428.9649187345085,-432.1338066355801,0.0,0.0,0.0,0.0,0.0,0.0,0.0,0.0,0.0,0.0,0.0,0.0,0.0,0.0,0.0,0.0,0.0,0.0,0.0,0.0,0.0,0.0,0.0,0.0,0.0,0.0,0.0,0.0,0.0,0.0,0.0,0.0,0.0,0.0,0.0,0.0
44.09,44.09,44.09,44.09,44.09,44.09,44.09,44.09,44.09,77.16,77.16,77.16,77.16,77.16,77.16,77.16,77.16,56.27324100653288,44.09,44.09,44.09,44.09,44.09,44.09,44.09,44.09,44.09,506.91353771340886,506.91353771340886,506.91353771340886,506.91353771340886,506.91353771340886,506.91353771340886,506.91353771340886,506.91353771340886,506.91353771340886,0.0,0.0,0.0,506.91353771340886,506.91353771340886,506.91353771340886,506.91353771340886,506.91353771340886,0.0,2.9336497276638545,14.775018962438264,13.27323096,13.40971663,14.97930178,14.528465087223434,12.556681220000002,12.215467049999999,7.928973103140642,0.0,0.0,0.0,0.0,0.0,0.0,0.0,0.0,0.0,45.068910184316756,48.057642560223904,47.1126927747957,53.47587156834088,53.42414325039779,50.832097312139176,54.92106993348402,57.75967614898713,55.02381659979679,11.415579928493287,11.548133030604665,10.92427756675774,12.500921218873781,11.769467440113193,11.601050605376056,11.479808327621976,11.830217861299882,24.03746122618862,-5.4,-5.3,-5.6,-5.0,-6.1,-6.2,-6.1,-42.0437698434471,-118.47954511865609,-430.45727161101416,-430.33197803934786,-424.3860479990088,-450.05697341504936,-442.49873862574674,-435.97021780115546,-451.1080067663616,-455.28577359220446,-457.2079411702684,-430.45727161101416,-430.33197803934786,-424.3860479990088,-450.05697341504936,-442.49873862574674,-435.97021780115546,-451.1080067663616,-455.28577359220446,-457.2079411702684,0.0,0.0,0.0,0.0,0.0,0.0,0.0,0.0,0.0,0.0,0.0,0.0,0.0,0.0,0.0,0.0,0.0,0.0,0.0,0.0,0.0,0.0,0.0,0.0,0.0,0.0,0.0,0.0,0.0,0.0,0.0,0.0,0.0,0.0,0.0,0.0
44.09,44.09,44.09,44.09,44.09,44.09,44.09,44.09,44.09,77.16,77.16,77.16,77.16,77.16,77.16,77.16,77.16,47.98840953266935,44.09,44.09,44.09,44.09,44.09,44.09,44.09,44.09,44.09,525.6039590269299,525.6039590269299,525.6039590269299,525.6039590269299,525.6039590269299,525.6039590269299,525.6039590269299,525.6039590269299,525.6039590269299,0.0,0.0,0.0,525.6039590269299,525.6039590269299,525.6039590269299,525.6039590269299,525.6039590269299,0.0,6.745779346521996,6.857751859043237,13.27323096,13.40971663,10.777412209653829,6.870408401443875,12.556681220000002,12.215467049999999,-0.5443816764151342,0.0,0.0,0.0,0.0,0.0,0.0,0.0,0.0,-0.5443816764151342,20.4611259589782,20.651433873646955,19.459292329635336,22.087521560369826,22.06615584337745,20.995544577629506,20.931227502752137,20.409835188850373,19.44309773078731,10.309590465217168,10.38046584066372,11.200811571209345,11.210528571903264,11.142307691972787,10.605630431172273,10.57000213531484,11.732658604592354,22.742553916884816,-5.4,-5.3,-5.6,-5.0,-6.1,-6.2,-6.1,-42.0437698434471,-94.68887507626513,-370.02802933613214,-363.030655441931,-356.4776975387415,-372.97672149674065,-365.4930480312918,-362.70070855438496,-367.63927978456434,-363.5659109812357,-369.83250496029575,-370.02802933613214,-363.030655441931,-356.4776975387415,-372.97672149674065,-365.4930480312918,-362.70070855438496,-367.63927978456434,-363.5659109812357,-369.83250496029575,0.0,0.0,0.0,0.0,0.0,0.0,0.0,0.0,0.0,0.0,0.0,0.0,0.0,0.0,0.0,0.0,0.0,0.0,0.0,0.0,0.0,0.0,0.0,0.0,0.0,0.0,0.0,0.0,0.0,0.0,0.0,0.0,0.0,0.0,0.0,0.0
44.09,44.09,44.09,44.09,44.09,44.09,44.09,44.09,44.09,77.16,77.16,77.16,77.16,77.16,77.16,77.16,77.16,77.16,44.09,44.09,44.09,44.09,44.09,44.09,44.09,44.09,44.09,539.1635947140999,539.1635947140999,539.1635947140999,539.1635947140999,539.1635947140999,539.1635947140999,539.1635947140999,539.1635947140999,539.1635947140999,0.0,0.0,0.0,539.1635947140999,539.1635947140999,539.1635947140999,539.1635947140999,539.1635947140999,0.0,2.9041711247129185,6.857751859043237,12.381782836464124,7.9409188481893045,7.237398797228161,7.515986064178857,11.806343639506643,12.215467049999999,9.092285059307716,0.0,0.0,0.0,0.0,0.0,0.0,0.0,0.0,0.0,20.461125958978194,20.651433873646955,19.459292329635336,22.087521560369826,20.79233193691316,20.995544577629506,20.22561689444136,19.231626525090007,18.32069639903783,10.309590465217168,10.38046584066372,10.645832101832948,11.210528571903264,10.493061255736107,10.605630431172273,10.179130760007881,11.54855222450903,20.948569835305,-5.4,-5.3,-5.6,-5.0,-6.1,-6.2,-6.1,-42.0437698434471,-112.41437713598908,-370.02802933613214,-363.030655441931,-356.4776975387415,-372.97672149674065,-362.3649235014934,-362.70070855438496,-365.9065144932695,-360.67258843984945,-367.07622827220206,-370.02802933613214,-363.030655441931,-356.4776975387415,-372.97672149674065,-362.3649235014934,-362.70070855438496,-365.9065144932695,-360.67258843984945,-367.07622827220206,0.0,0.0,0.0,0.0,0.0,0.0,0.0,0.0,0.0,0.0,0.0,0.0,0.0,0.0,0.0,0.0,0.0,0.0,0.0,0.0,0.0,0.0,0.0,0.0,0.0,0.0,0.0,0.0,0.0,0.0,0.0,0.0,0.0,0.0,0.0,0.0
44.09,44.09,44.09,44.09,44.09,44.09,44.09,44.09,44.09,77.16,77.16,77.16,77.16,77.16,77.16,77.16,77.16,77.16,46.748496119362805,44.09,44.09,44.09,44.09,44.09,44.09,44.09,44.09,506.9427123427482,506.9427123427482,506.9427123427482,506.9427123427482,506.9427123427482,506.9427123427482,506.9427123427482,506.9427123427482,506.9427123427482,0.0,0.0,0.0,506.9427123427482,506.9427123427482,506.9427123427482,506.9427123427482,506.9427123427482,0.0,10.010086607305944,15.559365860000002,13.27323096,13.40971663,14.97930178,15.04754461,12.556681220000002,12.215467049999999,9.67647712242463,0.0,0.0,0.0,0.0,0.0,0.0,0.0,0.0,0.0,55.49172409228868,54.980354549718875,58.3486355567002,59.84267018092634,59.90061328457469,62.95508377809106,58.26796434915688,55.404378249061836,52.780080340800325,11.624036206652725,11.686587270394567,12.5623772056397,12.62825719112549,11.898996840796732,11.843510334695091,11.546746215935434,11.925823050445098,23.99258650100869,-5.4,-5.3,-5.6,-5.0,-6.1,-6.2,-6.1,-42.0437698434471,-106.91628282602382,-448.1298923488885,-447.3320555831709,-451.97811002039447,-465.69189659025915,-458.402981494485,-465.74058962893605,-459.3269626732038,-449.50187748352715,-451.69800655956817,-448.1298923488885,-447.3320555831709,-451.97811002039447,-465.69189659025915,-458.402981494485,-465.74058962893605,-459.3269626732038,-449.50187748352715,-451.69800655956817,0.0,0.0,0.0,0.0,0.0,0.0,0.0,0.0,0.0,0.0,0.0,0.0,0.0,0.0,0.0,0.0,0.0,0.0,0.0,0.0,0.0,0.0,0.0,0.0,0.0,0.0,0.0,0.0,0.0,0.0,0.0,0.0,0.0,0.0,0.0,0.0
44.09,44.09,44.09,44.09,44.09,44.09,44.09,44.09,44.09,77.16,77.16,77.16,77.16,77.16,77.16,77.16,77.16,77.16,44.09,44.09,44.09,44.09,44.09,44.09,44.09,44.09,44.09,578.3208191140852,578.3208191140852,578.3208191140852,578.3208191140852,578.3208191140852,578.3208191140852,578.3208191140852,578.3208191140852,578.3208191140852,0.0,0.0,0.0,578.3208191140852,578.3208191140852,578.3208191140852,578.3208191140852,578.3208191140852,0.0,16.44652268,15.559365860000002,13.27323096,12.966005649423622,14.97930178,15.04754461,12.556681220000002,12.215467049999999,15.013423189999997,0.0,0.0,0.0,0.0,0.0,0.0,0.0,0.0,0.0,121.2009947995122,122.83720811199215,127.44085339473156,130.70401534695293,130.830570466997,137.50192314986282,126.77705323559097,121.01022035045945,115.27841939573338,12.938221620797195,13.043724341640033,13.944221562400328,14.04548409444602,13.31759598444518,13.334447122130534,12.916927993664116,9.262780323096614,22.05610730030042,-5.4,-5.3,-5.6,-5.0,-6.1,-6.2,-6.1,-42.0437698434471,-42.67438037680501,-617.4145426913676,-613.9678731917913,-621.6476069897373,-639.7058328207548,-632.5854079930916,-648.8049799849325,-627.5644720905229,-610.6098947958199,-605.1749404413025,-617.4145426913676,-613.9678731917913,-621.6476069897373,-639.7058328207548,-632.5854079930916,-648.8049799849325,-627.5644720905229,-610.6098947958199,-605.1749404413025,0.0,0.0,0.0,0.0,0.0,0.0,0.0,0.0,0.0,0.0,0.0,0.0,0.0,0.0,0.0,0.0,0.0,0.0,0.0,0.0,0.0,0.0,0.0,0.0,0.0,0.0,0.0,0.0,0.0,0.0,0.0,0.0,0.0,0.0,0.0,0.0
44.09,44.09,44.09,44.09,44.09,44.09,44.09,44.09,44.09,77.16,77.16,77.16,77.16,77.16,77.16,77.16,77.16,55.89997069739935,44.09,44.09,44.09,44.09,44.09,44.09,44.09,44.09,44.09,506.91353771340886,506.91353771340886,506.91353771340886,506.91353771340886,506.91353771340886,506.91353771340886,506.91353771340886,506.91353771340886,506.91353771340886,0.0,0.0,0.0,506.91353771340886,506.91353771340886,506.91353771340886,506.91353771340886,506.91353771340886,0.0,16.44652268,13.991572972433824,13.27323096,13.40971663,14.97930178,15.04754461,12.556681220000002,12.215467049999999,15.013423189999997,0.0,0.0,0.0,0.0,0.0,0.0,0.0,0.0,0.0,55.49172409228868,54.980354549718875,58.348635556700195,59.84267018092633,59.90061328457468,62.955083778091044,58.26796434915688,55.404378249061836,52.780080340800325,11.624036206652725,11.686587270394565,12.5623772056397,12.62825719112549,11.898996840796732,11.843510334695091,11.546746215935432,11.925823050445098,23.99258650100869,-5.4,-5.3,-5.6,-5.0,-6.1,-6.2,-6.1,-42.0437698434471,-326.10467483014116,-456.0525361445149,-447.3320555831709,-451.97811002039447,-465.69189659025915,-458.402981494485,-465.74058962893605,-459.3269626732038,-449.50187748352715,-603.0783656118376,-456.0525361445149,-447.3320555831709,-451.97811002039447,-465.69189659025915,-458.402981494485,-465.74058962893605,-459.3269626732038,-449.50187748352715,-603.0783656118376,0.0,0.0,0.0,0.0,0.0,0.0,0.0,0.0,0.0,0.0,0.0,0.0,0.0,0.0,0.0,0.0,0.0,0.0,0.0,0.0,0.0,0.0,0.0,0.0,0.0,0.0,0.0,0.0,0.0,0.0,0.0,0.0,0.0,0.0,0.0,0.0
44.09,44.09,44.09,44.09,44.09,44.09,44.09,44.09,44.09,77.16,77.16,77.16,77.16,77.16,77.16,77.16,77.16,43.57717951969702,44.09,44.09,44.09,44.09,44.09,44.09,44.09,44.09,44.09,592.483893758768,592.483893758768,592.483893758768,592.483893758768,592.483893758768,592.483893758768,592.483893758768,592.483893758768,592.483893758768,0.0,0.0,0.0,592.483893758768,592.483893758768,592.483893758768,592.483893758768,592.483893758768,0.0,0.4214404792821354,0.47459063061483503,0.7982361133066339,-0.8680617033121826,-0.31874252938625264,-0.1726660560487002,11.587751437454822,-1.8960250246998274,15.013423189999997,0.0,0.0,0.0,-0.8680617033121826,-0.31874252938625264,-0.1726660560487002,0.0,-1.8960250246998274,0.0,7.7128883444238205,7.784625535223733,7.335243881538345,7.152111873841698,6.468668852570561,6.798521203975337,6.292359049771943,5.983120309187815,5.699722306927145,2.814366814434726,2.275869117814195,3.0887872494562876,2.937092690714036,2.5585009993168226,2.7412219515293694,2.4608345891349024,3.546476781978903,17.913467673860147,-5.4,-5.3,-5.6,-5.0,-6.1,-6.2,-6.1,-42.0437698434471,-191.9538605146276,-338.7222306370999,-331.4336830665626,-326.70471780544005,-336.2998926462792,-327.1903584589306,-327.8371321684494,-331.69066611522055,-328.13828203624155,-347.41454732725504,-338.7222306370999,-331.4336830665626,-326.70471780544005,-336.2998926462792,-327.1903584589306,-327.8371321684494,-331.69066611522055,-328.13828203624155,-347.41454732725504,0.0,0.0,0.0,0.0,0.0,0.0,0.0,0.0,0.0,0.0,0.0,0.0,0.0,0.0,0.0,0.0,0.0,0.0,0.0,0.0,0.0,0.0,0.0,0.0,0.0,0.0,0.0,0.0,0.0,0.0,0.0,0.0,0.0,0.0,0.0,0.0
44.09,44.09,44.09,44.09,44.09,44.09,44.09,44.09,44.09,77.16,77.16,77.16,77.16,77.16,77.16,77.16,77.16,77.16,55.12,44.09,44.09,44.09,44.09,44.09,44.09,44.09,44.09,531.1742157215929,531.1742157215929,531.1742157215929,531.1742157215929,531.1742157215929,531.1742157215929,531.1742157215929,531.1742157215929,531.1742157215929,0.0,0.0,0.0,531.1742157215929,531.1742157215929,531.1742157215929,531.1742157215929,531.1742157215929,0.0,-0.18579870877723578,0.4745906306148358,11.884295521104983,-0.2876120830546658,-0.3187425293862512,-0.17266605604869875,-0.32677334202596847,-0.43269269590145587,-3.592263807500897,-0.18579870877723578,0.0,0.0,-0.2876120830546658,-0.3187425293862512,-0.17266605604869875,-0.32677334202596847,-0.43269269590145587,-3.592263807500897,7.712888344423821,7.784625535223734,7.3352438815383465,7.152111873841701,6.468668852570564,6.79852120397534,6.292359049771944,5.983120309187817,5.699722306927147,2.2038080351289637,2.275869117814195,2.936198707912477,2.937092690714037,2.5585009993168235,2.7412219515293708,2.4608345891349033,3.546476781978903,17.74247600465234,-5.4,-5.3,-5.6,-5.0,-6.1,-6.2,-6.1,-42.0437698434471,-82.27121844287718,-314.85122281703036,-331.4336830665626,-326.70471780544005,-336.2998926462792,-327.1903584589306,-327.8371321684494,-331.69066611522055,-328.13828203624155,-336.0829501219556,-314.85122281703036,-331.4336830665626,-326.70471780544005,-336.2998926462792,-327.1903584589306,-327.8371321684494,-331.69066611522055,-328.13828203624155,-336.0829501219556,0.0,0.0,0.0,0.0,0.0,0.0,0.0,0.0,0.0,0.0,0.0,0.0,0.0,0.0,0.0,0.0,0.0,0.0,0.0,0.0,0.0,0.0,0.0,0.0,0.0,0.0,0.0,0.0,0.0,0.0,0.0,0.0,0.0,0.0,0.0,0.0
44.09,44.09,44.09,44.09,44.09,44.09,44.09,44.09,38.73461112773022,77.16,77.16,77.16,77.16,77.16,77.16,77.16,77.16,77.16,44.09,44.09,44.09,44.09,44.09,44.09,44.09,44.09,44.09,515.9039780673626,515.9039780673626,515.9039780673626,515.9039780673626,515.9039780673626,515.9039780673626,515.9039780673626,515.9039780673626,515.9039780673626,0.0,0.0,0.0,515.9039780673626,515.9039780673626,515.9039780673626,515.9039780673626,515.9039780673626,0.0,0.17866956349652038,0.4745906306148343,0.1941157219360895,13.40971663,0.045725742887509614,3.1556530740433786,0.037694930247787896,3.254471756323382,-6.4945809432205355,0.0,0.0,0.0,0.0,0.0,0.0,0.0,0.0,-6.4945809432205355,7.7128883444238205,7.784625535223733,7.335243881538345,7.1521118738417,6.468668852570562,6.798521203975339,6.292359049771943,5.983120309187815,5.699722306927146,2.2038080351289637,2.275869117814195,2.936198707912477,2.9370926907140364,2.558500999316823,2.74122195152937,2.4608345891349024,3.546476781978903,17.74247600465234,-5.4,-5.3,-5.6,-5.0,-6.1,-6.2,-6.1,-42.0437698434471,-99.2348473100678,-338.7222306370999,-331.4336830665626,-326.70471780544005,-336.2998926462792,-327.1903584589306,-327.8371321684494,-331.69066611522055,-328.13828203624155,-339.858655557288,-338.7222306370999,-331.4336830665626,-326.70471780544005,-336.2998926462792,-327.1903584589306,-327.8371321684494,-331.69066611522055,-328.13828203624155,-339.858655557288,0.0,0.0,0.0,0.0,0.0,0.0,0.0,0.0,0.0,0.0,0.0,0.0,0.0,0.0,0.0,0.0,0.0,0.0,0.0,0.0,0.0,0.0,0.0,0.0,0.0,0.0,0.0,0.0,0.0,0.0,0.0,0.0,0.0,0.0,0.0,0.0
44.09,44.09,44.09,44.09,44.09,44.09,44.09,44.09,38.73461112773022,77.16,77.16,77.16,77.16,77.16,77.16,77.16,77.16,77.16,55.12,44.09,44.09,44.09,44.09,44.09,44.09,44.09,44.09,547.2726546933301,547.2726546933301,547.2726546933301,547.2726546933301,547.2726546933301,547.2726546933301,547.2726546933301,547.2726546933301,547.2726546933301,0.0,0.0,0.0,547.2726546933301,547.2726546933301,547.2726546933301,547.2726546933301,547.2726546933301,0.0,0.5809753864109711,5.3311095552627865,0.027193099987643563,12.171782873795575,-0.5009766655231315,1.2327206405058009,-0.4062089676680168,2.5057677981886335,-6.4945809432205355,0.0,0.0,0.0,0.0,-0.5009766655231315,0.0,-0.4062089676680168,0.0,-6.4945809432205355,7.463222621431156,7.532637683761586,7.097802486663776,6.9205984508322675,6.468668852570564,6.5784534892782105,6.292359049771944,5.983120309187817,5.699722306927147,2.1446495757435904,2.278388996328819,2.8850092604146513,2.80884636194872,2.5585009993168235,2.6193159465867106,2.4608345891349033,3.546476781978903,17.74247600465234,-5.4,-5.3,-5.6,-5.0,-6.1,-6.2,-6.1,-42.0437698434471,-99.2348473100678,-314.2381196491749,-330.8148774566429,-326.12163387372277,-335.7313660125598,-327.1903584589306,-327.29671271716785,-331.69066611522055,-328.13828203624155,-339.858655557288,-314.2381196491749,-330.8148774566429,-326.12163387372277,-335.7313660125598,-327.1903584589306,-327.29671271716785,-331.69066611522055,-328.13828203624155,-339.858655557288,0.0,0.0,0.0,0.0,0.0,0.0,0.0,0.0,0.0,0.0,0.0,0.0,0.0,0.0,0.0,0.0,0.0,0.0,0.0,0.0,0.0,0.0,0.0,0.0,0.0,0.0,0.0,0.0,0.0,0.0,0.0,0.0,0.0,0.0,0.0,0.0
44.09,44.09,44.09,44.09,44.09,44.09,44.09,44.09,-471.5685375281824,77.16,77.16,77.16,77.16,77.16,77.16,77.16,77.16,77.16,55.12,44.09,44.09,45.9859682441642,44.09,44.09,44.09,44.09,44.09,521.9903124285612,521.9903124285612,521.9903124285612,521.9903124285612,521.9903124285612,521.9903124285612,521.9903124285612,521.9903124285612,521.9903124285612,0.0,0.0,0.0,521.9903124285612,521.9903124285612,521.9903124285612,521.9903124285612,521.9903124285612,0.0,-0.018805702089159142,0.1732640837322518,-1.829279176428221,-0.0650245894883637,-0.09954218413076359,-0.10867955537349616,-0.1075729967704866,12.215467049999999,15.013423189999997,-0.018805702089159142,-1.829279176428221,0.0,-0.0650245894883637,-0.09954218413076359,-0.10867955537349616,-0.1075729967704866,0.0,0.0,7.1110889723314905,7.17722885710917,6.762910280307709,6.594067177405275,6.468668852570562,6.268065477273854,6.292359049771943,5.983120309187815,5.699722306927146,2.2098260288498883,1.4082305035604776,3.094510585468594,2.627965113251666,2.558500999316823,2.4473772204649786,2.4608345891349024,4.447360517532566,17.74247600465234,-5.4,-5.3,-5.6,-5.0,-6.1,-6.2,-6.1,-42.0437698434471,-399.7932880768685,-313.3733863842973,-329.94210135068636,-325.2992403543167,-329.16919850801344,-327.1903584589306,-326.5344940547774,-331.69066611522055,-328.13828203624155,-2024.185119695123,-313.3733863842973,-329.94210135068636,-325.2992403543167,-329.16919850801344,-327.1903584589306,-326.5344940547774,-331.69066611522055,-328.13828203624155,-2024.185119695123,0.0,0.0,0.0,0.0,0.0,0.0,0.0,0.0,0.0,0.0,0.0,0.0,0.0,0.0,0.0,0.0,0.0,0.0,0.0,0.0,0.0,0.0,0.0,0.0,0.0,0.0,0.0,0.0,0.0,0.0,0.0,0.0,0.0,0.0,0.0,0.0
44.09,44.09,44.09,44.09,44.09,44.09,44.09,44.09,39.75029349618029,77.16,77.16,77.16,77.16,77.16,77.16,77.16,77.16,42.48954086383953,44.09,44.09,44.09,44.09,44.09,44.09,44.09,44.09,44.09,679.3789370379094,679.3789370379094,679.3789370379094,679.3789370379094,679.3789370379094,679.3789370379094,679.3789370379094,679.3789370379094,679.3789370379094,0.0,0.0,0.0,679.3789370379094,679.3789370379094,679.3789370379094,679.3789370379094,679.3789370379094,0.0,0.05915439829390547,-2.381829493152995,-2.1508452856982636,-0.12245685181347293,-2.074463621816404,-0.4920029235769588,-0.4062089676680175,0.5896374092948065,-5.044072034297098,0.0,-2.1508452856982636,-2.381829493152995,-0.12245685181347293,-2.074463621816404,-0.4920029235769588,-0.4062089676680175,0.0,-5.044072034297098,6.9826129525077745,7.047557888216345,6.640724803706373,6.474932188559049,6.468668852570562,6.15482036001433,6.292359049771943,5.983120309187815,5.699722306927146,2.2111107890481243,2.283239794284273,2.653810998143515,2.5619705598973965,2.558500999316823,2.3846453479439624,2.4608345891349024,4.447360517532566,17.91346767386015,-5.4,-5.3,-5.6,-5.0,-6.1,-6.2,-6.1,-42.0437698434471,-99.54184317372048,-336.92889613036937,-329.62366884479763,-324.9991899434223,-334.636945064699,-327.1903584589306,-326.25639845036795,-331.69066611522055,-328.13828203624155,-336.50625474054885,-336.92889613036937,-329.62366884479763,-324.9991899434223,-334.636945064699,-327.1903584589306,-326.25639845036795,-331.69066611522055,-328.13828203624155,-336.50625474054885,0.0,0.0,0.0,0.0,0.0,0.0,0.0,0.0,0.0,0.0,0.0,0.0,0.0,0.0,0.0,0.0,0.0,0.0,0.0,0.0,0.0,0.0,0.0,0.0,0.0,0.0,0.0,0.0,0.0,0.0,0.0,0.0,0.0,0.0,0.0,0.0
44.09,44.09,44.09,44.09,44.09,44.09,44.09,44.09,39.72572184955189,77.16,77.16,77.16,77.16,77.16,77.16,77.16,77.16,-21.751496730430187,44.09,44.09,44.09,44.09,44.09,44.09,44.09,44.09,44.09,537.3403929910337,537.3403929910337,537.3403929910337,537.3403929910337,537.3403929910337,537.3403929910337,537.3403929910337,537.3403929910337,537.3403929910337,0.0,0.0,0.0,537.3403929910337,537.3403929910337,537.3403929910337,537.3403929910337,537.3403929910337,0.0,3.274499996524588,0.3495806793369517,2.1176550458063934,0.12786937916448057,-0.09786352532135312,-0.2523459475365961,-0.45421949524617966,4.22422144603231,-6.395600773318126,0.0,0.0,0.0,0.0,-0.09786352532135312,-0.2523459475365961,-0.45421949524617966,0.0,-6.395600773318126,7.4632226214311554,7.5326376837615845,7.097802486663776,6.9205984508322675,6.913904012639454,6.578453489278209,6.725458896523697,6.394935411998972,6.092031270565699,2.2063046923588905,2.2783889963288226,3.0911616634050336,2.80884636194872,2.8051379932925333,2.61931594658671,2.7007492541799207,4.625374949735772,17.921313853132922,-5.4,-5.3,-5.6,-5.0,-6.1,-6.2,-6.1,-42.0437698434471,-99.28149133038387,-338.10912746924447,-330.8148774566429,-326.12163387372277,-335.7313660125598,-328.2837207507453,-327.2967127171678,-332.7542277642059,-329.1495748203601,-525.2613823542252,-338.10912746924447,-330.8148774566429,-326.12163387372277,-335.7313660125598,-328.2837207507453,-327.2967127171678,-332.7542277642059,-329.1495748203601,-525.2613823542252,0.0,0.0,0.0,0.0,0.0,0.0,0.0,0.0,0.0,0.0,0.0,0.0,0.0,0.0,0.0,0.0,0.0,0.0,0.0,0.0,0.0,0.0,0.0,0.0,0.0,0.0,0.0,0.0,0.0,0.0,0.0,0.0,0.0,0.0,0.0,0.0
44.09,44.09,44.09,44.09,44.09,44.09,44.09,44.09,44.09,77.16,77.16,77.16,77.16,77.16,77.16,77.16,77.16,77.16,44.09,44.09,44.09,47.07829011234889,44.09,44.09,44.09,44.09,44.09,611.9809972655794,611.9809972655794,611.9809972655794,611.9809972655794,611.9809972655794,611.9809972655794,611.9809972655794,611.9809972655794,611.9809972655794,0.0,0.0,0.0,611.9809972655794,611.9809972655794,611.9809972655794,611.9809972655794,611.9809972655794,0.0,-0.8872240081003009,0.6560571365169563,0.36996055685328827,0.3802107596270949,0.18343884126455945,0.015157320337645119,-1.6298248865700344,2.2903868464431136,-6.767981352268266,-0.8872240081003009,0.0,0.0,0.0,0.0,0.0,-1.6298248865700344,0.0,-6.767981352268266,8.075307223336072,8.150415254099565,7.67991772425215,7.4881805748811345,7.480937102746274,7.117975126160954,7.720129501363516,8.088038067739149,7.704937994172909,2.200183846339841,2.272211220625443,3.0853405110291496,3.1232571755244063,3.119244670777448,2.918182717766743,3.2517447504379766,4.51443930551096,14.62667070801721,-5.4,-5.3,-5.6,-5.0,-6.1,-6.2,-6.1,-42.0437698434471,-85.9032314402214,-339.6122213017705,-332.3319514901311,-327.5511320521043,-328.04619138417416,-329.67618175683043,-328.6216139520444,-335.1968365912809,-333.3073205825575,-341.0071506703819,-339.6122213017705,-332.3319514901311,-327.5511320521043,-328.04619138417416,-329.67618175683043,-328.6216139520444,-335.1968365912809,-333.3073205825575,-341.0071506703819,0.0,0.0,0.0,0.0,0.0,0.0,0.0,0.0,0.0,0.0,0.0,0.0,0.0,0.0,0.0,0.0,0.0,0.0,0.0,0.0,0.0,0.0,0.0,0.0,0.0,0.0,0.0,0.0,0.0,0.0,0.0,0.0,0.0,0.0,0.0,0.0
44.09,44.09,44.09,44.09,44.09,44.09,44.09,44.09,38.629619152753975,77.16,77.16,77.16,77.16,77.16,77.16,77.16,77.16,77.16,44.09,44.09,44.09,44.09,44.09,44.09,44.09,44.09,44.09,616.6435514238497,616.6435514238497,616.6435514238497,616.6435514238497,616.6435514238497,616.6435514238497,616.6435514238497,616.6435514238497,616.6435514238497,0.0,0.0,0.0,616.6435514238497,616.6435514238497,616.6435514238497,616.6435514238497,616.6435514238497,0.0,2.4451252297938932,1.2805514496472277,0.9584048010519477,0.588930643104083,0.7566369584034917,0.5312010333793309,-1.4127228260343843,-2.1599991525219497,-7.8078701671157,0.0,0.0,0.0,0.0,0.0,0.0,-1.4127228260343843,-2.1599991525219497,-7.8078701671157,9.322526525469032,9.409234880916484,8.866069700835801,7.908906080788128,8.636356815525104,8.217335896460252,8.912492127672222,9.337223630031982,8.894954314579863,2.1877116533185115,2.259623024357269,3.3394610822883872,3.3563171028889807,3.7592867660512255,3.527171090651503,3.912251287783902,3.216055295597901,14.614770544813139,-5.4,-5.3,-5.6,-5.0,-6.1,-6.2,-6.1,-42.0437698434471,-91.38419553884077,-342.6750130057426,-335.4232300673777,-330.4639609566262,-338.1583493063755,-332.5135415578316,-331.3213100208807,-338.12491696474785,-336.37494082413735,-348.05171526989596,-342.6750130057426,-335.4232300673777,-330.4639609566262,-338.1583493063755,-332.5135415578316,-331.3213100208807,-338.12491696474785,-336.37494082413735,-348.05171526989596,0.0,0.0,0.0,0.0,0.0,0.0,0.0,0.0,0.0,0.0,0.0,0.0,0.0,0.0,0.0,0.0,0.0,0.0,0.0,0.0,0.0,0.0,0.0,0.0,0.0,0.0,0.0,0.0,0.0,0.0,0.0,0.0,0.0,0.0,0.0,0.0
44.09,44.09,44.09,44.09,44.09,44.09,44.09,44.09,39.96978809526713,77.16,77.16,77.16,77.16,77.16,77.16,77.16,77.16,77.16,55.12,44.09,44.09,44.09,44.09,44.09,44.09,44.09,44.09,537.2740673207991,537.2740673207991,537.2740673207991,537.2740673207991,537.2740673207991,537.2740673207991,537.2740673207991,537.2740673207991,537.2740673207991,0.0,0.0,0.0,537.2740673207991,537.2740673207991,537.2740673207991,537.2740673207991,537.2740673207991,0.0,1.262758877675717,1.2805514496472286,1.7160985912044773,1.0552488122199721,0.756636958403492,0.5197245554312707,0.8936263478415782,-0.33367202290779063,-1.1364645133507076,0.0,0.0,0.0,0.0,0.0,0.0,0.0,-0.33367202290779063,-1.1364645133507076,9.322526525469033,9.409234880916486,8.866069700835801,8.644719031258347,8.636356815525106,8.217335896460254,8.912492127672225,9.337223630031982,8.894954314579863,2.4673874490825822,2.2596230243572673,3.0734789912633134,3.3710333618983848,3.759286766051226,3.5271710906515037,3.912251287783902,4.14753032767956,14.614770544813139,-5.4,-5.3,-5.6,-5.0,-6.1,-6.2,-6.1,-42.0437698434471,-102.17299028783611,-318.804005185673,-335.42323006737774,-330.4639609566262,-339.9652823746188,-332.5135415578316,-331.3213100208807,-338.12491696474785,-336.37494082413735,-343.92946922935596,-318.804005185673,-335.42323006737774,-330.4639609566262,-339.9652823746188,-332.5135415578316,-331.3213100208807,-338.12491696474785,-336.37494082413735,-343.92946922935596,0.0,0.0,0.0,0.0,0.0,0.0,0.0,0.0,0.0,0.0,0.0,0.0,0.0,0.0,0.0,0.0,0.0,0.0,0.0,0.0,0.0,0.0,0.0,0.0,0.0,0.0,0.0,0.0,0.0,0.0,0.0,0.0,0.0,0.0,0.0,0.0
44.09,44.09,44.09,44.09,44.09,44.09,44.09,44.09,38.30652738050032,77.16,77.16,77.16,77.16,77.16,77.16,77.16,77.16,41.166501894283904,44.09,44.09,44.09,44.09,44.09,44.09,44.09,44.09,44.09,529.2585869274749,529.2585869274749,529.2585869274749,529.2585869274749,529.2585869274749,529.2585869274749,529.2585869274749,529.2585869274749,529.2585869274749,0.0,0.0,0.0,529.2585869274749,529.2585869274749,529.2585869274749,529.2585869274749,529.2585869274749,0.0,12.202112302132932,3.2816944422830505,2.8440281783610506,2.7968432210434755,3.3366065557881366,0.1250484787974931,3.54874342684998,0.18059689634746234,-7.538293477127158,0.0,0.0,0.0,0.0,0.0,0.0,0.0,0.0,-7.538293477127158,12.606994185592269,13.443023535564535,12.667000576000309,12.359488942743287,12.59395087147177,11.982914414601986,12.946829176260362,13.61598856837161,12.971050181765037,2.1548669767172797,2.283239794284273,3.0056284342144095,3.445328760128084,3.838438647170159,3.6024826610143377,3.9929380287556646,4.7649483776230515,14.831584163155554,-5.4,-5.3,-5.6,-5.0,-6.1,-6.2,-6.1,-42.0437698434471,-88.92203675984163,-350.74066776604525,-345.32898954841215,-339.797892472853,-349.0876287395312,-342.2321902521816,-340.5684268882161,-348.0320231346985,-346.88228763474353,-359.1277777097579,-350.74066776604525,-345.32898954841215,-339.797892472853,-349.0876287395312,-342.2321902521816,-340.5684268882161,-348.0320231346985,-346.88228763474353,-359.1277777097579,0.0,0.0,0.0,0.0,0.0,0.0,0.0,0.0,0.0,0.0,0.0,0.0,0.0,0.0,0.0,0.0,0.0,0.0,0.0,0.0,0.0,0.0,0.0,0.0,0.0,0.0,0.0,0.0,0.0,0.0,0.0,0.0,0.0,0.0,0.0,0.0
44.09,44.09,44.09,44.09,44.09,44.09,44.09,44.09,38.30705825022338,77.16,77.16,77.16,77.16,77.16,77.16,77.16,77.16,41.16585693428405,44.09,44.09,44.09,55.12,44.09,44.09,44.09,44.09,44.09,500.86773270167004,500.86773270167004,500.86773270167004,500.86773270167004,500.86773270167004,500.86773270167004,500.86773270167004,500.86773270167004,500.86773270167004,0.0,0.0,0.0,500.86773270167004,500.86773270167004,500.86773270167004,500.86773270167004,500.86773270167004,0.0,4.023956622834047,1.013972195993033,2.3823906366640624,2.932349197501573,11.8463252967797,2.399286277785073,3.1724072521931115,0.8374650892539286,-7.313922501381644,0.0,0.0,0.0,0.0,0.0,0.0,0.0,0.0,-7.313922501381644,12.440900143417224,13.265915012691739,12.500115964416528,12.606145056632322,12.59395087147177,11.982914414601986,12.946829176260362,13.615988568371614,12.971050181765039,2.5297549214415467,2.221056223039521,3.037138528627506,3.4502618824058646,3.838438647170159,3.6024826610143377,3.9929380287556646,5.049113959894804,14.819777766192043,-5.4,-5.3,-5.6,-5.0,-6.1,-6.2,-6.1,-42.0437698434471,-88.90083973282137,-350.33279125741285,-344.89406482135746,-339.3880745659257,-324.63342728502016,-342.2321902521816,-340.5684268882161,-348.0320231346985,-346.88228763474353,-359.12602550045665,-350.33279125741285,-344.89406482135746,-339.3880745659257,-324.63342728502016,-342.2321902521816,-340.5684268882161,-348.0320231346985,-346.88228763474353,-359.12602550045665,0.0,0.0,0.0,0.0,0.0,0.0,0.0,0.0,0.0,0.0,0.0,0.0,0.0,0.0,0.0,0.0,0.0,0.0,0.0,0.0,0.0,0.0,0.0,0.0,0.0,0.0,0.0,0.0,0.0,0.0,0.0,0.0,0.0,0.0,0.0,0.0
44.09,44.09,44.09,44.09,44.09,44.09,44.09,44.09,-114.05474144814437,77.16,77.16,77.16,77.16,77.16,77.16,77.16,77.16,77.16,44.09,44.09,44.09,44.09,44.09,44.09,44.09,44.09,44.09,529.7378572156316,529.7378572156316,529.7378572156316,529.7378572156316,529.7378572156316,529.7378572156316,529.7378572156316,529.7378572156316,529.7378572156316,0.0,0.0,0.0,529.7378572156316,529.7378572156316,529.7378572156316,529.7378572156316,529.7378572156316,0.0,5.955160112388006,6.7692811837036455,6.575329882472494,3.0228039942825715,7.829226113601955,7.260640539798588,7.941713148538854,2.4385556062466978,15.013423189999997,0.0,0.0,0.0,0.0,0.0,0.0,0.0,0.0,0.0,19.19986596033755,20.473099787693485,20.1883433968293,21.004413308267168,22.8928742149383,21.782152020559373,23.53432491830775,24.750701093638757,23.578353074208685,2.664934237779953,2.7631773689203083,3.565906556208257,3.6182272474385613,4.04441711403949,3.7984674131334857,4.204687943596612,5.271808210400147,15.175287149443111,-5.4,-5.3,-5.6,-5.0,-6.1,-6.2,-6.1,-42.0437698434471,-495.3455397142605,-366.9307579470653,-362.5927211042731,-358.26802547590137,-370.3169366751215,-367.52321719689695,-364.6323774648709,-374.0316962227642,-374.22575889932364,-925.616592061167,-366.9307579470653,-362.5927211042731,-358.26802547590137,-370.3169366751215,-367.52321719689695,-364.6323774648709,-374.0316962227642,-374.22575889932364,-925.616592061167,0.0,0.0,0.0,0.0,0.0,0.0,0.0,0.0,0.0,0.0,0.0,0.0,0.0,0.0,0.0,0.0,0.0,0.0,0.0,0.0,0.0,0.0,0.0,0.0,0.0,0.0,0.0,0.0,0.0,0.0,0.0,0.0,0.0,0.0,0.0,0.0
44.09,44.09,44.09,44.09,44.09,44.09,44.09,44.09,44.09,77.16,77.16,77.16,77.16,77.16,77.16,77.16,77.16,77.16,44.09,44.09,44.09,44.09,44.09,44.09,44.09,44.09,44.09,512.574295577577,512.574295577577,512.574295577577,512.574295577577,512.574295577577,512.574295577577,512.574295577577,512.574295577577,512.574295577577,0.0,0.0,0.0,512.574295577577,512.574295577577,512.574295577577,512.574295577577,512.574295577577,0.0,0.2837585605392728,0.6224422061368085,-1.8105486091443552,0.9539638800406468,14.97930178,0.5312010333793302,0.8665364068780398,0.22141476508480123,-2.6298157937786915,0.0,-1.8105486091443552,0.0,0.0,0.0,0.0,0.0,0.0,-2.6298157937786915,8.008172600764688,8.082656215743379,7.616070199503247,8.644719031258346,8.636356815525103,8.217335896460252,8.878344654267224,9.33722363003198,8.89495431457986,2.200855192565555,2.2728888110089995,3.085978986276639,3.3710333618983848,3.7592867660512255,3.527171090651503,3.893335373346302,4.618978581803724,14.881619174250535,-5.4,-5.3,-5.6,-5.0,-6.1,-6.2,-6.1,-42.0437698434471,-94.01509888261127,-339.44735906406356,-332.1655558769526,-327.3943419280374,-339.9652823746188,-332.5135415578316,-331.3213100208807,-338.04106114398115,-336.37494082413735,-343.9294692293559,-339.44735906406356,-332.1655558769526,-327.3943419280374,-339.9652823746188,-332.5135415578316,-331.3213100208807,-338.04106114398115,-336.37494082413735,-343.9294692293559,0.0,0.0,0.0,0.0,0.0,0.0,0.0,0.0,0.0,0.0,0.0,0.0,0.0,0.0,0.0,0.0,0.0,0.0,0.0,0.0,0.0,0.0,0.0,0.0,0.0,0.0,0.0,0.0,0.0,0.0,0.0,0.0,0.0,0.0,0.0,0.0
44.09,44.09,44.09,44.09,44.09,44.09,44.09,44.09,44.09,77.16,77.16,77.16,77.16,77.16,77.16,77.16,77.16,42.521580938650125,44.09,44.09,44.09,44.09,44.09,44.09,44.09,44.09,44.09,500.73680113992083,500.73680113992083,500.73680113992083,500.73680113992083,500.73680113992083,500.73680113992083,500.73680113992083,500.73680113992083,500.73680113992083,0.0,0.0,0.0,500.73680113992083,500.73680113992083,500.73680113992083,500.73680113992083,500.73680113992083,0.0,2.4451252297938932,0.6224422061368092,-1.8747568341398355,1.051730406346863,14.97930178,0.5312010333793321,0.5174935549902342,0.4992424158951029,-0.2793753037831775,0.0,-1.8747568341398355,0.0,0.0,0.0,0.0,0.0,0.0,-0.2793753037831775,8.008172600764691,8.082656215743382,7.61607019950325,8.644719031258347,8.636356815525106,8.217335896460256,8.878344654267224,9.337223630031984,8.894954314579863,2.200855192565555,2.2728888110089995,3.085978986276639,3.3710333618983848,3.759286766051226,3.527171090651505,3.8933353733463023,4.683421952227052,14.819777766192043,-5.4,-5.3,-5.6,-5.0,-6.1,-6.2,-6.1,-42.0437698434471,-106.85510412660965,-339.44735906406356,-332.1655558769526,-327.3943419280374,-339.9652823746188,-332.5135415578316,-331.3213100208807,-338.04106114398115,-336.37494082413735,-343.92946922935596,-339.44735906406356,-332.1655558769526,-327.3943419280374,-339.9652823746188,-332.5135415578316,-331.3213100208807,-338.04106114398115,-336.37494082413735,-343.92946922935596,0.0,0.0,0.0,0.0,0.0,0.0,0.0,0.0,0.0,0.0,0.0,0.0,0.0,0.0,0.0,0.0,0.0,0.0,0.0,0.0,0.0,0.0,0.0,0.0,0.0,0.0,0.0,0.0,0.0,0.0,0.0,0.0,0.0,0.0,0.0,0.0
44.09,44.09,44.09,44.09,44.09,44.09,44.09,44.09,44.09,77.16,77.16,77.16,77.16,77.16,77.16,77.16,77.16,77.16,44.09,44.09,44.09,44.09,44.09,44.09,44.09,44.09,44.09,500.8533175446933,500.8533175446933,500.8533175446933,500.8533175446933,500.8533175446933,500.8533175446933,500.8533175446933,500.8533175446933,500.8533175446933,0.0,0.0,0.0,500.8533175446933,500.8533175446933,500.8533175446933,500.8533175446933,500.8533175446933,0.0,0.9778782226935365,2.476492526358788,10.84650630232856,2.732825826182234,11.831036931461538,3.680863363104636,4.216198774472337,0.803746370995472,0.053141029768011994,0.0,0.0,0.0,0.0,0.0,0.0,0.0,0.0,0.0,10.726494849294722,11.437819403293906,10.777550495720908,12.233198150771143,12.221364724875594,11.628405495812899,12.563803290051064,13.213165914499031,12.587307728435562,2.1736719700802554,2.239337179133496,3.3776906981860892,3.442802944288641,3.830986924238235,3.5953924826385566,3.985277511031479,5.041057506817352,14.577847010674581,-5.4,-5.3,-5.6,-5.0,-6.1,-6.2,-6.1,-42.0437698434471,-98.22587862455703,-346.12273268703603,-340.4048173754944,-335.15797708583773,-348.7774969212705,-341.3172318668695,-339.69786068258213,-347.091427920463,-345.89307757333495,-352.9967674861661,-346.12273268703603,-340.4048173754944,-335.15797708583773,-348.7774969212705,-341.3172318668695,-339.69786068258213,-347.091427920463,-345.89307757333495,-352.9967674861661,0.0,0.0,0.0,0.0,0.0,0.0,0.0,0.0,0.0,0.0,0.0,0.0,0.0,0.0,0.0,0.0,0.0,0.0,0.0,0.0,0.0,0.0,0.0,0.0,0.0,0.0,0.0,0.0,0.0,0.0,0.0,0.0,0.0,0.0,0.0,0.0
44.09,44.09,44.09,44.09,44.09,44.09,44.09,44.09,28.887218172624763,77.16,77.16,77.16,77.16,77.16,77.16,77.16,77.16,41.17416742867248,44.09,44.09,44.09,44.09,44.09,44.09,44.09,44.09,44.09,533.6523256353023,533.6523256353023,533.6523256353023,533.6523256353023,533.6523256353023,533.6523256353023,533.6523256353023,533.6523256353023,533.6523256353023,0.0,0.0,0.0,533.6523256353023,533.6523256353023,533.6523256353023,533.6523256353023,533.6523256353023,0.0,2.217071171969496,2.286922395048,1.9047719986485547,2.685878478643165,3.221505646448741,1.494692501609565,1.9494367794289704,4.338730810480231,-7.6715459511214235,0.0,0.0,0.0,0.0,0.0,0.0,0.0,0.0,-7.6715459511214235,11.332417155086027,11.437819403293906,10.777550495720908,12.137521411153616,12.221364724875594,11.628405495812899,12.563803290051064,13.213165914499031,12.587307728435562,2.1676127470223414,2.5824717612323167,3.134336548189272,3.44088940949629,3.830986924238235,3.5953924826385566,3.985277511031479,4.644662529382382,14.577847010674581,-5.4,-5.3,-5.6,-5.0,-6.1,-6.2,-6.1,-42.0437698434471,-88.73492697802484,-347.61069379239694,-340.4048173754944,-335.15797708583773,-348.54254391512114,-341.3172318668695,-339.69786068258213,-347.091427920463,-345.89307757333495,-389.27516196179755,-347.61069379239694,-340.4048173754944,-335.15797708583773,-348.54254391512114,-341.3172318668695,-339.69786068258213,-347.091427920463,-345.89307757333495,-389.27516196179755,0.0,0.0,0.0,0.0,0.0,0.0,0.0,0.0,0.0,0.0,0.0,0.0,0.0,0.0,0.0,0.0,0.0,0.0,0.0,0.0,0.0,0.0,0.0,0.0,0.0,0.0,0.0,0.0,0.0,0.0,0.0,0.0,0.0,0.0,0.0,0.0
44.09,44.09,44.09,44.09,44.09,44.09,44.09,44.09,28.887218172624756,77.16,77.16,77.16,77.16,77.16,77.16,77.16,77.16,41.01249554705589,44.09,44.09,44.09,44.09,44.09,44.09,44.09,44.09,43.92082357831981,501.00759472543393,501.00759472543393,501.00759472543393,501.00759472543393,501.00759472543393,501.00759472543393,501.00759472543393,501.00759472543393,501.00759472543393,0.0,0.0,0.0,501.00759472543393,501.00759472543393,501.00759472543393,501.00759472543393,501.00759472543393,0.0,2.217071171969496,1.8721196598651828,1.8391161098841002,2.6567251729270573,1.1646185279547678,2.2234161221079205,12.556681220000002,0.8290251448845832,-7.687557375577341,0.0,0.0,0.0,0.0,0.0,0.0,0.0,0.0,-7.687557375577341,11.332417155086029,11.437819403293908,10.777550495720911,12.233198150771145,12.221364724875595,11.6284054958129,12.563803290051068,13.213165914499033,12.587307728435562,2.1676127470223414,2.280765403581597,3.134336548189272,3.442802944288641,3.830986924238235,3.5953924826385557,3.9852775110314784,4.644662529382382,14.577847010674581,-5.4,-5.3,-5.6,-5.0,-6.1,-6.2,-6.1,-42.0437698434471,-88.82851146566144,-347.61069379239694,-340.4048173754944,-335.15797708583773,-348.7774969212705,-341.3172318668695,-339.69786068258213,-347.091427920463,-345.89307757333495,-389.27516196179755,-347.61069379239694,-340.4048173754944,-335.15797708583773,-348.7774969212705,-341.3172318668695,-339.69786068258213,-347.091427920463,-345.89307757333495,-389.27516196179755,0.0,0.0,0.0,0.0,0.0,0.0,0.0,0.0,0.0,0.0,0.0,0.0,0.0,0.0,0.0,0.0,0.0,0.0,0.0,0.0,0.0,0.0,0.0,0.0,0.0,0.0,0.0,0.0,0.0,0.0,0.0,0.0,0.0,0.0,0.0,0.0
44.09,44.09,44.09,44.09,44.09,44.09,44.09,44.09,44.09,77.16,77.16,77.16,77.16,77.16,77.16,77.16,77.16,32.78240996154906,55.12,44.09,44.09,45.87814464705749,44.09,44.09,44.09,44.09,44.09,520.875150933109,520.875150933109,520.875150933109,520.875150933109,520.875150933109,520.875150933109,520.875150933109,520.875150933109,520.875150933109,0.0,0.0,0.0,520.875150933109,520.875150933109,520.875150933109,520.875150933109,520.875150933109,0.0,3.304234970572925,0.2811427201951853,-0.0690002831613835,-0.007323640057558618,2.8689008315699187,2.0821455865135734,0.0024121016293032387,0.047943762559512985,-7.098612343072283,0.0,-0.0690002831613835,0.0,-0.007323640057558618,0.0,0.0,0.0,0.0,-7.098612343072283,7.326540602323012,7.394684391993212,6.967812799323863,7.908906080788126,7.901255632159044,7.517900536084044,8.122646180814707,8.542466733530048,8.137842075900648,2.2076715125499717,2.2797685292465,3.092461560278432,3.35631710288898,3.3520791544480915,3.139720479750034,3.474717940222821,3.3458109124757542,14.622341667199931,-5.4,-5.3,-5.6,-5.0,-6.1,-6.2,-6.1,-42.0437698434471,-91.92742459254266,-313.9024701338967,-330.47610608192053,-325.8024186921538,-332.7256316510367,-330.708356373363,-329.60370926248845,-336.1852952724648,-334.42325933146174,-359.00911631992864,-313.9024701338967,-330.47610608192053,-325.8024186921538,-332.7256316510367,-330.708356373363,-329.60370926248845,-336.1852952724648,-334.42325933146174,-359.00911631992864,0.0,0.0,0.0,0.0,0.0,0.0,0.0,0.0,0.0,0.0,0.0,0.0,0.0,0.0,0.0,0.0,0.0,0.0,0.0,0.0,0.0,0.0,0.0,0.0,0.0,0.0,0.0,0.0,0.0,0.0,0.0,0.0,0.0,0.0,0.0,0.0
44.09,44.09,44.09,44.09,44.09,44.09,44.09,44.09,44.09,77.16,77.16,77.16,77.16,77.16,77.16,77.16,77.16,77.16,44.09,44.09,44.09,44.09,44.09,44.09,44.09,44.09,44.09,646.9903933979459,646.9903933979459,646.9903933979459,646.9903933979459,646.9903933979459,646.9903933979459,646.9903933979459,646.9903933979459,646.9903933979459,0.0,0.0,0.0,646.9903933979459,646.9903933979459,646.9903933979459,646.9903933979459,646.9903933979459,0.0,-3.376707298214104,-3.376698307456202,-3.4312918651470445,11.888749273811973,-3.376631471440749,-3.3766820505599235,-3.3765981397376645,-3.633761043874661,15.013423189999997,-3.376707298214104,-3.4312918651470445,-3.376698307456202,0.0,-3.376631471440749,-3.3766820505599235,-3.3765981397376645,-3.633761043874661,0.0,0.02122198228140754,0.02141936688288104,0.020182895010577104,0.022908856146730935,0.02288669593578529,0.021776273500698915,0.02361846571570943,0.024744021428204362,0.023571989799510664,-1.0130473812292382,-1.0129380404827504,0.02924489720843945,-1.012112941327198,-1.0121252169251376,-1.0127403328818165,-1.0117198547368171,2.509439942433342,14.703484368060943,-5.4,-5.3,-5.6,-5.0,-6.1,-6.2,-6.1,-42.0437698434471,-94.9326869252866,-319.8338347604464,-312.3696071594977,-308.7411503195364,-318.79273586864855,-311.3614756945363,-311.19550537715725,-316.29654366829766,-313.5063200131357,-322.14404934318645,-319.8338347604464,-312.3696071594977,-308.7411503195364,-318.79273586864855,-311.3614756945363,-311.19550537715725,-316.29654366829766,-313.5063200131357,-322.14404934318645,0.0,0.0,0.0,0.0,0.0,0.0,0.0,0.0,0.0,0.0,0.0,0.0,0.0,0.0,0.0,0.0,0.0,0.0,0.0,0.0,0.0,0.0,0.0,0.0,0.0,0.0,0.0,0.0,0.0,0.0,0.0,0.0,0.0,0.0,0.0,0.0
44.09,44.09,44.09,44.09,44.09,44.09,44.09,44.09,2.923959799170067,77.16,77.16,77.16,77.16,77.16,77.16,77.16,77.16,47.59734665980106,44.09,44.09,44.09,44.09,44.09,44.09,44.09,44.09,44.09,14199.22220629148,14199.22220629148,14199.22220629148,14199.22220629148,14199.22220629148,14199.22220629148,14199.22220629148,14199.22220629148,14199.22220629148,0.0,0.0,0.0,14199.22220629148,14199.22220629148,14199.22220629148,14199.22220629148,14199.22220629148,0.0,-3.6682677906961167,-3.387324351509101,-3.475830820034109,2.570594416053535,-3.3376772315494576,-4.573292136136335,-4.556183077936335,0.3180099032569096,-6.401700370913708,-3.6682677906961167,-3.475830820034109,-3.387324351509101,0.0,-3.3376772315494576,-4.573292136136335,-4.556183077936335,0.0,-6.401700370913708,0.0,0.0,0.0,0.0,0.0,0.0,0.0,0.0,0.0,-1.0248032495557249,-1.0248032495557249,0.2679876254422103,-1.0248032495557249,-1.0248032495557249,-1.0248032495557249,-1.0248032495557249,5.418772311559782,5.418772311559782,-5.4,-5.3,-5.6,-5.0,-6.1,-6.2,-6.1,-42.0437698434471,-77.49730395519526,-319.7817200191477,-312.3170077015828,-308.69158726090285,-318.7364786776046,-311.3052729222383,-311.14202946501626,-316.23854389173,-313.4455562136791,-444.05990081164606,-319.7817200191477,-312.3170077015828,-308.69158726090285,-318.7364786776046,-311.3052729222383,-311.14202946501626,-316.23854389173,-313.4455562136791,-444.05990081164606,0.0,0.0,0.0,0.0,0.0,0.0,0.0,0.0,0.0,0.0,0.0,0.0,0.0,0.0,0.0,0.0,0.0,0.0,0.0,0.0,0.0,0.0,0.0,0.0,0.0,0.0,0.0,0.0,0.0,0.0,0.0,0.0,0.0,0.0,0.0,0.0
44.09,44.09,44.09,44.09,44.09,44.09,44.09,44.09,44.09,77.16,77.16,77.16,77.16,77.16,77.16,77.16,77.16,77.16,44.09,44.09,44.09,44.09,44.09,44.09,44.09,44.09,44.09,522.7499120877646,522.7499120877646,522.7499120877646,522.7499120877646,522.7499120877646,522.7499120877646,522.7499120877646,522.7499120877646,522.7499120877646,0.0,0.0,0.0,522.7499120877646,522.7499120877646,522.7499120877646,522.7499120877646,522.7499120877646,0.0,1.257228338787592,0.12017593578955316,-0.011779176920282092,4.69257578175096,-0.0682104661345329,0.02056560082603454,0.33979304589487397,0.6720763673881592,-0.8864617985079791,0.0,-0.011779176920282092,0.0,0.0,-0.0682104661345329,0.0,0.0,0.0,-0.8864617985079791,7.005063086368277,7.070216829655063,6.662075716579244,7.561875248806535,7.55456049028752,7.188026435779629,7.796106892743914,8.167636218736959,7.780765878853029,2.2108862877095197,0.7836012141198232,1.336839500065,3.164080170829109,3.1600281771534324,2.9569874797845013,3.293832251832247,4.883611621422213,14.625912429170407,-5.4,-5.3,-5.6,-5.0,-6.1,-6.2,-6.1,-42.0437698434471,-98.6542899653032,-336.98402683883694,-329.6793123212421,-325.0516212990848,-337.30614701011694,-329.856978430033,-328.7936386870574,-335.38341398277197,-333.50278945969137,-341.19336091883685,-336.98402683883694,-329.6793123212421,-325.0516212990848,-337.30614701011694,-329.856978430033,-328.7936386870574,-335.38341398277197,-333.50278945969137,-341.19336091883685,0.0,0.0,0.0,0.0,0.0,0.0,0.0,0.0,0.0,0.0,0.0,0.0,0.0,0.0,0.0,0.0,0.0,0.0,0.0,0.0,0.0,0.0,0.0,0.0,0.0,0.0,0.0,0.0,0.0,0.0,0.0,0.0,0.0,0.0,0.0,0.0
44.09,44.09,44.09,44.09,44.09,44.09,44.09,44.09,44.09,77.16,77.16,77.16,77.16,77.16,77.16,77.16,77.16,77.16,44.09,44.09,44.09,44.09,44.09,44.09,44.09,44.09,44.09,502.4450885797429,502.4450885797429,502.4450885797429,502.4450885797429,502.4450885797429,502.4450885797429,502.4450885797429,502.4450885797429,502.4450885797429,0.0,0.0,0.0,502.4450885797429,502.4450885797429,502.4450885797429,502.4450885797429,502.4450885797429,0.0,7.683407239987156,7.618083303538819,-2.589189786816773,4.7314990558432655,1.9180455640881606,9.098674000069582,1.9690419487555726,4.5270827973311825,-2.5330971563651445,0.0,-2.589189786816773,0.0,0.0,0.0,0.0,0.0,0.0,-2.5330971563651445,22.465637823219282,22.258611584169792,23.622248818864872,24.22710371051308,26.78680267392228,25.487153885088254,27.53735995453645,28.960633776771957,27.588877012339765,4.863382229905635,5.148512710448107,2.9259172000830227,4.388240687368595,5.250917264599774,5.517619341628093,5.436620036965245,7.340906118993034,14.42783131783554,-5.4,-5.3,-5.6,-5.0,-6.1,-6.2,-6.1,-42.0437698434471,-78.36919235025013,-374.95050150907866,-366.97739564245546,-366.70065398064696,-378.230885257852,-377.08552252655375,-373.73073647396717,-383.8619341598321,-384.5640746022077,-389.83606420866505,-374.95050150907866,-366.97739564245546,-366.70065398064696,-378.230885257852,-377.08552252655375,-373.73073647396717,-383.8619341598321,-384.5640746022077,-389.83606420866505,0.0,0.0,0.0,0.0,0.0,0.0,0.0,0.0,0.0,0.0,0.0,0.0,0.0,0.0,0.0,0.0,0.0,0.0,0.0,0.0,0.0,0.0,0.0,0.0,0.0,0.0,0.0,0.0,0.0,0.0,0.0,0.0,0.0,0.0,0.0,0.0
44.09,44.09,44.09,44.09,44.09,44.09,44.09,44.09,39.91746245400433,77.16,77.16,77.16,77.16,77.16,77.16,77.16,77.16,77.16,44.09,44.09,44.09,44.09,44.09,44.09,44.09,44.09,44.09,531.9583451462356,531.9583451462356,531.9583451462356,531.9583451462356,531.9583451462356,531.9583451462356,531.9583451462356,531.9583451462356,531.9583451462356,0.0,0.0,0.0,531.9583451462356,531.9583451462356,531.9583451462356,531.9583451462356,531.9583451462356,0.0,5.730030377492864,6.346285224909458,5.731709889698894,6.071924634337345,6.872590593779839,6.35041930128608,12.556681220000002,1.707626013938277,-3.433517134912587,0.0,0.0,0.0,0.0,0.0,0.0,0.0,0.0,-3.433517134912587,18.487822860212297,19.620448924749137,18.487822860212297,18.961209207916617,20.96454349559822,19.947380533142915,21.63485516588172,22.665880428659786,21.592282556476377,4.229191244839126,4.50713598951722,5.08787032404541,4.282922797316664,5.134472081033293,5.406823874589187,5.31856994119215,5.5214248877472665,15.135565739088465,-5.4,-5.3,-5.6,-5.0,-6.1,-6.2,-6.1,-42.0437698434471,-83.43683913014941,-365.1821964100488,-360.4988696180554,-354.0920636518039,-365.29944812489356,-362.78782277218835,-360.12673609070896,-369.3671755649079,-369.10607270937527,-375.11024997527903,-365.1821964100488,-360.4988696180554,-354.0920636518039,-365.29944812489356,-362.78782277218835,-360.12673609070896,-369.3671755649079,-369.10607270937527,-375.11024997527903,0.0,0.0,0.0,0.0,0.0,0.0,0.0,0.0,0.0,0.0,0.0,0.0,0.0,0.0,0.0,0.0,0.0,0.0,0.0,0.0,0.0,0.0,0.0,0.0,0.0,0.0,0.0,0.0,0.0,0.0,0.0,0.0,0.0,0.0,0.0,0.0
44.09,44.09,44.09,44.09,44.09,44.09,44.09,44.09,44.09,77.16,77.16,77.16,77.16,77.16,77.16,77.16,77.16,46.5886608961492,55.12,44.09,44.09,44.09,44.09,44.09,44.09,44.09,44.09,540.9703737149458,540.9703737149458,540.9703737149458,540.9703737149458,540.9703737149458,540.9703737149458,540.9703737149458,540.9703737149458,540.9703737149458,0.0,0.0,0.0,540.9703737149458,540.9703737149458,540.9703737149458,540.9703737149458,540.9703737149458,0.0,4.464379683873045,7.480843204788732,12.552601854274002,8.684309363935888,9.760985141319505,9.098674000069582,10.13472325428824,4.527082797331175,-1.4487034293387056,0.0,0.0,0.0,0.0,0.0,0.0,0.0,0.0,-1.4487034293387056,22.465637823219282,22.258611584169792,23.622248818864872,24.22710371051308,26.78680267392228,25.487153885088254,27.53735995453645,28.960633776771957,27.588877012339765,4.863382229905635,5.148512710448107,5.1905588432184615,4.388240687368595,5.250917264599774,5.517619341628093,5.436620036965245,7.340906118993027,15.255497628205735,-5.4,-5.3,-5.6,-5.0,-6.1,-6.2,-6.1,-42.0437698434471,-82.44965332310655,-351.07949368900904,-366.97739564245546,-366.70065398064696,-378.230885257852,-377.08552252655375,-373.73073647396717,-383.8619341598321,-384.5640746022077,-389.83606420866505,-351.07949368900904,-366.97739564245546,-366.70065398064696,-378.230885257852,-377.08552252655375,-373.73073647396717,-383.8619341598321,-384.5640746022077,-389.83606420866505,0.0,0.0,0.0,0.0,0.0,0.0,0.0,0.0,0.0,0.0,0.0,0.0,0.0,0.0,0.0,0.0,0.0,0.0,0.0,0.0,0.0,0.0,0.0,0.0,0.0,0.0,0.0,0.0,0.0,0.0,0.0,0.0,0.0,0.0,0.0,0.0
44.09,44.09,44.09,44.09,44.09,44.09,44.09,44.09,44.09,77.16,77.16,77.16,77.16,77.16,77.16,77.16,77.16,77.16,44.09,44.09,44.09,44.09,44.09,44.09,44.09,44.09,44.09,504.3994987182239,504.3994987182239,504.3994987182239,504.3994987182239,504.3994987182239,504.3994987182239,504.3994987182239,504.3994987182239,504.3994987182239,0.0,0.0,0.0,504.3994987182239,504.3994987182239,504.3994987182239,504.3994987182239,504.3994987182239,0.0,7.740207962944241,1.4893581301439052,12.552601854274002,8.570399753880938,3.9541020476630995,9.098674000069579,10.158629210704468,5.057867527278438,-1.5451581335967635,0.0,0.0,0.0,0.0,0.0,0.0,0.0,0.0,-1.5451581335967635,22.465637823219275,22.258611584169785,23.622248818864865,24.22710371051308,26.78680267392228,25.487153885088254,27.608000316655556,28.960633776771957,27.588877012339765,4.863382229905635,5.148512710448107,5.1905588432184615,4.388240687368595,5.250917264599774,5.517619341628093,5.438032844207626,7.731540115073779,15.255497628205735,-5.4,-5.3,-5.6,-5.0,-6.1,-6.2,-6.1,-42.0437698434471,-82.23960031352281,-374.95050150907866,-366.97739564245546,-366.70065398064696,-378.230885257852,-377.08552252655375,-373.73073647396717,-384.0354054288335,-384.5640746022077,-389.83606420866505,-374.95050150907866,-366.97739564245546,-366.70065398064696,-378.230885257852,-377.08552252655375,-373.73073647396717,-384.0354054288335,-384.5640746022077,-389.83606420866505,0.0,0.0,0.0,0.0,0.0,0.0,0.0,0.0,0.0,0.0,0.0,0.0,0.0,0.0,0.0,0.0,0.0,0.0,0.0,0.0,0.0,0.0,0.0,0.0,0.0,0.0,0.0,0.0,0.0,0.0,0.0,0.0,0.0,0.0,0.0,0.0
44.09,44.09,44.09,44.09,44.09,44.09,44.09,44.09,39.56775756946033,77.16,77.16,77.16,77.16,77.16,77.16,77.16,77.16,77.16,44.09,44.09,44.09,44.09,44.09,44.09,44.09,44.09,44.09,505.73196517600394,505.73196517600394,505.73196517600394,505.73196517600394,505.73196517600394,505.73196517600394,505.73196517600394,505.73196517600394,505.73196517600394,0.0,0.0,0.0,505.73196517600394,505.73196517600394,505.73196517600394,505.73196517600394,505.73196517600394,0.0,7.4429521478209555,12.648898359123658,4.005145569942617,4.653048264091217,5.837554687056282,9.098674000069582,9.82339207329759,12.215467049999999,-3.2125017260986493,0.0,0.0,0.0,0.0,0.0,0.0,0.0,0.0,-3.2125017260986493,22.465637823219282,22.258611584169792,23.622248818864872,24.227103710513088,26.78680267392229,25.48715388508826,27.53735995453645,28.960633776771957,27.588877012339765,4.863382229905635,5.148512710448107,5.1905588432184615,4.388240687368595,5.250917264599774,5.517619341628093,5.436620036965245,7.731540115073779,14.42783131783554,-5.4,-5.3,-5.6,-5.0,-6.1,-6.2,-6.1,-42.0437698434471,-82.23960031352281,-374.95050150907866,-366.97739564245546,-366.70065398064696,-378.230885257852,-377.08552252655375,-373.73073647396717,-383.8619341598321,-384.5640746022077,-390.86185402226477,-374.95050150907866,-366.97739564245546,-366.70065398064696,-378.230885257852,-377.08552252655375,-373.73073647396717,-383.8619341598321,-384.5640746022077,-390.86185402226477,0.0,0.0,0.0,0.0,0.0,0.0,0.0,0.0,0.0,0.0,0.0,0.0,0.0,0.0,0.0,0.0,0.0,0.0,0.0,0.0,0.0,0.0,0.0,0.0,0.0,0.0,0.0,0.0,0.0,0.0,0.0,0.0,0.0,0.0,0.0,0.0
44.09,44.09,44.09,44.09,44.09,44.09,44.09,44.09,44.09,77.16,77.16,77.16,77.16,77.16,77.16,77.16,77.16,77.16,55.12,44.09,44.09,55.12,44.09,44.09,44.09,44.09,44.09,680.9262392517202,680.9262392517202,680.9262392517202,680.9262392517202,680.9262392517202,680.9262392517202,680.9262392517202,680.9262392517202,680.9262392517202,0.0,0.0,0.0,680.9262392517202,680.9262392517202,680.9262392517202,680.9262392517202,680.9262392517202,0.0,-2.7796753342689455,15.559365860000002,2.2857949869399032,-1.1521010269338643,1.5215484031951325,1.761465557701521,-0.8354753281383706,2.0504430680426804,15.013423189999997,-2.7796753342689455,0.0,0.0,-1.1521010269338643,0.0,0.0,-0.8354753281383706,0.0,0.0,12.135956476773641,12.24883240423902,11.541746297575843,11.253594573388439,10.178221199612363,10.697232185075924,11.172396328263032,11.004215032647961,10.482986577336723,2.0203852249452905,4.580852154722321,4.948948792792681,4.128770504626101,4.613398999125203,4.900903942075568,5.109320764439777,5.538162697605243,14.913379819505673,-5.4,-5.3,-5.6,-5.0,-6.1,-6.2,-6.1,-42.0437698434471,-483.2208676015471,-325.7129344331805,-342.3964189221191,-337.0346098144435,-321.3119741995858,-336.29989207065347,-337.41118191950653,-343.67455512822403,-340.4685652811943,-902.5094645822813,-325.7129344331805,-342.3964189221191,-337.0346098144435,-321.3119741995858,-336.29989207065347,-337.41118191950653,-343.67455512822403,-340.4685652811943,-902.5094645822813,0.0,0.0,0.0,0.0,0.0,0.0,0.0,0.0,0.0,0.0,0.0,0.0,0.0,0.0,0.0,0.0,0.0,0.0,0.0,0.0,0.0,0.0,0.0,0.0,0.0,0.0,0.0,0.0,0.0,0.0,0.0,0.0,0.0,0.0,0.0,0.0
44.09,44.09,44.09,44.09,44.09,44.09,44.09,44.09,44.09,77.16,77.16,77.16,77.16,77.16,77.16,77.16,77.16,46.635144144769846,44.09,44.09,44.09,44.09,44.09,44.09,44.09,44.09,44.09,530.5231872888164,530.5231872888164,530.5231872888164,530.5231872888164,530.5231872888164,530.5231872888164,530.5231872888164,530.5231872888164,530.5231872888164,0.0,0.0,0.0,530.5231872888164,530.5231872888164,530.5231872888164,530.5231872888164,530.5231872888164,0.0,3.9301647719634096,2.59850833194313,2.285794986939904,2.248214386639917,1.5215484031951336,1.7614655577015226,2.014753863986853,1.0075467347077944,-1.392727344612705,0.0,0.0,0.0,0.0,0.0,0.0,0.0,0.0,-1.392727344612705,12.135956476773645,12.248832404239023,11.541746297575845,11.25359457338844,10.178221199612366,10.697232185075924,11.172396328263035,11.004215032647963,10.482986577336726,4.292709908673513,4.580852154722321,4.602696403865406,4.128770504626101,4.613398999125205,4.900903942075569,5.109320764439777,5.4795626770807795,14.59889022218557,-5.4,-5.3,-5.6,-5.0,-6.1,-6.2,-6.1,-42.0437698434471,-91.57410042742129,-349.5839422532501,-342.3964189221191,-337.0346098144435,-346.37188813630536,-336.29989207065347,-337.41118191950653,-343.67455512822403,-340.4685652811943,-347.8291940265057,-349.5839422532501,-342.3964189221191,-337.0346098144435,-346.37188813630536,-336.29989207065347,-337.41118191950653,-343.67455512822403,-340.4685652811943,-347.8291940265057,0.0,0.0,0.0,0.0,0.0,0.0,0.0,0.0,0.0,0.0,0.0,0.0,0.0,0.0,0.0,0.0,0.0,0.0,0.0,0.0,0.0,0.0,0.0,0.0,0.0,0.0,0.0,0.0,0.0,0.0,0.0,0.0,0.0,0.0,0.0,0.0
44.09,44.09,44.09,44.09,44.09,44.09,44.09,44.09,-22.414017026889493,77.16,77.16,77.16,77.16,77.16,77.16,77.16,77.16,77.16,44.09,44.09,44.09,47.58427601313578,44.09,44.09,44.09,44.09,44.09,534.7320674877828,534.7320674877828,534.7320674877828,534.7320674877828,534.7320674877828,534.7320674877828,534.7320674877828,534.7320674877828,534.7320674877828,0.0,0.0,0.0,534.7320674877828,534.7320674877828,534.7320674877828,534.7320674877828,534.7320674877828,0.0,3.8297077044927206,2.6892620123970072,2.285794986939904,2.2482143866399156,1.5215484031951323,4.664794407885051,11.758885103676658,5.554280474345691,-1.0252516083814704,0.0,0.0,0.0,0.0,0.0,0.0,0.0,0.0,-1.0252516083814704,12.135956476773645,12.24883240423902,11.541746297575845,11.25359457338844,10.178221199612363,10.697232185075924,10.462983699519834,9.948779110048887,9.477542701783639,4.292709908673513,4.580852154722321,4.602696403865406,4.128770504626101,4.613398999125203,4.900903942075568,4.77114253169644,5.548717056831234,14.6089446609411,-5.4,-5.3,-5.6,-5.0,-6.1,-6.2,-6.1,-42.0437698434471,-102.49661203035406,-349.5839422532501,-342.3964189221191,-337.0346098144435,-335.7556245021368,-336.29989207065347,-337.41118191950653,-341.93245322979135,-337.87673529405225,-550.9653804235228,-349.5839422532501,-342.3964189221191,-337.0346098144435,-335.7556245021368,-336.29989207065347,-337.41118191950653,-341.93245322979135,-337.87673529405225,-550.9653804235228,0.0,0.0,0.0,0.0,0.0,0.0,0.0,0.0,0.0,0.0,0.0,0.0,0.0,0.0,0.0,0.0,0.0,0.0,0.0,0.0,0.0,0.0,0.0,0.0,0.0,0.0,0.0,0.0,0.0,0.0,0.0,0.0,0.0,0.0,0.0,0.0
44.09,44.09,44.09,44.09,44.09,44.09,44.09,44.09,29.3629991352259,77.16,77.16,77.16,77.16,77.16,77.16,77.16,77.16,31.596941794289087,44.09,44.09,44.09,51.65823471819123,44.09,44.09,44.09,44.09,44.09,554.353108200877,554.353108200877,554.353108200877,554.353108200877,554.353108200877,554.353108200877,554.353108200877,554.353108200877,554.353108200877,0.0,0.0,0.0,554.353108200877,554.353108200877,554.353108200877,554.353108200877,554.353108200877,0.0,2.6157031332770506,-0.5225107388657644,2.285794986939904,2.248214386639915,1.5215484031951323,0.30980113260975833,1.6598905861139581,12.215467049999999,15.013423189999997,0.0,0.0,-0.5225107388657644,0.0,0.0,0.0,0.0,0.0,0.0,12.135956476773645,12.24883240423902,11.541746297575845,11.25359457338844,10.178221199612363,10.697232185075924,10.457083394853182,9.943168776563114,9.472198108784388,4.292709908673513,4.580852154722321,4.602696403865406,4.128770504626101,4.613398999125203,4.900903942075568,4.767874071482519,5.548773160166092,14.608998106871093,-5.4,-5.3,-5.6,-5.0,-6.1,-6.2,-6.1,-42.0437698434471,-393.442305460218,-349.5839422532501,-342.3964189221191,-337.0346098144435,-323.3781765028953,-336.29989207065347,-337.41118191950653,-341.9179638740277,-337.86295801941634,-731.4100186768121,-349.5839422532501,-342.3964189221191,-337.0346098144435,-323.3781765028953,-336.29989207065347,-337.41118191950653,-341.9179638740277,-337.86295801941634,-731.4100186768121,0.0,0.0,0.0,0.0,0.0,0.0,0.0,0.0,0.0,0.0,0.0,0.0,0.0,0.0,0.0,0.0,0.0,0.0,0.0,0.0,0.0,0.0,0.0,0.0,0.0,0.0,0.0,0.0,0.0,0.0,0.0,0.0,0.0,0.0,0.0,0.0
44.09,44.09,44.09,44.09,44.09,44.09,44.09,44.09,33.42099614498716,77.16,77.16,77.16,77.16,77.16,77.16,77.16,77.16,77.16,44.09,44.09,44.09,44.09,44.09,44.09,44.09,44.09,44.09,537.9843373022675,537.9843373022675,537.9843373022675,537.9843373022675,537.9843373022675,537.9843373022675,537.9843373022675,537.9843373022675,537.9843373022675,0.0,0.0,0.0,537.9843373022675,537.9843373022675,537.9843373022675,537.9843373022675,537.9843373022675,0.0,2.0574561118498362,2.1258227631945075,1.7548812921667334,2.561888572854661,-0.2862695132645416,2.059632119374051,1.6598905861139581,12.215467049999999,-9.303472216323879,0.0,0.0,0.0,0.0,-0.2862695132645416,0.0,0.0,0.0,-9.303472216323879,11.010674320620414,11.113084054730606,10.471561085197553,11.885880910879198,10.75008738534576,11.29825914721513,10.457083394853182,9.943168776563114,9.472198108784387,4.303962730235045,4.592209638217406,4.674916023996218,4.141416231375917,4.930182958828243,5.233841446870631,4.767874071482519,4.483192249418816,10.830865773537669,-5.4,-5.3,-5.6,-5.0,-6.1,-6.2,-6.1,-42.0437698434471,-84.18682053513999,-346.820591135608,-339.60736601319974,-334.40656005240066,-347.92459129419404,-337.70422169131524,-338.8871215480509,-341.9179638740277,-337.86295801941634,-366.6610347955069,-346.820591135608,-339.60736601319974,-334.40656005240066,-347.92459129419404,-337.70422169131524,-338.8871215480509,-341.9179638740277,-337.86295801941634,-366.6610347955069,0.0,0.0,0.0,0.0,0.0,0.0,0.0,0.0,0.0,0.0,0.0,0.0,0.0,0.0,0.0,0.0,0.0,0.0,0.0,0.0,0.0,0.0,0.0,0.0,0.0,0.0,0.0,0.0,0.0,0.0,0.0,0.0,0.0,0.0,0.0,0.0
44.09,44.09,44.09,44.09,44.09,44.09,44.09,44.09,31.81391909665292,77.16,77.16,77.16,77.16,77.16,77.16,77.16,77.16,53.97607248568386,44.09,44.09,44.09,44.09,44.09,44.09,44.09,44.09,44.09,527.1296940921392,527.1296940921392,527.1296940921392,527.1296940921392,527.1296940921392,527.1296940921392,527.1296940921392,527.1296940921392,527.1296940921392,0.0,0.0,0.0,527.1296940921392,527.1296940921392,527.1296940921392,527.1296940921392,527.1296940921392,0.0,2.9539716080265643,3.0306767054023935,9.389976215057255,5.166336505290786,1.8052484450867938,2.059632119374051,1.6598905861139581,-0.0639468303337199,-0.5682282746550176,0.0,0.0,0.0,0.0,0.0,0.0,0.0,-0.0639468303337199,-0.5682282746550176,12.81781856293693,12.93703645574525,12.190222519742116,11.8858809108792,10.750087385345761,11.298259147215132,10.457083394853182,9.943168776563116,9.472198108784388,3.5227589111295083,4.573970114207259,4.961918317236006,4.141416231375917,4.930182958828244,5.233841446870631,4.767874071482519,4.483192249418816,10.83086577353767,-5.4,-5.3,-5.6,-5.0,-6.1,-6.2,-6.1,-42.0437698434471,-88.275207104964,-351.25838838889155,-344.0864389979699,-338.6270704106493,-347.92459129419404,-337.70422169131524,-338.8871215480509,-341.9179638740277,-337.86295801941634,-371.96541594531453,-351.25838838889155,-344.0864389979699,-338.6270704106493,-347.92459129419404,-337.70422169131524,-338.8871215480509,-341.9179638740277,-337.86295801941634,-371.96541594531453,0.0,0.0,0.0,0.0,0.0,0.0,0.0,0.0,0.0,0.0,0.0,0.0,0.0,0.0,0.0,0.0,0.0,0.0,0.0,0.0,0.0,0.0,0.0,0.0,0.0,0.0,0.0,0.0,0.0,0.0,0.0,0.0,0.0,0.0,0.0,0.0
44.09,44.09,44.09,44.09,44.09,44.09,44.09,44.09,30.27669287734781,77.16,77.16,77.16,77.16,77.16,77.16,77.16,77.16,32.71417449485319,44.09,44.09,44.09,55.12,44.09,44.09,44.09,44.09,44.09,553.2930451694926,553.2930451694926,553.2930451694926,553.2930451694926,553.2930451694926,553.2930451694926,553.2930451694926,553.2930451694926,553.2930451694926,0.0,0.0,0.0,553.2930451694926,553.2930451694926,553.2930451694926,553.2930451694926,553.2930451694926,0.0,3.3112457910049655,3.504259109881816,-0.4439557174668712,2.893186630364372,2.1048882526474486,2.3745512521484367,-0.6382403052141719,-0.6267633840719038,-6.618057657919066,0.0,-0.4439557174668712,0.0,0.0,0.0,0.0,-0.6382403052141719,-0.6267633840719038,-6.618057657919066,13.537991259840844,13.663907443076777,12.875133558605345,12.553692431898682,11.354084031595944,11.933054976194702,11.044617530497481,10.501828476607079,10.004396191017845,4.27868956084284,4.566701404333943,4.589362531255111,4.154772461796307,4.942262891753248,5.246537363450222,5.093337256041001,4.297175636150291,12.675726792883765,-5.4,-5.3,-5.6,-5.0,-6.1,-6.2,-6.1,-42.0437698434471,-92.0475865312428,-353.0269137458455,-345.87141332129033,-340.30900384785775,-324.50461957364894,-339.18745396185363,-340.445987254659,-343.3607692197871,-339.23485652332175,-378.3461615355693,-353.0269137458455,-345.87141332129033,-340.30900384785775,-324.50461957364894,-339.18745396185363,-340.445987254659,-343.3607692197871,-339.23485652332175,-378.3461615355693,0.0,0.0,0.0,0.0,0.0,0.0,0.0,0.0,0.0,0.0,0.0,0.0,0.0,0.0,0.0,0.0,0.0,0.0,0.0,0.0,0.0,0.0,0.0,0.0,0.0,0.0,0.0,0.0,0.0,0.0,0.0,0.0,0.0,0.0,0.0,0.0
44.09,44.09,44.09,44.09,44.09,44.09,44.09,44.09,38.29531528079575,77.16,77.16,77.16,77.16,77.16,77.16,77.16,77.16,77.16,55.12,44.09,44.09,44.09,44.09,44.09,44.09,44.09,44.09,502.89658386870025,502.89658386870025,502.89658386870025,502.89658386870025,502.89658386870025,502.89658386870025,502.89658386870025,502.89658386870025,502.89658386870025,0.0,0.0,0.0,502.89658386870025,502.89658386870025,502.89658386870025,502.89658386870025,502.89658386870025,0.0,5.026749635156934,5.447040175813663,5.0317589224768655,6.651326267177257,5.583182461590755,4.306506232911421,3.7116368219044693,0.8041352957274142,-7.64636608806655,0.0,0.0,0.0,0.0,0.0,0.0,0.0,0.0,-7.64636608806655,16.99600498949972,18.12309038307717,17.07690206105881,16.650559404947312,15.059461722709962,15.827378426028625,14.592875149168245,13.929074641497062,13.26930654011388,4.611120160004761,4.52210957493394,4.547344846230576,4.2367098012572795,5.016370445575528,5.324423832446901,5.164302408414416,5.211136307887539,14.5710270225578,-5.4,-5.3,-5.6,-5.0,-6.1,-6.2,-6.1,-42.0437698434471,-88.24559190963375,-337.6477371100015,-356.8218119334432,-350.6272708032498,-359.62519417836137,-348.2867358868678,-350.00926256184607,-352.07421197956086,-347.6511319155833,-359.8972118096701,-337.6477371100015,-356.8218119334432,-350.6272708032498,-359.62519417836137,-348.2867358868678,-350.00926256184607,-352.07421197956086,-347.6511319155833,-359.8972118096701,0.0,0.0,0.0,0.0,0.0,0.0,0.0,0.0,0.0,0.0,0.0,0.0,0.0,0.0,0.0,0.0,0.0,0.0,0.0,0.0,0.0,0.0,0.0,0.0,0.0,0.0,0.0,0.0,0.0,0.0,0.0,0.0,0.0,0.0,0.0,0.0
44.09,44.09,44.09,44.09,44.09,44.09,44.09,44.09,27.950989089109303,77.16,77.16,77.16,77.16,77.16,77.16,77.16,77.16,31.508907834519878,44.09,44.09,44.09,44.09,44.09,44.09,44.09,44.09,32.8136228942321,534.9463995095102,534.9463995095102,534.9463995095102,534.9463995095102,534.9463995095102,534.9463995095102,534.9463995095102,534.9463995095102,534.9463995095102,0.0,0.0,0.0,534.9463995095102,534.9463995095102,534.9463995095102,534.9463995095102,534.9463995095102,0.0,3.3370770626759794,0.06800615287529345,13.27323096,3.6365216266195213,1.3065153513356187,2.397320212405459,1.9513634219860494,-0.20780091441960638,-8.83272234605574,0.0,0.0,0.0,0.0,0.0,0.0,0.0,-0.20780091441960638,-8.83272234605574,13.59006044779249,13.716460923955283,12.924653294310465,12.601975855796487,11.397753577846403,11.978951333377024,11.044617530497481,10.542220117456079,10.042874631106523,4.2781688689633235,4.566175869525158,4.588867333898059,4.155738130274263,4.943136282678257,5.247455290593869,5.093337256041001,4.603873853955956,14.603291341647871,-5.4,-5.3,-5.6,-5.0,-6.1,-6.2,-6.1,-42.0437698434471,-96.79839243468696,-353.1547798529673,-346.0004687047135,-340.4306092747792,-349.6831029310796,-339.29469310074717,-340.5586947647016,-343.3607692197871,-339.3340461223687,-386.1169614744752,-353.1547798529673,-346.0004687047135,-340.4306092747792,-349.6831029310796,-339.29469310074717,-340.5586947647016,-343.3607692197871,-339.3340461223687,-386.1169614744752,0.0,0.0,0.0,0.0,0.0,0.0,0.0,0.0,0.0,0.0,0.0,0.0,0.0,0.0,0.0,0.0,0.0,0.0,0.0,0.0,0.0,0.0,0.0,0.0,0.0,0.0,0.0,0.0,0.0,0.0,0.0,0.0,0.0,0.0,0.0,0.0
44.09,44.09,44.09,44.09,44.09,44.09,44.09,44.09,38.58271985780149,77.16,77.16,77.16,77.16,77.16,77.16,77.16,77.16,41.34855297431,44.09,44.09,44.09,44.09,44.09,44.09,44.09,44.09,44.09,530.1548275076301,530.1548275076301,530.1548275076301,530.1548275076301,530.1548275076301,530.1548275076301,530.1548275076301,530.1548275076301,530.1548275076301,0.0,0.0,0.0,530.1548275076301,530.1548275076301,530.1548275076301,530.1548275076301,530.1548275076301,0.0,2.0784651163762846,-0.03976946876926983,-0.03785763451868189,0.059800746020843155,1.8257602346431774,2.0811898524113728,2.2255541538395263,0.9578196557682837,-7.55538342759148,0.0,-0.03785763451868189,-0.03976946876926983,0.0,0.0,0.0,0.0,0.0,-7.55538342759148,11.05302306052361,11.155826678156927,10.511836313023244,11.93159582938083,10.79143386798271,11.341713982409761,10.457083394853182,9.981411726637813,9.508629633533895,4.303539242836012,4.591782211983142,3.8073861300863894,4.14233052974595,4.931009888480983,5.234710543574523,4.767874071482519,4.640619198316023,14.6086337916236,-5.4,-5.3,-5.6,-5.0,-6.1,-6.2,-6.1,-42.0437698434471,-90.94388266874746,-346.9245867753703,-339.712328911234,-334.50546377642826,-348.0368532459576,-337.80575609171484,-338.99383342182,-341.9179638740277,-337.9568710866884,-349.7135130612997,-346.9245867753703,-339.712328911234,-334.50546377642826,-348.0368532459576,-337.80575609171484,-338.99383342182,-341.9179638740277,-337.9568710866884,-349.7135130612997,0.0,0.0,0.0,0.0,0.0,0.0,0.0,0.0,0.0,0.0,0.0,0.0,0.0,0.0,0.0,0.0,0.0,0.0,0.0,0.0,0.0,0.0,0.0,0.0,0.0,0.0,0.0,0.0,0.0,0.0,0.0,0.0,0.0,0.0,0.0,0.0
44.09,44.09,44.09,44.09,44.09,44.09,44.09,44.09,30.809719181838823,77.16,77.16,77.16,77.16,77.16,77.16,77.16,77.16,77.16,44.09,44.09,44.09,44.09,44.09,44.09,44.09,44.09,44.09,505.73196517600394,505.73196517600394,505.73196517600394,505.73196517600394,505.73196517600394,505.73196517600394,505.73196517600394,505.73196517600394,505.73196517600394,0.0,0.0,0.0,505.73196517600394,505.73196517600394,505.73196517600394,505.73196517600394,505.73196517600394,0.0,-0.0061340643413185895,-0.0061340643413185895,-3.440009387952301,-0.0061340643413185895,2.2255541538395263,15.04754461,2.2255541538395263,12.215467049999999,0.6626145038314283,-0.0061340643413185895,-3.440009387952301,-0.0061340643413185895,-0.0061340643413185895,0.0,0.0,0.0,0.0,0.0,0.0,0.0,0.0,0.0,0.0,0.0,0.0,0.0,0.0,-1.0248032495557249,-1.0248032495557249,-1.0248032495557249,-1.0248032495557249,-1.0248032495557249,-1.0248032495557249,-1.0248032495557249,5.0249765163157925,14.703720087958938,-5.4,-5.3,-5.6,-5.0,-6.1,-6.2,-6.1,-42.0437698434471,-46.33806827373966,-319.7817200191477,-312.3170077015828,-308.69158726090285,-318.7364786776046,-311.3052729222383,-311.14202946501626,-316.23854389173,-313.4455562136791,-352.01907640262596,-319.7817200191477,-312.3170077015828,-308.69158726090285,-318.7364786776046,-311.3052729222383,-311.14202946501626,-316.23854389173,-313.4455562136791,-352.01907640262596,0.0,0.0,0.0,0.0,0.0,0.0,0.0,0.0,0.0,0.0,0.0,0.0,0.0,0.0,0.0,0.0,0.0,0.0,0.0,0.0,0.0,0.0,0.0,0.0,0.0,0.0,0.0,0.0,0.0,0.0,0.0,0.0,0.0,0.0,0.0,0.0
44.09,44.09,44.09,44.09,44.09,44.09,44.09,44.09,44.09,77.16,77.16,77.16,77.16,77.16,77.16,77.16,77.16,59.04434902525582,44.09,44.09,44.09,44.09,44.09,44.09,44.09,44.09,44.09,645.1873583569528,645.1873583569528,645.1873583569528,645.1873583569528,645.1873583569528,645.1873583569528,645.1873583569528,645.1873583569528,645.1873583569528,0.0,0.0,0.0,645.1873583569528,645.1873583569528,645.1873583569528,645.1873583569528,645.1873583569528,0.0,11.684808225117147,-3.3346393150659006,-3.4400093879523013,-3.3346393150659006,-3.3346393150659006,-3.3346393150659006,-3.3346393150659006,-3.5950118436757657,-5.085313356932853,0.0,-3.4400093879523013,-3.3346393150659006,-3.3346393150659006,-3.3346393150659006,-3.3346393150659006,-3.3346393150659006,-3.5950118436757657,-5.085313356932853,0.0,0.0,0.0,0.0,0.0,0.0,0.0,0.0,0.0,-1.0248032495557249,-1.0248032495557249,0.015866587560498305,-1.0248032495557249,-1.0248032495557249,-1.0248032495557249,-1.0248032495557249,2.5389620315860806,22.936984894192687,-5.4,-5.3,-5.6,-5.0,-6.1,-6.2,-6.1,-42.0437698434471,-116.96412458309914,-319.7817200191477,-312.3170077015828,-308.69158726090285,-318.7364786776046,-311.3052729222383,-311.14202946501626,-316.23854389173,-313.4455562136791,-322.0861636973497,-319.7817200191477,-312.3170077015828,-308.69158726090285,-318.7364786776046,-311.3052729222383,-311.14202946501626,-316.23854389173,-313.4455562136791,-322.0861636973497,0.0,0.0,0.0,0.0,0.0,0.0,0.0,0.0,0.0,0.0,0.0,0.0,0.0,0.0,0.0,0.0,0.0,0.0,0.0,0.0,0.0,0.0,0.0,0.0,0.0,0.0,0.0,0.0,0.0,0.0,0.0,0.0,0.0,0.0,0.0,0.0
44.09,44.09,44.09,44.09,44.09,44.09,44.09,44.09,44.09,77.16,77.16,77.16,77.16,77.16,77.16,77.16,77.16,77.16,55.12,44.09,44.09,44.09,44.09,44.09,44.09,44.09,44.09,532.3402538733782,532.3402538733782,532.3402538733782,532.3402538733782,532.3402538733782,532.3402538733782,532.3402538733782,532.3402538733782,532.3402538733782,0.0,0.0,0.0,532.3402538733782,532.3402538733782,532.3402538733782,532.3402538733782,532.3402538733782,0.0,6.331479494186743,2.1765675871457213,-0.8519779824672998,2.248214386639917,-0.17760536457165677,4.721881939551687,1.621423557112883,2.4732823233226453,-2.253319900782071,0.0,-0.8519779824672998,0.0,0.0,-0.17760536457165677,0.0,0.0,0.0,-2.253319900782071,10.42494584229481,10.521907744966219,9.91451150208167,11.25359457338844,10.178221199612365,10.697232185075926,10.463411564362673,11.004215032647961,10.482986577336725,4.309820015018301,4.598121401315049,4.618968751820347,5.209099608817867,4.613398999125205,4.90090394207557,4.771379546443096,6.558278996284763,23.146644625739423,-5.4,-5.3,-5.6,-5.0,-6.1,-6.2,-6.1,-42.0437698434471,-95.29792733959846,-321.5112121155996,-338.15561659428465,-333.0386155065211,-346.37188813630536,-336.29989207065347,-337.41118191950653,-341.9335039358611,-340.4685652811943,-347.8291940265057,-321.5112121155996,-338.15561659428465,-333.0386155065211,-346.37188813630536,-336.29989207065347,-337.41118191950653,-341.9335039358611,-340.4685652811943,-347.8291940265057,0.0,0.0,0.0,0.0,0.0,0.0,0.0,0.0,0.0,0.0,0.0,0.0,0.0,0.0,0.0,0.0,0.0,0.0,0.0,0.0,0.0,0.0,0.0,0.0,0.0,0.0,0.0,0.0,0.0,0.0,0.0,0.0,0.0,0.0,0.0,0.0
44.09,44.09,44.09,44.09,44.09,44.09,44.09,44.09,44.09,77.16,77.16,77.16,77.16,77.16,77.16,77.16,77.16,77.16,44.09,44.09,44.09,44.09,44.09,44.09,44.09,44.09,44.09,505.73196517600394,505.73196517600394,505.73196517600394,505.73196517600394,505.73196517600394,505.73196517600394,505.73196517600394,505.73196517600394,505.73196517600394,0.0,0.0,0.0,505.73196517600394,505.73196517600394,505.73196517600394,505.73196517600394,505.73196517600394,0.0,16.44652268,15.559365860000002,13.27323096,13.40971663,14.97930178,15.04754461,12.556681220000002,12.215467049999999,15.013423189999997,0.0,0.0,0.0,0.0,0.0,0.0,0.0,0.0,0.0,106.15302921835519,107.37315118595654,111.61816498619616,114.47618217187507,114.58702457360609,120.43008136898695,117.79771480060214,123.88611267431486,118.01809147042454,11.68813738296515,12.734443203119318,11.005010466356723,13.720927430944466,12.99272506657736,12.993010286513009,12.73734122496434,9.14604340009754,25.297346723601176,-5.4,-5.3,-5.6,-5.0,-6.1,-6.2,-6.1,-42.0437698434471,-237.57142538748647,-580.4613107578933,-575.9928473227925,-582.7918911510554,-599.8552045173991,-592.6961940270431,-606.8817229534145,-605.5139447944745,-617.6722126544016,-611.9027427513035,-580.4613107578933,-575.9928473227925,-582.7918911510554,-599.8552045173991,-592.6961940270431,-606.8817229534145,-605.5139447944745,-617.6722126544016,-611.9027427513035,0.0,0.0,0.0,0.0,0.0,0.0,0.0,0.0,0.0,0.0,0.0,0.0,0.0,0.0,0.0,0.0,0.0,0.0,0.0,0.0,0.0,0.0,0.0,0.0,0.0,0.0,0.0,0.0,0.0,0.0,0.0,0.0,0.0,0.0,0.0,0.0
44.09,44.09,44.09,44.09,44.09,44.09,44.09,44.09,44.09,77.16,77.16,77.16,77.16,77.16,77.16,77.16,77.16,-44.960856460290024,44.09,44.09,44.09,44.09,44.09,44.09,44.09,44.09,44.09,678.4606088366851,678.4606088366851,678.4606088366851,678.4606088366851,678.4606088366851,678.4606088366851,678.4606088366851,678.4606088366851,678.4606088366851,0.0,0.0,0.0,678.4606088366851,678.4606088366851,678.4606088366851,678.4606088366851,678.4606088366851,0.0,14.860331230425057,12.565474546999772,6.647833524403326,6.759879805107388,6.871962533486914,6.650211747454849,7.227554831700724,12.215467049999999,15.013423189999997,0.0,0.0,0.0,0.0,0.0,0.0,0.0,0.0,0.0,130.1815846950867,128.32123943470378,127.44085339473162,130.70401534695304,140.22504652788493,137.5019231498629,144.1541055827166,151.60473865656198,144.4237899461469,13.117833418708685,13.153404968094263,13.94422156240033,14.045484094446024,13.505485505662937,13.334447122130529,13.264469040606627,8.020901446732637,25.825460693115637,-5.4,-5.3,-5.6,-5.0,-6.1,-6.2,-6.1,-42.0437698434471,-300.55886596577415,-639.4681431944239,-627.434988085539,-621.6476069897375,-639.7058328207551,-655.6553871805886,-648.8049799849327,-670.237233550553,-685.7407372184008,-937.8564377513209,-639.4681431944239,-627.434988085539,-621.6476069897375,-639.7058328207551,-655.6553871805886,-648.8049799849327,-670.237233550553,-685.7407372184008,-937.8564377513209,0.0,0.0,0.0,0.0,0.0,0.0,0.0,0.0,0.0,0.0,0.0,0.0,0.0,0.0,0.0,0.0,0.0,0.0,0.0,0.0,0.0,0.0,0.0,0.0,0.0,0.0,0.0,0.0,0.0,0.0,0.0,0.0,0.0,0.0,0.0,0.0
