commodity,commodity_subtype,zone,resource_id,component_id,type,capacity,new_capacity,retired_capacity,retrofitted_capacity
Ethane,capacity,ethane_CA,CA_ESC,CA_ESC_ethane_consumption_edge,SteamCracker,37.165065875645645,37.165065875645645,0.0,0.0
Ethane,capacity,ethane_SW,SW_ESC,SW_ESC_ethane_consumption_edge,SteamCracker,0.0,0.0,0.0,0.0
Ethane,capacity,ethane_NW,NW_ESC,NW_ESC_ethane_consumption_edge,SteamCracker,39.750064263874975,39.750064263874975,0.0,0.0
Ethane,capacity,ethane_TX,TX_ESC,TX_ESC_ethane_consumption_edge,SteamCracker,951.907470298742,951.907470298742,0.0,0.0
Ethane,capacity,ethane_NCEN,NCEN_ESC,NCEN_ESC_ethane_consumption_edge,SteamCracker,75.84281909341234,75.84281909341234,0.0,0.0
Ethane,capacity,ethane_CEN,CEN_ESC,CEN_ESC_ethane_consumption_edge,SteamCracker,381.8467605049923,381.8467605049923,0.0,0.0
Ethane,capacity,ethane_SE,SE_ESC,SE_ESC_ethane_consumption_edge,SteamCracker,39.08325853977155,39.08325853977155,0.0,0.0
Ethane,capacity,ethane_MIDAT,MIDAT_ESC,MIDAT_ESC_ethane_consumption_edge,SteamCracker,24.51555430281939,24.51555430281939,0.0,0.0
Ethane,capacity,ethane_NE,NE_ESC,NE_ESC_ethane_consumption_edge,SteamCracker,0.0,0.0,0.0,0.0
Ethane,capacity,ethane_CA,CA_TSC+CC90,CA_TSC+CC90_ethane_consumption_edge,SteamCracker,3642.274358821274,3642.274358821274,0.0,0.0
Ethane,capacity,ethane_CA,CA_TSC:H2,CA_TSC:H2_ethane_consumption_edge,SteamCracker,0.0,0.0,0.0,0.0
Ethane,capacity,ethane_CA,CA_TSC+CC90:H2,CA_TSC+CC90:H2_ethane_consumption_edge,SteamCracker,0.0,0.0,0.0,0.0
Ethane,capacity,ethane_CA,CA_TSC+H2in,CA_TSC+H2in_ethane_consumption_edge,SteamCracker,0.0,0.0,0.0,0.0
Ethane,capacity,ethane_CA,CA_TSC+H2in:CH4,CA_TSC+H2in:CH4_ethane_consumption_edge,SteamCracker,0.0,0.0,0.0,0.0
Ethane,capacity,ethane_SW,SW_TSC+CC90,SW_TSC+CC90_ethane_consumption_edge,SteamCracker,0.0,0.0,0.0,0.0
Ethane,capacity,ethane_SW,SW_TSC:H2,SW_TSC:H2_ethane_consumption_edge,SteamCracker,0.0,0.0,0.0,0.0
Ethane,capacity,ethane_SW,SW_TSC+CC90:H2,SW_TSC+CC90:H2_ethane_consumption_edge,SteamCracker,0.0,0.0,0.0,0.0
Ethane,capacity,ethane_SW,SW_TSC+H2in,SW_TSC+H2in_ethane_consumption_edge,SteamCracker,0.0,0.0,0.0,0.0
Ethane,capacity,ethane_SW,SW_TSC+H2in:CH4,SW_TSC+H2in:CH4_ethane_consumption_edge,SteamCracker,0.0,0.0,0.0,0.0
Ethane,capacity,ethane_NW,NW_TSC+CC90,NW_TSC+CC90_ethane_consumption_edge,SteamCracker,3895.611010464662,3895.611010464662,0.0,0.0
Ethane,capacity,ethane_NW,NW_TSC:H2,NW_TSC:H2_ethane_consumption_edge,SteamCracker,0.0,0.0,0.0,0.0
Ethane,capacity,ethane_NW,NW_TSC+CC90:H2,NW_TSC+CC90:H2_ethane_consumption_edge,SteamCracker,0.0,0.0,0.0,0.0
Ethane,capacity,ethane_NW,NW_TSC+H2in,NW_TSC+H2in_ethane_consumption_edge,SteamCracker,0.0,0.0,0.0,0.0
Ethane,capacity,ethane_NW,NW_TSC+H2in:CH4,NW_TSC+H2in:CH4_ethane_consumption_edge,SteamCracker,0.0,0.0,0.0,0.0
Ethane,capacity,ethane_TX,TX_TSC+CC90,TX_TSC+CC90_ethane_consumption_edge,SteamCracker,9786.847820610928,9786.847820610928,0.0,0.0
Ethane,capacity,ethane_TX,TX_TSC:H2,TX_TSC:H2_ethane_consumption_edge,SteamCracker,0.0,0.0,0.0,0.0
Ethane,capacity,ethane_TX,TX_TSC+CC90:H2,TX_TSC+CC90:H2_ethane_consumption_edge,SteamCracker,0.0,0.0,0.0,0.0
Ethane,capacity,ethane_TX,TX_TSC+H2in,TX_TSC+H2in_ethane_consumption_edge,SteamCracker,0.0,0.0,0.0,0.0
Ethane,capacity,ethane_TX,TX_TSC+H2in:CH4,TX_TSC+H2in:CH4_ethane_consumption_edge,SteamCracker,0.0,0.0,0.0,0.0
Ethane,capacity,ethane_NCEN,NCEN_TSC+CC90,NCEN_TSC+CC90_ethane_consumption_edge,SteamCracker,0.0,0.0,0.0,0.0
Ethane,capacity,ethane_NCEN,NCEN_TSC:H2,NCEN_TSC:H2_ethane_consumption_edge,SteamCracker,0.0,0.0,0.0,0.0
Ethane,capacity,ethane_NCEN,NCEN_TSC+CC90:H2,NCEN_TSC+CC90:H2_ethane_consumption_edge,SteamCracker,0.0,0.0,0.0,0.0
Ethane,capacity,ethane_NCEN,NCEN_TSC+H2in,NCEN_TSC+H2in_ethane_consumption_edge,SteamCracker,0.0,0.0,0.0,0.0
Ethane,capacity,ethane_NCEN,NCEN_TSC+H2in:CH4,NCEN_TSC+H2in:CH4_ethane_consumption_edge,SteamCracker,0.0,0.0,0.0,0.0
Ethane,capacity,ethane_CEN,CEN_TSC+CC90,CEN_TSC+CC90_ethane_consumption_edge,SteamCracker,0.0,0.0,0.0,0.0
Ethane,capacity,ethane_CEN,CEN_TSC:H2,CEN_TSC:H2_ethane_consumption_edge,SteamCracker,0.0,0.0,0.0,0.0
Ethane,capacity,ethane_CEN,CEN_TSC+CC90:H2,CEN_TSC+CC90:H2_ethane_consumption_edge,SteamCracker,0.0,0.0,0.0,0.0
Ethane,capacity,ethane_CEN,CEN_TSC+H2in,CEN_TSC+H2in_ethane_consumption_edge,SteamCracker,0.0,0.0,0.0,0.0
Ethane,capacity,ethane_CEN,CEN_TSC+H2in:CH4,CEN_TSC+H2in:CH4_ethane_consumption_edge,SteamCracker,0.0,0.0,0.0,0.0
Ethane,capacity,ethane_SE,SE_TSC+CC90,SE_TSC+CC90_ethane_consumption_edge,SteamCracker,0.0,0.0,0.0,0.0
Ethane,capacity,ethane_SE,SE_TSC:H2,SE_TSC:H2_ethane_consumption_edge,SteamCracker,0.0,0.0,0.0,0.0
Ethane,capacity,ethane_SE,SE_TSC+CC90:H2,SE_TSC+CC90:H2_ethane_consumption_edge,SteamCracker,0.0,0.0,0.0,0.0
Ethane,capacity,ethane_SE,SE_TSC+H2in,SE_TSC+H2in_ethane_consumption_edge,SteamCracker,0.0,0.0,0.0,0.0
Ethane,capacity,ethane_SE,SE_TSC+H2in:CH4,SE_TSC+H2in:CH4_ethane_consumption_edge,SteamCracker,0.0,0.0,0.0,0.0
Ethane,capacity,ethane_MIDAT,MIDAT_TSC+CC90,MIDAT_TSC+CC90_ethane_consumption_edge,SteamCracker,0.0,0.0,0.0,0.0
Ethane,capacity,ethane_MIDAT,MIDAT_TSC:H2,MIDAT_TSC:H2_ethane_consumption_edge,SteamCracker,0.0,0.0,0.0,0.0
Ethane,capacity,ethane_MIDAT,MIDAT_TSC+CC90:H2,MIDAT_TSC+CC90:H2_ethane_consumption_edge,SteamCracker,0.0,0.0,0.0,0.0
Ethane,capacity,ethane_MIDAT,MIDAT_TSC+H2in,MIDAT_TSC+H2in_ethane_consumption_edge,SteamCracker,0.0,0.0,0.0,0.0
Ethane,capacity,ethane_MIDAT,MIDAT_TSC+H2in:CH4,MIDAT_TSC+H2in:CH4_ethane_consumption_edge,SteamCracker,0.0,0.0,0.0,0.0
Ethane,capacity,ethane_NE,NE_TSC+CC90,NE_TSC+CC90_ethane_consumption_edge,SteamCracker,0.0,0.0,0.0,0.0
Ethane,capacity,ethane_NE,NE_TSC:H2,NE_TSC:H2_ethane_consumption_edge,SteamCracker,0.0,0.0,0.0,0.0
Ethane,capacity,ethane_NE,NE_TSC+CC90:H2,NE_TSC+CC90:H2_ethane_consumption_edge,SteamCracker,0.0,0.0,0.0,0.0
Ethane,capacity,ethane_NE,NE_TSC+H2in,NE_TSC+H2in_ethane_consumption_edge,SteamCracker,0.0,0.0,0.0,0.0
Ethane,capacity,ethane_NE,NE_TSC+H2in:CH4,NE_TSC+H2in:CH4_ethane_consumption_edge,SteamCracker,0.0,0.0,0.0,0.0
Ethane,capacity,ethane_CA,CA_TSC,CA_TSC_ethane_consumption_edge,SteamCracker,0.0,0.0,0.0,0.0
Ethane,capacity,ethane_SW,SW_TSC,SW_TSC_ethane_consumption_edge,SteamCracker,0.0,0.0,0.0,0.0
Ethane,capacity,ethane_NW,NW_TSC,NW_TSC_ethane_consumption_edge,SteamCracker,0.0,0.0,0.0,0.0
Ethane,capacity,ethane_TX,TX_TSC+CC90_RETROFIT,TX_TSC+CC90_RETROFIT_ethane_consumption_edge,SteamCracker,46856.83431979467,46856.83431979467,0.0,0.0
Ethane,capacity,ethane_TX,TX_TSC:H2_RETROFIT,TX_TSC:H2_RETROFIT_ethane_consumption_edge,SteamCracker,0.0,0.0,0.0,0.0
Ethane,capacity,ethane_TX,TX_TSC+CC90:H2_RETROFIT,TX_TSC+CC90:H2_RETROFIT_ethane_consumption_edge,SteamCracker,6310.4492402053365,6310.4492402053365,0.0,0.0
Ethane,capacity,ethane_TX,TX_TSC+H2in_RETROFIT,TX_TSC+H2in_RETROFIT_ethane_consumption_edge,SteamCracker,0.0,0.0,0.0,0.0
Ethane,capacity,ethane_TX,TX_TSC+H2in:CH4_RETROFIT,TX_TSC+H2in:CH4_RETROFIT_ethane_consumption_edge,SteamCracker,0.0,0.0,0.0,0.0
Ethane,capacity,ethane_TX,TX_ESC_RETROFIT,TX_ESC_RETROFIT_ethane_consumption_edge,SteamCracker,0.0,0.0,0.0,0.0
Ethane,capacity,ethane_TX,TX_TSC,TX_TSC_ethane_consumption_edge,SteamCracker,0.0,0.0,0.0,53167.28356
Ethane,capacity,ethane_NCEN,NCEN_TSC+CC90_RETROFIT,NCEN_TSC+CC90_RETROFIT_ethane_consumption_edge,SteamCracker,4570.692732810176,4570.692732810176,0.0,0.0
Ethane,capacity,ethane_NCEN,NCEN_TSC:H2_RETROFIT,NCEN_TSC:H2_RETROFIT_ethane_consumption_edge,SteamCracker,0.0,0.0,0.0,0.0
Ethane,capacity,ethane_NCEN,NCEN_TSC+CC90:H2_RETROFIT,NCEN_TSC+CC90:H2_RETROFIT_ethane_consumption_edge,SteamCracker,492.8580821898242,492.858082189824,0.0,0.0
Ethane,capacity,ethane_NCEN,NCEN_TSC+H2in_RETROFIT,NCEN_TSC+H2in_RETROFIT_ethane_consumption_edge,SteamCracker,0.0,0.0,0.0,0.0
Ethane,capacity,ethane_NCEN,NCEN_TSC+H2in:CH4_RETROFIT,NCEN_TSC+H2in:CH4_RETROFIT_ethane_consumption_edge,SteamCracker,0.0,0.0,0.0,0.0
Ethane,capacity,ethane_NCEN,NCEN_ESC_RETROFIT,NCEN_ESC_RETROFIT_ethane_consumption_edge,SteamCracker,0.0,0.0,0.0,0.0
Ethane,capacity,ethane_NCEN,NCEN_TSC,NCEN_TSC_ethane_consumption_edge,SteamCracker,0.0,0.0,0.0,5063.550815
Ethane,capacity,ethane_CEN,CEN_TSC+CC90_RETROFIT,CEN_TSC+CC90_RETROFIT_ethane_consumption_edge,SteamCracker,22799.791986294924,22799.791986294924,0.0,0.0
Ethane,capacity,ethane_CEN,CEN_TSC:H2_RETROFIT,CEN_TSC:H2_RETROFIT_ethane_consumption_edge,SteamCracker,0.0,0.0,0.0,0.0
Ethane,capacity,ethane_CEN,CEN_TSC+CC90:H2_RETROFIT,CEN_TSC+CC90:H2_RETROFIT_ethane_consumption_edge,SteamCracker,2517.962093705075,2517.962093705075,0.0,0.0
Ethane,capacity,ethane_CEN,CEN_TSC+H2in_RETROFIT,CEN_TSC+H2in_RETROFIT_ethane_consumption_edge,SteamCracker,0.0,0.0,0.0,0.0
Ethane,capacity,ethane_CEN,CEN_TSC+H2in:CH4_RETROFIT,CEN_TSC+H2in:CH4_RETROFIT_ethane_consumption_edge,SteamCracker,0.0,0.0,0.0,0.0
Ethane,capacity,ethane_CEN,CEN_ESC_RETROFIT,CEN_ESC_RETROFIT_ethane_consumption_edge,SteamCracker,0.0,0.0,0.0,0.0
Ethane,capacity,ethane_CEN,CEN_TSC,CEN_TSC_ethane_consumption_edge,SteamCracker,0.0,0.0,0.0,25317.75408
Ethane,capacity,ethane_SE,SE_TSC+CC90_RETROFIT,SE_TSC+CC90_RETROFIT_ethane_consumption_edge,SteamCracker,2261.6599538588694,2261.6599538588694,0.0,0.0
Ethane,capacity,ethane_SE,SE_TSC:H2_RETROFIT,SE_TSC:H2_RETROFIT_ethane_consumption_edge,SteamCracker,0.0,0.0,0.0,0.0
Ethane,capacity,ethane_SE,SE_TSC+CC90:H2_RETROFIT,SE_TSC+CC90:H2_RETROFIT_ethane_consumption_edge,SteamCracker,270.1154541411306,270.1154541411306,0.0,0.0
Ethane,capacity,ethane_SE,SE_TSC+H2in_RETROFIT,SE_TSC+H2in_RETROFIT_ethane_consumption_edge,SteamCracker,0.0,0.0,0.0,0.0
Ethane,capacity,ethane_SE,SE_TSC+H2in:CH4_RETROFIT,SE_TSC+H2in:CH4_RETROFIT_ethane_consumption_edge,SteamCracker,0.0,0.0,0.0,0.0
Ethane,capacity,ethane_SE,SE_ESC_RETROFIT,SE_ESC_RETROFIT_ethane_consumption_edge,SteamCracker,0.0,0.0,0.0,0.0
Ethane,capacity,ethane_SE,SE_TSC,SE_TSC_ethane_consumption_edge,SteamCracker,0.0,0.0,0.0,2531.775408
Ethane,capacity,ethane_MIDAT,MIDAT_TSC+CC90_RETROFIT,MIDAT_TSC+CC90_RETROFIT_ethane_consumption_edge,SteamCracker,1617.1051933008218,1617.1051933008218,0.0,0.0
Ethane,capacity,ethane_MIDAT,MIDAT_TSC:H2_RETROFIT,MIDAT_TSC:H2_RETROFIT_ethane_consumption_edge,SteamCracker,0.0,0.0,0.0,0.0
Ethane,capacity,ethane_MIDAT,MIDAT_TSC+CC90:H2_RETROFIT,MIDAT_TSC+CC90:H2_RETROFIT_ethane_consumption_edge,SteamCracker,0.0,0.0,0.0,0.0
Ethane,capacity,ethane_MIDAT,MIDAT_TSC+H2in_RETROFIT,MIDAT_TSC+H2in_RETROFIT_ethane_consumption_edge,SteamCracker,0.0,0.0,0.0,0.0
Ethane,capacity,ethane_MIDAT,MIDAT_TSC+H2in:CH4_RETROFIT,MIDAT_TSC+H2in:CH4_RETROFIT_ethane_consumption_edge,SteamCracker,0.0,0.0,0.0,0.0
Ethane,capacity,ethane_MIDAT,MIDAT_ESC_RETROFIT,MIDAT_ESC_RETROFIT_ethane_consumption_edge,SteamCracker,0.0,0.0,0.0,0.0
Ethane,capacity,ethane_MIDAT,MIDAT_TSC,MIDAT_TSC_ethane_consumption_edge,SteamCracker,914.670214699178,0.0,0.0,1617.1051933008218
Ethane,capacity,ethane_NE,NE_TSC,NE_TSC_ethane_consumption_edge,SteamCracker,0.0,0.0,0.0,0.0
