ethylene_CA,ethylene_NW,ethylene_SW,ethylene_TX,ethylene_NCEN,ethylene_CEN,ethylene_SE,ethylene_MIDAT,ethylene_NE,ethylene_demand_CA,ethylene_demand_SW,ethylene_demand_NW,ethylene_demand_TX,ethylene_demand_NCEN,ethylene_demand_CEN,ethylene_demand_SE,ethylene_demand_MIDAT,ethylene_demand_NE,natgas_CA,natgas_NW,natgas_SW,natgas_TX,natgas_NCEN,natgas_CEN,natgas_SE,natgas_MIDAT,natgas_NE,natgas_demand_CA,natgas_demand_SW,natgas_demand_NW,natgas_demand_TX,natgas_demand_NCEN,natgas_demand_CEN,natgas_demand_SE,natgas_demand_MIDAT,natgas_demand_NE,elec_CA,elec_NW,elec_SW,elec_TX,elec_NCEN,elec_CEN,elec_SE,elec_MIDAT,elec_NE,h2_CA,h2_NW,h2_SW,h2_TX,h2_NCEN,h2_CEN,h2_SE,h2_MIDAT,h2_NE,co2_captured_CA,co2_captured_NW,co2_captured_SW,co2_captured_TX,co2_captured_NCEN,co2_captured_CEN,co2_captured_SE,co2_captured_MIDAT,co2_captured_NE,gasoline_CA,gasoline_NW,gasoline_SW,gasoline_TX,gasoline_NCEN,gasoline_CEN,gasoline_SE,gasoline_MIDAT,gasoline_NE,gasoline_demand_CA,gasoline_demand_NW,gasoline_demand_SW,gasoline_demand_TX,gasoline_demand_NCEN,gasoline_demand_CEN,gasoline_demand_SE,gasoline_demand_MIDAT,gasoline_demand_NE,jetfuel_CA,jetfuel_NW,jetfuel_SW,jetfuel_TX,jetfuel_NCEN,jetfuel_CEN,jetfuel_SE,jetfuel_MIDAT,jetfuel_NE,jetfuel_demand_CA,jetfuel_demand_NW,jetfuel_demand_SW,jetfuel_demand_TX,jetfuel_demand_NCEN,jetfuel_demand_CEN,jetfuel_demand_SE,jetfuel_demand_MIDAT,jetfuel_demand_NE,diesel_CA,diesel_NW,diesel_SW,diesel_TX,diesel_NCEN,diesel_CEN,diesel_SE,diesel_MIDAT,diesel_NE,diesel_demand_CA,diesel_demand_NW,diesel_demand_SW,diesel_demand_TX,diesel_demand_NCEN,diesel_demand_CEN,diesel_demand_SE,diesel_demand_MIDAT,diesel_demand_NE
468.87043805806485,468.87043805806485,468.87043805806485,468.87043805806485,468.87043805806485,468.87043805806485,468.87043805806485,468.87043805806485,468.87043805806485,0.0,0.0,0.0,468.87043805806485,468.87043805806485,468.87043805806485,468.87043805806485,468.87043805806485,0.0,4.170332899032233,4.170332899032233,4.170332899032233,4.170332899032233,4.170332899032233,4.170332899032233,4.170332899032233,4.170332899032233,4.170332899032233,0.0,0.0,0.0,0.0,0.0,0.0,0.0,0.0,0.0,18.816152702368964,18.991160802610167,17.894861538340315,16.742398033617327,17.612205405933317,17.61316912607408,16.742398033617327,16.290205335206192,16.742398033617327,3.4416645038062357,3.4416645038062357,3.4416645038042515,3.4416645038062357,3.4416645038062357,3.4416645038062357,3.4416645038062357,3.2828976843336277,3.4416645038062357,-5.4,-5.3,-5.6,-4.7,-6.1,-6.2,-6.1,-7.9,-12.926849652050526,0.0,0.0,0.0,0.0,0.0,0.0,0.0,0.0,-6.225942496633139,0.0,0.0,0.0,0.0,0.0,0.0,0.0,0.0,-6.225942496633139,0.0,0.0,0.0,0.0,0.0,0.0,0.0,0.0,0.0,0.0,0.0,0.0,0.0,0.0,0.0,0.0,0.0,0.0,0.0,0.0,0.0,0.0,0.0,0.0,0.0,0.0,0.0,0.0,0.0,0.0,0.0,0.0,0.0,0.0,0.0,0.0
455.397723897799,455.397723897799,455.397723897799,455.397723897799,455.397723897799,455.397723897799,455.397723897799,455.397723897799,455.397723897799,0.0,0.0,0.0,455.397723897799,455.397723897799,455.397723897799,455.397723897799,455.397723897799,0.0,4.170332899032233,4.170332899032233,4.170332899032233,4.170332899032233,4.170332899032233,4.170332899032233,4.170332899032233,4.170332899032233,4.170332899032233,0.0,0.0,0.0,0.0,0.0,0.0,0.0,0.0,0.0,14.25772938790486,14.126340993068727,14.99176804341754,16.0753710316862,14.539237321846901,15.280626582534978,15.293318551898087,14.541726576466829,13.852939447305621,3.2074684277283607,3.2074684277283607,2.8270107144063106,3.2074684277283607,2.668125213534974,2.928430201484101,2.932886407025908,2.6689992016383908,2.427163050424898,-5.4,-5.102153175727152,-5.6,-4.7,28.030362583581667,-6.2,-6.1,-7.9,27.643332417037165,0.0,0.0,0.0,0.0,0.0,0.0,0.0,0.0,0.0,0.0,0.0,0.0,0.0,0.0,0.0,0.0,0.0,0.0,0.0,0.0,0.0,0.0,0.0,0.0,0.0,0.0,0.0,0.0,0.0,0.0,0.0,0.0,0.0,0.0,0.0,0.0,0.0,0.0,0.0,0.0,0.0,0.0,0.0,0.0,0.0,0.0,0.0,0.0,0.0,0.0,0.0,0.0,0.0,0.0
471.2833697638963,471.2833697638963,471.2833697638963,471.2833697638963,471.2833697638963,471.2833697638963,471.2833697638963,471.2833697638963,471.2833697638963,0.0,0.0,0.0,471.2833697638963,471.2833697638963,471.2833697638963,471.2833697638963,471.2833697638963,0.0,4.170332899032233,4.170332899032233,4.170332899032233,4.170332899032233,4.170332899032233,4.170332899032233,4.170332899032233,4.170332899032233,4.170332899032233,0.0,0.0,0.0,0.0,0.0,0.0,0.0,0.0,0.0,49.113033939704266,52.36995126950693,51.641547731797296,55.71849166389429,53.01512795604837,55.71849166423672,51.57014955812652,49.03572836967444,46.713089555605706,3.4836084752011174,1.6826986883553026,0.43679403180919646,3.4836084752011174,3.4836084752011174,3.4836084752011174,0.3534203836859772,-0.7646489983601091,3.4836084752011174,-5.4,-5.3,-5.6,-4.7,-6.1,-6.2,-6.1,-7.9,31.553220167062065,0.0,0.0,0.0,0.0,0.0,0.0,0.0,-2.0084161375509693,0.0,0.0,0.0,0.0,0.0,0.0,0.0,0.0,-2.0084161375509693,0.0,0.0,0.0,0.0,0.0,0.0,0.0,0.0,0.0,0.0,0.0,0.0,0.0,0.0,0.0,0.0,0.0,0.0,0.0,0.0,0.0,0.0,0.0,0.0,0.0,0.0,0.0,0.0,0.0,0.0,0.0,0.0,0.0,0.0,0.0,0.0,0.0
16440.070809830762,16440.070809830762,16440.070809830762,16440.070809830762,16440.070809830762,16440.070809830762,16440.070809830762,16440.070809830762,16440.070809830762,0.0,0.0,0.0,16440.070809830762,16440.070809830762,16440.070809830762,16440.070809830762,16440.070809830762,0.0,4.170332899032233,4.170332899032233,4.170332899032233,4.170332899032233,4.170332899032233,4.170332899032233,4.170332899032233,4.170332899032233,4.170332899032233,0.0,0.0,0.0,0.0,0.0,0.0,0.0,0.0,0.0,17.894861538340315,17.894861538340315,18.816152702368964,19.29794603590369,19.31663141347755,20.301631022852042,18.816152702368967,17.891430619872715,18.78101706324997,3.940552902541447,3.846299443392905,0.7650479821034795,9.665249619279475,4.345489018745735,4.691326657680724,3.1562912193760533,3.8450948330246173,4.157432495170019,-5.4,-5.3,36.85159749431808,-4.7,-6.1,-6.2,-6.1,-7.9,23.839805173109273,0.0,0.0,0.0,0.0,0.0,0.0,0.0,0.0,0.0,0.0,0.0,0.0,0.0,0.0,0.0,0.0,0.0,0.0,0.0,0.0,0.0,0.0,0.0,0.0,0.0,0.0,0.0,0.0,0.0,0.0,0.0,0.0,0.0,0.0,0.0,0.0,0.0,0.0,0.0,0.0,0.0,0.0,0.0,0.0,0.0,0.0,0.0,0.0,0.0,0.0,0.0,0.0,0.0,0.0
456.31579061511343,456.31579061511343,456.31579061511343,456.31579061511343,456.31579061511343,456.31579061511343,456.31579061511343,456.31579061511343,456.31579061511343,0.0,0.0,0.0,456.31579061511343,456.31579061511343,456.31579061511343,456.31579061511343,456.31579061511343,0.0,4.170332899032233,4.170332899032233,4.170332899032233,4.170332899032233,4.170332899032233,4.170332899032233,4.170332899032233,4.170332899032233,4.170332899032233,0.0,0.0,0.0,0.0,0.0,0.0,0.0,0.0,0.0,18.905713258074304,17.729956098675256,18.816152702368964,16.587467188408514,16.603528124988646,17.450180337130632,16.120824032673116,15.357240970731393,16.120824032673116,1.9476074239852426,3.2234271736955877,3.2234271736955877,3.2234271736955877,3.223427173695562,3.2234271736955877,3.2234271736955877,2.955329845778501,3.2234271736955877,31.96009744711148,-5.3,27.814227949088078,27.335623008784903,-6.1,-6.2,-6.1,-5.338964366455266,-6.208194819115161,0.0,0.0,0.0,0.0,0.0,0.0,0.0,0.0,0.0,0.0,0.0,0.0,0.0,0.0,0.0,0.0,0.0,0.0,0.0,0.0,0.0,0.0,0.0,0.0,0.0,0.0,0.0,0.0,0.0,0.0,0.0,0.0,0.0,0.0,0.0,0.0,0.0,0.0,0.0,0.0,0.0,0.0,0.0,0.0,0.0,0.0,0.0,0.0,0.0,0.0,0.0,0.0,0.0,0.0
459.1923914449217,459.1923914449217,459.1923914449217,459.1923914449217,459.1923914449217,459.1923914449217,459.1923914449217,459.1923914449217,459.1923914449217,0.0,0.0,0.0,459.1923914449217,459.1923914449217,459.1923914449217,459.1923914449217,459.1923914449217,0.0,4.170332899032233,4.170332899032233,4.170332899032233,4.170332899032233,4.170332899032233,4.170332899032233,4.170332899032233,4.170332899032233,4.170332899032233,0.0,0.0,0.0,0.0,0.0,0.0,0.0,0.0,0.0,29.346024305114152,29.075593654947454,30.85686208576675,34.59692333263394,32.58435075959893,33.29291797836013,30.696138193721957,30.138517712803125,28.710968997496476,1.459355298238373,3.2734311015433497,3.0557882355209474,2.579515646479867,3.2734311015433497,3.2734311015433497,3.2734311015433497,3.2734311015433497,3.2734311015433497,-5.4,-5.3,28.684436153222236,-4.7,-6.1,-6.2,-6.1,-7.9,-44.467222956811995,0.0,0.0,0.0,0.0,0.0,0.0,0.0,0.0,-66.33539699648497,0.0,0.0,0.0,0.0,0.0,0.0,0.0,0.0,-66.33539699648497,0.0,0.0,0.0,0.0,0.0,0.0,0.0,0.0,0.0,0.0,0.0,0.0,0.0,0.0,0.0,0.0,0.0,0.0,0.0,0.0,0.0,0.0,0.0,0.0,0.0,0.0,0.0,0.0,0.0,0.0,0.0,0.0,0.0,0.0,0.0,0.0
456.80365257290845,456.80365257290845,456.80365257290845,456.80365257290845,456.80365257290845,456.80365257290845,456.80365257290845,456.80365257290845,456.80365257290845,0.0,0.0,0.0,456.80365257290845,456.80365257290845,456.80365257290845,456.80365257290845,456.80365257290845,0.0,4.170332899032233,4.170332899032233,4.170332899032233,4.170332899032233,4.170332899032233,4.170332899032233,4.170332899032233,4.170332899032233,4.170332899032233,0.0,0.0,0.0,0.0,0.0,0.0,0.0,0.0,0.0,29.1835587913811,27.368616518782364,29.045309802457105,29.789023825968023,32.93636385965163,31.338349123818084,33.98945757840889,35.609250692934914,33.92257384425443,3.2319076739737147,3.2319076739715786,3.2319076739737147,1.8208357962108448,3.2319076739737147,3.2319076739737147,3.2319076739737147,3.2319076739737147,3.2319076739737147,-5.4,-4.338468166030562,-5.6,34.82369842586142,34.46763547946594,-6.2,29.86607085121279,-7.9,33.574745881326166,0.0,0.0,0.0,0.0,0.0,0.0,0.0,0.0,0.0,0.0,0.0,0.0,0.0,0.0,0.0,0.0,0.0,0.0,0.0,0.0,0.0,0.0,0.0,0.0,0.0,0.0,0.0,0.0,0.0,0.0,0.0,0.0,0.0,0.0,0.0,0.0,0.0,0.0,0.0,0.0,0.0,0.0,0.0,0.0,0.0,0.0,0.0,0.0,0.0,0.0,0.0,0.0,0.0,0.0
455.9968194993587,455.9968194993587,455.9968194993587,455.9968194993587,455.9968194993587,455.9968194993587,455.9968194993587,455.9968194993587,455.9968194993587,0.0,0.0,0.0,455.9968194993587,455.9968194993587,455.9968194993587,455.9968194993587,455.9968194993587,0.0,4.170332899032233,4.170332899032233,4.170332899032233,4.170332899032233,4.170332899032233,4.170332899032233,4.170332899032233,4.170332899032233,4.170332899032233,0.0,0.0,0.0,0.0,0.0,0.0,0.0,0.0,0.0,16.10503194026214,16.105031940262105,16.934176306155837,15.730178650837914,17.3921404960468,16.548304275424478,17.94822962568409,18.80356598103925,18.816152702368964,3.21788250149341,3.2178825014934196,3.217882501493438,3.086269884262207,3.2178825014934382,3.217882501493438,3.2178825014934382,3.2178825014934382,3.217882501493438,-5.4,5.559439593395621,-5.6,-4.7,-5.497350460716613,-6.2,27.6508684996844,-6.537883933766942,22.723840501765356,0.0,0.0,0.0,0.0,0.0,0.0,0.0,0.0,0.0,0.0,0.0,0.0,0.0,0.0,0.0,0.0,0.0,0.0,0.0,0.0,0.0,0.0,0.0,0.0,0.0,0.0,0.0,0.0,0.0,0.0,0.0,0.0,0.0,0.0,0.0,0.0,0.0,0.0,0.0,0.0,0.0,0.0,0.0,0.0,0.0,0.0,0.0,0.0,0.0,0.0,0.0,0.0,0.0,0.0
457.89936469328654,457.89936469328654,457.89936469328654,457.89936469328654,457.89936469328654,457.89936469328654,457.89936469328654,457.89936469328654,457.89936469328654,0.0,0.0,0.0,457.89936469328654,457.89936469328654,457.89936469328654,457.89936469328654,457.89936469328654,0.0,4.170332899032233,4.170332899032233,4.170332899032233,4.170332899032233,4.170332899032233,4.170332899032233,4.170332899032233,4.170332899032233,4.170332899032233,0.0,0.0,0.0,0.0,0.0,0.0,0.0,0.0,0.0,36.44316147144912,34.176740341165015,36.27052213494334,37.199239925708255,41.129501545718846,39.13397010734827,42.44455927091219,42.44455927091219,40.43411945312354,3.2509544284769993,2.4211892937339443,3.2509544284769993,3.2509544284769993,3.2509544284769993,3.2509544284769993,2.9729192050411575,3.2509544284769993,3.2509544284769993,-5.4,-5.3,-5.6,46.12503335886428,-6.1,32.06312062723512,31.5169912059335,-7.9,32.34232462264955,0.0,0.0,0.0,0.0,0.0,0.0,0.0,0.0,0.0,0.0,0.0,0.0,0.0,0.0,0.0,0.0,0.0,0.0,0.0,0.0,0.0,0.0,0.0,0.0,0.0,0.0,0.0,0.0,0.0,0.0,0.0,0.0,0.0,0.0,0.0,0.0,0.0,0.0,0.0,0.0,0.0,0.0,0.0,0.0,0.0,0.0,0.0,0.0,0.0,0.0,0.0,0.0,0.0,0.0
455.4507513287311,455.4507513287311,455.4507513287311,455.4507513287311,455.4507513287311,455.4507513287311,455.4507513287311,455.4507513287311,455.4507513287311,0.0,0.0,0.0,455.4507513287311,455.4507513287311,455.4507513287311,455.4507513287311,455.4507513287311,0.0,4.170332899032712,4.170332899032233,4.170332899032233,4.170332899032233,4.170332899032233,4.170332899032233,4.170332899032233,4.170332899032233,4.170332899032233,0.0,0.0,0.0,0.0,0.0,0.0,0.0,0.0,0.0,14.886304910123076,13.960517063023504,14.81578518299348,14.14526616523491,15.639775107489827,14.880960588880857,16.077996391940562,16.908990772535724,16.311646131182673,3.208390203111239,2.756176692057967,3.20839020311089,3.20839020311089,3.203615843568212,2.788105736080788,3.20839020311089,3.20839020311089,3.20839020311089,-5.329910864871786,-5.3,-5.6,-4.7,-6.1,-6.2,26.117286323851093,-7.9,26.16746205245944,0.0,0.0,0.0,0.0,0.0,0.0,0.0,0.0,0.0,0.0,0.0,0.0,0.0,0.0,0.0,0.0,0.0,0.0,0.0,0.0,0.0,0.0,0.0,0.0,0.0,0.0,0.0,0.0,0.0,0.0,0.0,0.0,0.0,0.0,0.0,0.0,0.0,0.0,0.0,0.0,0.0,0.0,0.0,0.0,0.0,0.0,0.0,0.0,0.0,0.0,0.0,0.0,0.0,0.0
456.6982584984952,456.6982584984952,456.6982584984952,456.6982584984952,456.6982584984952,456.6982584984952,456.6982584984952,456.6982584984952,456.6982584984952,0.0,0.0,0.0,456.6982584984952,456.6982584984952,456.6982584984952,456.6982584984952,456.6982584984952,0.0,4.170332899032712,4.170332899032233,4.170332899032233,4.170332899032233,4.170332899032233,4.170332899032233,4.170332899032233,4.170332899032233,4.170332899032233,0.0,0.0,0.0,0.0,0.0,0.0,0.0,0.0,0.0,17.33145129851933,18.480781721764576,17.413945017295326,15.341832073714682,16.962763412644996,16.139759816699435,16.139759816699435,16.9739464519543,17.817914325462304,3.2300756096716663,3.2300756096713164,3.0659084975751276,3.2300756096713164,3.2300756096713164,3.2300756096713164,3.2300756096713164,3.2300756096713164,3.2300756096713177,-5.4,-5.3,-5.6,-4.7,-6.1,-6.2,26.040498382241328,-7.9,-6.338471450659102,0.0,0.0,0.0,0.0,0.0,0.0,0.0,0.0,0.0,0.0,0.0,0.0,0.0,0.0,0.0,0.0,0.0,0.0,0.0,0.0,0.0,0.0,0.0,0.0,0.0,0.0,0.0,0.0,0.0,0.0,0.0,0.0,0.0,0.0,0.0,0.0,0.0,0.0,0.0,0.0,0.0,0.0,0.0,0.0,0.0,0.0,0.0,0.0,0.0,0.0,0.0,0.0,0.0,0.0
451.1307687287263,451.1307687287263,451.1307687287263,451.1307687287263,451.1307687287263,451.1307687287263,451.1307687287263,451.1307687287263,451.1307687287263,0.0,0.0,0.0,451.1307687287263,451.1307687287263,451.1307687287263,451.1307687287263,451.1307687287263,0.0,4.170332899032712,4.170332899032233,4.170332899032233,4.170332899032233,4.170332899032233,4.170332899032233,4.170332899032233,4.170332899032233,4.170332899032233,0.0,0.0,0.0,0.0,0.0,0.0,0.0,0.0,0.0,18.81615270237033,19.587698346226734,18.4569628683429,16.260739575993217,17.978757492384734,17.106459641679837,18.553602872007364,19.437788743829525,20.40426223178723,3.1332959821836095,3.0133811007311966,3.1332959821832604,3.133295982160882,3.1332959821832604,2.7362158169205286,3.1332959821832604,3.1332959821832604,1.577365030986877,-5.4,-5.3,1.2384310572871233,46.12503335886428,-6.1,-6.2,-5.8587456038343815,-6.116043692534628,33.81938732146538,0.0,0.0,0.0,0.0,0.0,0.0,0.0,0.0,0.0,0.0,0.0,0.0,0.0,0.0,0.0,0.0,0.0,0.0,0.0,0.0,0.0,0.0,0.0,0.0,0.0,0.0,0.0,0.0,0.0,0.0,0.0,0.0,0.0,0.0,0.0,0.0,0.0,0.0,0.0,0.0,0.0,0.0,0.0,0.0,0.0,0.0,0.0,0.0,0.0,0.0,0.0,0.0,0.0,0.0
455.7054149641989,455.7054149641989,455.7054149641989,455.7054149641989,455.7054149641989,455.7054149641989,455.7054149641989,455.7054149641989,455.7054149641989,0.0,0.0,0.0,455.7054149641989,455.7054149641989,455.7054149641989,455.7054149641989,455.7054149641989,0.0,4.170332899032712,4.170332899032233,4.170332899032233,4.170332899032233,4.170332899032233,4.170332899032233,4.170332899032233,4.170332899032233,4.170332899032233,0.0,0.0,0.0,0.0,0.0,0.0,0.0,0.0,0.0,16.090604654779117,16.287978056669743,15.347724928092351,15.740708109736525,17.403782438110962,16.559381370833087,17.891430619872715,18.816152702368964,19.7517175946449,3.2128170189285394,3.147321857193215,3.2128170189281655,3.0899668229920323,3.2087674351166506,3.2128170189281655,3.2128170189281655,3.2128170189281655,3.2128170189281655,-5.4,-5.3,-5.6,27.252281850814263,-6.065201194220944,-6.2,-6.1,-7.9,26.887826326401147,0.0,0.0,0.0,0.0,0.0,0.0,0.0,0.0,0.0,0.0,0.0,0.0,0.0,0.0,0.0,0.0,0.0,0.0,0.0,0.0,0.0,0.0,0.0,0.0,0.0,0.0,0.0,0.0,0.0,0.0,0.0,0.0,0.0,0.0,0.0,0.0,0.0,0.0,0.0,0.0,0.0,0.0,0.0,0.0,0.0,0.0,0.0,0.0,0.0,0.0,0.0,0.0,0.0,0.0
454.5465157315086,454.5465157315086,454.5465157315086,454.5465157315086,454.5465157315086,454.5465157315086,454.5465157315086,454.5465157315086,454.5465157315086,0.0,0.0,0.0,454.5465157315086,454.5465157315086,454.5465157315086,454.5465157315086,454.5465157315086,0.0,4.170332899032712,4.170332899032712,4.170332899032712,4.170332899032233,4.170332899032233,4.170332899032233,4.170332899032233,4.170332899032233,4.170332899032233,0.0,0.0,0.0,0.0,0.0,0.0,0.0,0.0,0.0,14.890659136838355,15.029156416707332,14.161571054575692,14.524182404217527,16.05872549647783,15.279584238158344,16.508685631156375,17.361940269114857,17.361940269114857,3.192671883387365,2.8401379345788884,3.192671883387365,2.6628393665988423,2.8297463441241377,2.9280642298484367,3.192671883387016,3.192671883387016,3.192671883387016,-5.218493625111869,-2.72251579080893,-5.6,-4.7,-6.1,-3.4347038535310115,28.40980047945081,26.45828261454454,-5.937636434604361,0.0,0.0,0.0,0.0,0.0,0.0,0.0,0.0,0.0,0.0,0.0,0.0,0.0,0.0,0.0,0.0,0.0,0.0,0.0,0.0,0.0,0.0,0.0,0.0,0.0,0.0,0.0,0.0,0.0,0.0,0.0,0.0,0.0,0.0,0.0,0.0,0.0,0.0,0.0,0.0,0.0,0.0,0.0,0.0,0.0,0.0,0.0,0.0,0.0,0.0,0.0,0.0,0.0,0.0
454.82797942611717,454.82797942611717,454.82797942611717,454.82797942611717,454.82797942611717,454.82797942611717,454.82797942611717,454.82797942611717,454.82797942611717,0.0,0.0,0.0,454.82797942611717,454.82797942611717,454.82797942611717,454.82797942611717,454.82797942611717,0.0,4.170332899032712,4.170332899032233,4.170332899032712,4.170332899032233,4.170332899032233,4.170332899032233,4.170332899032233,4.170332899032233,4.170332899032233,0.0,0.0,0.0,0.0,0.0,0.0,0.0,0.0,0.0,16.342566944733218,16.494568346895644,15.542389418440406,14.06404701363537,15.54997479899087,14.795517234199732,16.04716328213463,16.811902893883776,16.047163282134623,3.1975645644055755,3.1975645644052255,3.0846240535636764,3.1975645644052255,2.353072086204673,2.7581062033252635,3.1975645644052277,3.1975645644052255,3.1975645644052255,-5.4,-5.3,24.496150443826362,-4.7,-6.1,-2.8133721712664697,-5.590111863759052,27.25759179212694,26.90831314744875,0.0,0.0,0.0,0.0,0.0,0.0,0.0,0.0,0.0,0.0,0.0,0.0,0.0,0.0,0.0,0.0,0.0,0.0,0.0,0.0,0.0,0.0,0.0,0.0,0.0,0.0,0.0,0.0,0.0,0.0,0.0,0.0,0.0,0.0,0.0,0.0,0.0,0.0,0.0,0.0,0.0,0.0,0.0,0.0,0.0,0.0,0.0,0.0,0.0,0.0,0.0,0.0,0.0,0.0
454.82797942611717,454.82797942611717,454.82797942611717,454.82797942611717,454.82797942611717,454.82797942611717,454.82797942611717,454.82797942611717,454.82797942611717,0.0,0.0,0.0,454.82797942611717,454.82797942611717,454.82797942611717,454.82797942611717,454.82797942611717,0.0,4.170332899032712,4.170332899032233,4.170332899032712,4.170332899032233,4.170332899032233,4.170332899032233,4.170332899032233,4.170332899032233,4.170332899032233,0.0,0.0,0.0,0.0,0.0,0.0,0.0,0.0,0.0,15.393857908392302,14.436505048994947,15.320933790169159,14.064047013635367,15.549974798990869,14.79551723419973,16.047163282134626,16.811902893883772,16.047163282134623,3.1975645644055755,3.1975645644052255,3.1967616325842627,3.1975645644052255,3.022999529577144,2.7581062033252635,3.1975645644052264,3.1975645644052255,3.1975645644052255,-5.4,-5.3,26.002998083717483,-4.7,-6.1,27.784220115972687,-6.1,-5.812651090778043,24.915343605448342,0.0,0.0,0.0,0.0,0.0,0.0,0.0,0.0,0.0,0.0,0.0,0.0,0.0,0.0,0.0,0.0,0.0,0.0,0.0,0.0,0.0,0.0,0.0,0.0,0.0,0.0,0.0,0.0,0.0,0.0,0.0,0.0,0.0,0.0,0.0,0.0,0.0,0.0,0.0,0.0,0.0,0.0,0.0,0.0,0.0,0.0,0.0,0.0,0.0,0.0,0.0,0.0,0.0,0.0
455.4724525417941,455.4724525417941,455.4724525417941,455.4724525417941,455.4724525417941,455.4724525417941,455.4724525417941,455.4724525417941,455.4724525417941,0.0,0.0,0.0,455.4724525417941,455.4724525417941,455.4724525417941,455.4724525417941,455.4724525417941,0.0,4.170332899032233,4.170332899032233,4.170332899032233,4.170332899032233,4.170332899032233,4.170332899032233,4.170332899032233,4.170332899032233,4.170332899032233,0.0,0.0,0.0,0.0,0.0,0.0,0.0,0.0,0.0,15.988680707265974,14.99433547657838,15.91293878155331,18.062187076100653,17.403782438110962,17.16921714775703,17.891430619872715,18.816152702368964,17.924902015349616,3.1770310784840934,3.1998328128391487,3.150437759555275,3.208767435113665,3.208767435113666,2.9810963604626854,3.208767435113666,3.208767435113666,3.208767435113665,-5.4,-5.3,27.058968223894524,-4.7,-6.1,28.394383003690795,-6.1,-7.9,27.68371045752672,0.0,0.0,0.0,0.0,0.0,0.0,0.0,0.0,0.0,0.0,0.0,0.0,0.0,0.0,0.0,0.0,0.0,0.0,0.0,0.0,0.0,0.0,0.0,0.0,0.0,0.0,0.0,0.0,0.0,0.0,0.0,0.0,0.0,0.0,0.0,0.0,0.0,0.0,0.0,0.0,0.0,0.0,0.0,0.0,0.0,0.0,0.0,0.0,0.0,0.0,0.0,0.0,0.0,0.0
448.0775115247158,448.0775115247158,448.0775115247158,448.0775115247158,448.0775115247158,448.0775115247158,448.0775115247158,448.0775115247158,448.0775115247158,0.0,0.0,0.0,448.0775115247158,448.0775115247158,448.0775115247158,448.0775115247158,448.0775115247158,0.0,4.170332899032233,4.170332899032233,4.170332899032233,4.170332899032233,4.170332899032233,4.170332899032233,4.170332899032233,4.170332899032233,4.170332899032233,0.0,0.0,0.0,0.0,0.0,0.0,0.0,0.0,0.0,16.953441110583036,15.974772918072132,16.953441110583036,16.53018078576106,14.950586269112325,15.712951161819262,14.487372978478875,15.236155677592858,15.712951161819353,3.080221238079758,3.080221238079758,3.0802212380797447,3.0537965587315714,3.080221238079758,3.0802212380797256,3.080221238079758,3.080221238079758,3.0802212380797576,-5.4,-4.727814308256103,26.83752441942302,-4.7,-6.1,25.94011640684362,-5.068085116633522,-7.9,26.57113213834255,0.0,0.0,0.0,0.0,0.0,0.0,0.0,0.0,0.0,0.0,0.0,0.0,0.0,0.0,0.0,0.0,0.0,0.0,0.0,0.0,0.0,0.0,0.0,0.0,0.0,0.0,0.0,0.0,0.0,0.0,0.0,0.0,0.0,0.0,0.0,0.0,0.0,0.0,0.0,0.0,0.0,0.0,0.0,0.0,0.0,0.0,0.0,0.0,0.0,0.0,0.0,0.0,0.0,0.0
449.77437155503776,449.77437155503776,449.77437155503776,449.77437155503776,449.77437155503776,449.77437155503776,449.77437155503776,449.77437155503776,449.77437155503776,0.0,0.0,0.0,449.77437155503776,449.77437155503776,449.77437155503776,449.77437155503776,449.77437155503776,0.0,4.170332899032233,4.170332899032233,4.170332899032233,4.170332899032233,4.170332899032233,4.170332899032233,4.170332899032233,4.170332899032233,4.170332899032233,0.0,0.0,0.0,0.0,0.0,0.0,0.0,0.0,0.0,11.134022584967186,10.462808170823998,10.588869875490385,10.324507704190582,9.337916210243637,9.814078105274891,9.04860000434055,8.636997409567641,8.22789518783172,3.1097177416073682,3.1097177416073682,3.1097177416073682,2.020478284401062,2.020478284401062,2.7232452050854916,3.1097177416073682,3.1097177416073682,3.1097177416073682,3.9012652397060577,-3.335292410666265,25.348259713288737,5.453565050553403,4.800787033785489,26.786752839049193,46.12503335886428,9.969879019624146,23.732130962815223,0.0,0.0,0.0,0.0,0.0,0.0,0.0,0.0,0.0,0.0,0.0,0.0,0.0,0.0,0.0,0.0,0.0,0.0,0.0,0.0,0.0,0.0,0.0,0.0,0.0,0.0,0.0,0.0,0.0,0.0,0.0,0.0,0.0,0.0,0.0,0.0,0.0,0.0,0.0,0.0,0.0,0.0,0.0,0.0,0.0,0.0,0.0,0.0,0.0,0.0,0.0,0.0,0.0,0.0
457.7297740697576,457.7297740697576,457.7297740697576,457.7297740697576,457.7297740697576,457.7297740697576,457.7297740697576,457.7297740697576,457.7297740697576,0.0,0.0,0.0,457.7297740697576,457.7297740697576,457.7297740697576,457.7297740697576,457.7297740697576,0.0,4.170332899032233,4.170332899032233,4.170332899032233,4.170332899032233,4.170332899032233,4.170332899032233,4.170332899032233,4.170332899032233,4.170332899032233,0.0,0.0,0.0,0.0,0.0,0.0,0.0,0.0,0.0,19.78487521461446,18.816152702368964,18.816152702368964,18.346387841491726,17.439367414388613,17.439367414388613,17.874294174189945,16.99585984208408,16.190829610859662,1.4569547432256984,3.2480064361053347,3.2480064361053347,1.474446244548684,3.2480064361053347,3.2480064361053347,3.2480064361053347,3.248006436105306,3.2480064361053347,34.18639491551262,-5.3,26.540787315988936,48.33125091223177,-6.1,25.0048496697179,-6.1,-7.9,-11.077871016776,0.0,0.0,0.0,0.0,0.0,0.0,0.0,0.0,-2.7021700899364176,0.0,0.0,0.0,0.0,0.0,0.0,0.0,0.0,-2.7021700899364176,0.0,0.0,0.0,0.0,0.0,0.0,0.0,0.0,0.0,0.0,0.0,0.0,0.0,0.0,0.0,0.0,0.0,0.0,0.0,0.0,0.0,0.0,0.0,0.0,0.0,0.0,0.0,0.0,0.0,0.0,0.0,0.0,0.0,0.0,0.0,0.0
453.3973668719272,453.3973668719272,453.3973668719272,453.3973668719272,453.3973668719272,453.3973668719272,453.3973668719272,453.3973668719272,453.3973668719272,0.0,0.0,0.0,453.3973668719272,453.3973668719272,453.3973668719272,453.3973668719272,453.3973668719272,0.0,4.170332899032233,4.170332899032233,4.170332899032233,4.170332899032233,4.170332899032233,4.170332899032233,4.170332899032233,4.170332899032233,4.170332899032233,0.0,0.0,0.0,0.0,0.0,0.0,0.0,0.0,0.0,22.43535542978505,21.040087797712705,21.336858035219326,20.804161138833575,18.816152702368964,19.775631747397114,18.233172754062007,19.175557845443258,20.12899285385199,0.8369036846355631,2.632744714334872,3.1726962384989923,1.7854092057054334,3.1726962384989923,1.6957067780814896,3.1726962384989923,3.031032013402956,2.704153795963277,-5.4,29.57332699685819,28.566210307217727,3.149315283353205,-6.1,-6.2,46.12503335886428,29.08614422795839,-1.074927303381657,0.0,0.0,0.0,0.0,0.0,0.0,0.0,0.0,0.0,0.0,0.0,0.0,0.0,0.0,0.0,0.0,0.0,0.0,0.0,0.0,0.0,0.0,0.0,0.0,0.0,0.0,0.0,0.0,0.0,0.0,0.0,0.0,0.0,0.0,0.0,0.0,0.0,0.0,0.0,0.0,0.0,0.0,0.0,0.0,0.0,0.0,0.0,0.0,0.0,0.0,0.0,0.0,0.0,0.0
456.08806644402773,456.08806644402773,456.08806644402773,456.08806644402773,456.08806644402773,456.08806644402773,456.08806644402773,456.08806644402773,456.08806644402773,0.0,0.0,0.0,456.08806644402773,456.08806644402773,456.08806644402773,456.08806644402773,456.08806644402773,0.0,4.170332899032233,4.170332899032233,4.170332899032233,4.170332899032233,4.170332899032233,4.170332899032233,4.170332899032233,4.170332899032233,4.170332899032233,0.0,0.0,0.0,0.0,0.0,0.0,0.0,0.0,0.0,17.64596536533699,18.816152702368964,18.554442468499214,18.98453025716265,18.96616612791442,18.045960938178737,18.932748692030355,19.85169562413354,18.911395147018446,3.2194686463593785,3.2194686463593785,3.2194686463593785,3.2194686463593785,3.2194686463593785,3.2015034815638908,3.2194686463593785,3.2194686463593785,3.2194686463593785,-5.4,-5.3,25.362816308517463,26.69545290701501,-6.1,-6.2,27.855704965182476,-6.854260700728404,-5.2786520577823905,0.0,0.0,0.0,0.0,0.0,0.0,0.0,0.0,0.0,0.0,0.0,0.0,0.0,0.0,0.0,0.0,0.0,0.0,0.0,0.0,0.0,0.0,0.0,0.0,0.0,0.0,0.0,0.0,0.0,0.0,0.0,0.0,0.0,0.0,0.0,0.0,0.0,0.0,0.0,0.0,0.0,0.0,0.0,0.0,0.0,0.0,0.0,0.0,0.0,0.0,0.0,0.0,0.0,0.0
456.6230461598461,456.6230461598461,456.6230461598461,456.6230461598461,456.6230461598461,456.6230461598461,456.6230461598461,456.6230461598461,456.6230461598461,0.0,0.0,0.0,456.6230461598461,456.6230461598461,456.6230461598461,456.6230461598461,456.6230461598461,0.0,4.170332899032233,4.170332899032233,4.170332899032233,4.170332899032233,4.170332899032233,4.170332899032233,4.170332899032233,4.170332899032233,4.170332899032233,0.0,0.0,0.0,0.0,0.0,0.0,0.0,0.0,0.0,17.958191190806872,18.816152702368964,18.882742790749678,18.411315438921246,17.71215096097037,17.501085079832606,16.13603609331597,16.970030267201206,16.166223486207233,3.2287681942259416,3.044699333222096,3.1835454249355135,3.2287681942259416,3.2287681942259416,3.2287681942259416,3.228768194225941,3.2287681942259416,3.2287681942259416,-5.4,-5.3,7.23136337527363,27.84774703566828,-6.1,-6.2,-6.1,-7.9,26.051610606517947,0.0,0.0,0.0,0.0,0.0,0.0,0.0,0.0,0.0,0.0,0.0,0.0,0.0,0.0,0.0,0.0,0.0,0.0,0.0,0.0,0.0,0.0,0.0,0.0,0.0,0.0,0.0,0.0,0.0,0.0,0.0,0.0,0.0,0.0,0.0,0.0,0.0,0.0,0.0,0.0,0.0,0.0,0.0,0.0,0.0,0.0,0.0,0.0,0.0,0.0,0.0,0.0,0.0,0.0
455.0230001736318,455.0230001736318,455.0230001736318,455.0230001736318,455.0230001736318,455.0230001736318,455.0230001736318,455.0230001736318,455.0230001736318,0.0,0.0,0.0,455.0230001736318,455.0230001736318,455.0230001736318,455.0230001736318,455.0230001736318,0.0,4.170332899032233,4.170332899032233,4.170332899032233,4.170332899032233,4.170332899032233,4.170332899032233,4.170332899032233,4.170332899032233,4.170332899032233,0.0,0.0,0.0,0.0,0.0,0.0,0.0,0.0,0.0,18.37083541992173,18.201543766815277,19.31663141347755,18.834371580019315,18.816152702368964,17.90322590151725,17.1417982949563,18.02777548447382,18.924141181324437,3.200954608406634,3.200954608406634,3.200954608406634,3.200954608406634,2.939821832894511,3.200954608406634,3.200954608406634,3.200954608406634,2.6672803414556223,-5.4,-5.3,48.252803814915914,-4.7,-6.1,26.54012732278982,27.393017351245355,-6.190773172284964,48.2845378251441,0.0,0.0,0.0,0.0,0.0,0.0,0.0,0.0,0.0,0.0,0.0,0.0,0.0,0.0,0.0,0.0,0.0,0.0,0.0,0.0,0.0,0.0,0.0,0.0,0.0,0.0,0.0,0.0,0.0,0.0,0.0,0.0,0.0,0.0,0.0,0.0,0.0,0.0,0.0,0.0,0.0,0.0,0.0,0.0,0.0,0.0,0.0,0.0,0.0,0.0,0.0,0.0,0.0,0.0
455.62989163288313,455.62989163288313,455.62989163288313,455.62989163288313,455.62989163288313,455.62989163288313,455.62989163288313,455.62989163288313,455.62989163288313,0.0,0.0,0.0,455.62989163288313,455.62989163288313,455.62989163288313,455.62989163288313,455.62989163288313,0.0,4.170332899032233,4.170332899032233,4.170332899032233,4.170332899032233,4.170332899032233,4.170332899032233,4.170332899032233,4.170332899032233,4.170332899032233,0.0,0.0,0.0,0.0,0.0,0.0,0.0,0.0,0.0,16.086865534311,16.086865534311,16.086865534311,15.99860030269262,16.086865534311,16.086865534311,16.086865534311,16.91831831826009,17.759520284744998,3.211504197499902,3.211504197499927,3.2115041974999015,3.1805138915013687,3.211504197499902,3.211504197499902,3.211504197499902,3.211504197499902,3.2115041974999015,26.106259681641262,-5.3,26.10625968164126,24.975719972923866,-6.1,26.863750896810483,26.2612269032177,-7.9,-6.188340702381726,0.0,0.0,0.0,0.0,0.0,0.0,0.0,0.0,0.0,0.0,0.0,0.0,0.0,0.0,0.0,0.0,0.0,0.0,0.0,0.0,0.0,0.0,0.0,0.0,0.0,0.0,0.0,0.0,0.0,0.0,0.0,0.0,0.0,0.0,0.0,0.0,0.0,0.0,0.0,0.0,0.0,0.0,0.0,0.0,0.0,0.0,0.0,0.0,0.0,0.0,0.0,0.0,0.0,0.0
454.3501238919659,454.3501238919659,454.3501238919659,454.3501238919659,454.3501238919659,454.3501238919659,454.3501238919659,454.3501238919659,454.3501238919659,0.0,0.0,0.0,454.3501238919659,454.3501238919659,454.3501238919659,454.3501238919659,454.3501238919659,0.0,4.170332899032233,4.170332899032233,4.170332899032233,4.170332899032233,4.170332899032233,4.170332899032233,4.170332899032233,4.170332899032233,4.170332899032233,0.0,0.0,0.0,0.0,0.0,0.0,0.0,0.0,0.0,16.023504905618246,16.023504905618246,15.749384066210101,14.186484027117906,15.097240747696565,14.59699544457757,14.685750903387735,13.964017912950634,14.658328015611747,3.1892580057045024,3.1892580057045024,3.1892580057045024,2.544272000381839,2.8640426387571334,3.1892580057045024,3.1892580057045024,2.4661631819270693,2.70993847311273,-3.605467040944266,45.959345013024844,-5.6,-4.7,-6.1,26.292574642041824,-5.134391308349386,-5.2333604848402375,46.12503335886428,0.0,0.0,0.0,0.0,0.0,0.0,0.0,0.0,0.0,0.0,0.0,0.0,0.0,0.0,0.0,0.0,0.0,0.0,0.0,0.0,0.0,0.0,0.0,0.0,0.0,0.0,0.0,0.0,0.0,0.0,0.0,0.0,0.0,0.0,0.0,0.0,0.0,0.0,0.0,0.0,0.0,0.0,0.0,0.0,0.0,0.0,0.0,0.0,0.0,0.0,0.0,0.0,0.0,0.0
453.60185923894005,453.60185923894005,453.60185923894005,453.60185923894005,453.60185923894005,453.60185923894005,453.60185923894005,453.60185923894005,453.60185923894005,0.0,0.0,0.0,453.60185923894005,453.60185923894005,453.60185923894005,453.60185923894005,453.60185923894005,0.0,4.170332899032599,4.170332899032233,4.170332899032233,4.170332899032233,4.170332899032233,4.170332899032233,4.170332899032233,4.170332899032233,4.170332899032233,0.0,0.0,0.0,0.0,0.0,0.0,0.0,0.0,0.0,15.986458715651525,15.160714172600589,16.08951039477963,17.564954301661402,17.547963357631417,16.69656688445502,15.986458715650754,16.23078539693772,15.986458715650727,3.176250927582142,2.886328433791981,3.176250927581873,2.6513912986936816,2.4247083129213265,3.176250927581873,3.1762509275818718,2.312686525872228,3.176250927581862,26.231091375458057,-5.3,-5.449637837424859,29.920989944932526,-2.429528481660687,-2.455528316226642,27.402463402203935,-7.9,-2.9093349426390795,0.0,0.0,0.0,0.0,0.0,0.0,0.0,0.0,0.0,0.0,0.0,0.0,0.0,0.0,0.0,0.0,0.0,0.0,0.0,0.0,0.0,0.0,0.0,0.0,0.0,0.0,0.0,0.0,0.0,0.0,0.0,0.0,0.0,0.0,0.0,0.0,0.0,0.0,0.0,0.0,0.0,0.0,0.0,0.0,0.0,0.0,0.0,0.0,0.0,0.0,0.0,0.0,0.0,0.0
455.576756994045,455.576756994045,455.576756994045,455.576756994045,455.576756994045,455.576756994045,455.576756994045,455.576756994045,455.576756994045,0.0,0.0,0.0,455.576756994045,455.576756994045,455.576756994045,455.576756994045,455.576756994045,0.0,4.170332899032233,4.170332899032233,4.170332899032599,4.170332899032233,4.170332899032233,4.170332899032233,4.170332899032233,4.170332899032233,4.170332899032233,0.0,0.0,0.0,0.0,0.0,0.0,0.0,0.0,0.0,18.138294405399655,18.306997779342034,17.250193068714548,15.197565229276234,15.212280383105771,15.987989662550827,14.797655022681449,14.070422490873165,13.403959271212731,3.2105805585451423,3.2105805585232496,3.2105805585235165,2.8992669997687313,2.904433554159757,3.2105805585232496,3.2105805585232496,2.5035222911595802,3.2105805585471514,-5.4,-5.3,-5.6,-4.220297766395138,-4.237048871103665,26.088861853975757,-5.518022804165552,-7.9,12.084715868016392,0.0,0.0,0.0,0.0,0.0,0.0,0.0,0.0,0.0,0.0,0.0,0.0,0.0,0.0,0.0,0.0,0.0,0.0,0.0,0.0,0.0,0.0,0.0,0.0,0.0,0.0,0.0,0.0,0.0,0.0,0.0,0.0,0.0,0.0,0.0,0.0,0.0,0.0,0.0,0.0,0.0,0.0,0.0,0.0,0.0,0.0,0.0,0.0,0.0,0.0,0.0,0.0,0.0,0.0
456.61983493507637,456.61983493507637,456.61983493507637,456.61983493507637,456.61983493507637,456.61983493507637,456.61983493507637,456.61983493507637,456.61983493507637,0.0,0.0,0.0,456.61983493507637,456.61983493507637,456.61983493507637,456.61983493507637,456.61983493507637,0.0,4.170332899032233,4.170332899032599,4.170332899032599,4.170332899032233,4.170332899032233,4.170332899032233,4.170332899032233,4.170332899032233,4.170332899032233,0.0,0.0,0.0,0.0,0.0,0.0,0.0,0.0,0.0,16.13587710726422,17.20592335703845,16.966609492140414,15.897420585098262,16.579430441182875,15.775025490179955,17.043980554817015,17.924902015349616,18.816152702368964,3.2287123735329826,2.403819297741356,3.2287123735332566,3.1449892534122608,3.2287123735329826,3.1020158042444472,3.2287123735329826,3.2287123735329826,3.2287123735329826,-5.4,-5.3,-5.6,-4.7,-6.1,-6.2,-6.1,26.42951446176459,27.792280464550014,0.0,0.0,0.0,0.0,0.0,0.0,0.0,0.0,0.0,0.0,0.0,0.0,0.0,0.0,0.0,0.0,0.0,0.0,0.0,0.0,0.0,0.0,0.0,0.0,0.0,0.0,0.0,0.0,0.0,0.0,0.0,0.0,0.0,0.0,0.0,0.0,0.0,0.0,0.0,0.0,0.0,0.0,0.0,0.0,0.0,0.0,0.0,0.0,0.0,0.0,0.0,0.0,0.0,0.0
455.1616004454309,455.1616004454309,455.1616004454309,455.1616004454309,455.1616004454309,455.1616004454309,455.1616004454309,455.1616004454309,455.1616004454309,0.0,0.0,0.0,455.1616004454309,455.1616004454309,455.1616004454309,455.1616004454309,455.1616004454309,0.0,4.170332899032233,4.170332899032599,4.170332899032599,4.170332899033544,4.170332899032233,4.170332899032233,4.170332899032233,4.170332899032233,4.170332899032233,0.0,0.0,0.0,0.0,0.0,0.0,0.0,0.0,0.0,18.816152702368964,20.063940690620615,18.905713258074304,18.816152702372698,19.37533326766549,19.79477964766329,21.267852015908506,20.94770092191834,19.95548677838702,3.2033638957567963,2.4609796444129994,3.2033638957570454,3.2033638957577497,3.2033638957567963,3.2033638957567963,3.2033638957567963,3.2033638957567963,3.2033638957567963,-5.4,-5.3,-5.6,-4.062990617877392,-5.2131906483182044,-6.2,-4.580943709948068,-4.687898818941863,-569.9031672998435,0.0,0.0,0.0,0.0,0.0,0.0,0.0,0.0,-1067.7080720721515,0.0,0.0,0.0,0.0,0.0,0.0,0.0,0.0,-1067.7080720721515,0.0,0.0,0.0,0.0,0.0,0.0,0.0,0.0,0.0,0.0,0.0,0.0,0.0,0.0,0.0,0.0,0.0,0.0,0.0,0.0,0.0,0.0,0.0,0.0,0.0,0.0,0.0,0.0,0.0,0.0,0.0,0.0,0.0,0.0,0.0,0.0
454.9516795184905,454.9516795184905,454.9516795184905,454.9516795184905,454.9516795184905,454.9516795184905,454.9516795184905,454.9516795184905,454.9516795184905,0.0,0.0,0.0,454.9516795184905,454.9516795184905,454.9516795184905,454.9516795184905,454.9516795184905,0.0,4.170332899032599,4.170332899032599,4.170332899032599,4.170332899032233,4.170332899032233,4.170332899032233,4.170332899032233,4.170332899032233,4.170332899032233,0.0,0.0,0.0,0.0,0.0,0.0,0.0,0.0,0.0,12.824835733684893,12.944118892849259,12.196896110295505,11.892387888289752,10.755972567630726,11.304444428525011,10.462808170823998,9.948612207731871,9.47738370500433,2.7777464740508493,1.9302596416720945,3.19971484206295,1.8456726075550127,1.3398045344080465,2.6551617430462873,3.1997148420626957,2.526121390235254,3.199714842062696,-3.488122156946291,-5.3,-4.4850994142745995,30.877300095673267,1.6282546232877886,26.149254709790885,25.616797135723417,-7.9,25.907217968331274,0.0,0.0,0.0,0.0,0.0,0.0,0.0,0.0,0.0,0.0,0.0,0.0,0.0,0.0,0.0,0.0,0.0,0.0,0.0,0.0,0.0,0.0,0.0,0.0,0.0,0.0,0.0,0.0,0.0,0.0,0.0,0.0,0.0,0.0,0.0,0.0,0.0,0.0,0.0,0.0,0.0,0.0,0.0,0.0,0.0,0.0,0.0,0.0,0.0,0.0,0.0,0.0,0.0,0.0
454.0877021746883,454.0877021746883,454.0877021746883,454.0877021746883,454.0877021746883,454.0877021746883,454.0877021746883,454.0877021746883,454.0877021746883,0.0,0.0,0.0,454.0877021746883,454.0877021746883,454.0877021746883,454.0877021746883,454.0877021746883,0.0,4.170332899032233,4.170332899032599,4.170332899032599,4.170332899032233,4.170332899032233,4.170332899032233,4.170332899032233,4.170332899032233,4.170332899032233,0.0,0.0,0.0,0.0,0.0,0.0,0.0,0.0,0.0,16.010512544225058,16.659757964561393,15.698043165276863,13.830108105222909,14.217623123585534,14.54941117754259,13.830108105223092,13.15042578277893,12.527539361793247,3.18469633121687,3.1846963312171432,3.074986975775044,2.3122791464506007,0.6113821870337444,2.3204420648961976,3.166041842718705,2.4941032544847834,3.184696331216871,-3.257995984375689,-5.3,27.300169460316276,-4.7,6.326180230953163,29.476347206504663,-4.699999999999953,-2.7799836501896933,25.358676002533997,0.0,0.0,0.0,0.0,0.0,0.0,0.0,0.0,0.0,0.0,0.0,0.0,0.0,0.0,0.0,0.0,0.0,0.0,0.0,0.0,0.0,0.0,0.0,0.0,0.0,0.0,0.0,0.0,0.0,0.0,0.0,0.0,0.0,0.0,0.0,0.0,0.0,0.0,0.0,0.0,0.0,0.0,0.0,0.0,0.0,0.0,0.0,0.0,0.0,0.0,0.0,0.0,0.0,0.0
457.1915577132822,457.1915577132822,457.1915577132822,457.1915577132822,457.1915577132822,457.1915577132822,457.1915577132822,457.1915577132822,457.1915577132822,0.0,0.0,0.0,457.1915577132822,457.1915577132822,457.1915577132822,457.1915577132822,457.1915577132822,0.0,4.170332899032599,4.170332899032599,4.170332899032599,4.170332899032233,4.170332899032233,4.170332899032233,4.170332899032233,4.170332899032233,4.170332899032233,0.0,0.0,0.0,0.0,0.0,0.0,0.0,0.0,0.0,25.32419397896248,23.74926781932346,24.084251015169027,22.49625065671669,22.51803281616179,23.666279270371493,21.82035769549339,20.82779355938064,20.974155417873177,3.2386506257419234,3.2386506257419234,3.2386506257419234,1.8107144777789717,3.2386506257416583,3.2386506257416583,3.2386506257416583,3.2386506257416583,3.2386506257416583,-5.4,-5.3,28.803509543636025,-4.7,-6.1,27.621191747320662,-6.1,-7.275820426437288,-24.88102750529171,0.0,0.0,0.0,0.0,0.0,0.0,0.0,0.0,-29.008143037172093,0.0,0.0,0.0,0.0,0.0,0.0,0.0,0.0,-29.008143037172093,0.0,0.0,0.0,0.0,0.0,0.0,0.0,0.0,0.0,0.0,0.0,0.0,0.0,0.0,0.0,0.0,0.0,0.0,0.0,0.0,0.0,0.0,0.0,0.0,0.0,0.0,0.0,0.0,0.0,0.0,0.0,0.0,0.0,0.0,0.0,0.0
456.11002277952406,456.11002277952406,456.11002277952406,456.11002277952406,456.11002277952406,456.11002277952406,456.11002277952406,456.11002277952406,456.11002277952406,0.0,0.0,0.0,456.11002277952406,456.11002277952406,456.11002277952406,456.11002277952406,456.11002277952406,0.0,4.170332899032233,4.170332899032233,4.170332899032233,4.170332899032233,4.170332899032233,4.170332899032233,4.170332899032233,4.170332899032233,4.170332899032233,0.0,0.0,0.0,0.0,0.0,0.0,0.0,0.0,0.0,14.97373201098357,14.042507022298329,14.303920875683287,13.830108105223108,14.901346642401851,14.178359380669136,15.3777961562889,16.110636575206456,16.11063657520654,2.8206781851206597,2.4937210489562296,2.585504587730385,2.4191468671042293,2.639276502994407,3.219850313153249,3.219850313153249,3.2198503131532186,3.219850313153249,-5.4,-5.3,28.322921903249796,-4.7,-6.1,-6.2,-6.1,-7.9,-11.142203664838862,0.0,0.0,0.0,0.0,0.0,0.0,0.0,0.0,-2.824774865226311,0.0,0.0,0.0,0.0,0.0,0.0,0.0,0.0,-2.824774865226311,0.0,0.0,0.0,0.0,0.0,0.0,0.0,0.0,0.0,0.0,0.0,0.0,0.0,0.0,0.0,0.0,0.0,0.0,0.0,0.0,0.0,0.0,0.0,0.0,0.0,0.0,0.0,0.0,0.0,0.0,0.0,0.0,0.0,0.0,0.0,0.0
456.7083064348874,456.7083064348874,456.7083064348874,456.7083064348874,456.7083064348874,456.7083064348874,456.7083064348874,456.7083064348874,456.7083064348874,0.0,0.0,0.0,456.7083064348874,456.7083064348874,456.7083064348874,456.7083064348874,456.7083064348874,0.0,4.170332899032233,4.170332899032599,4.170332899032233,4.170332899032233,4.170332899032233,4.170332899032233,4.170332899032233,4.170332899032233,4.170332899032233,0.0,0.0,0.0,0.0,0.0,0.0,0.0,0.0,0.0,14.973732010984447,14.042507022299151,14.599897119832818,13.830108105223108,14.221625280584815,13.531616909815082,14.676341663890577,15.37575374243762,16.14025728475283,2.8206781851209675,2.4937210489565182,2.689423131944348,2.4191468671042293,3.2302502728644735,2.314345312585493,3.212839728255562,3.2302502728644735,3.230250272864474,-5.4,-5.3,-5.6,-4.7,-6.1,-6.2,-6.1,-6.89928095116973,2.8587460720156956,0.0,0.0,0.0,0.0,0.0,0.0,0.0,0.0,0.0,0.0,0.0,0.0,0.0,0.0,0.0,0.0,0.0,0.0,0.0,0.0,0.0,0.0,0.0,0.0,0.0,0.0,0.0,0.0,0.0,0.0,0.0,0.0,0.0,0.0,0.0,0.0,0.0,0.0,0.0,0.0,0.0,0.0,0.0,0.0,0.0,0.0,0.0,0.0,0.0,0.0,0.0,0.0,0.0,0.0
454.9156257012262,454.9156257012262,454.9156257012262,454.9156257012262,454.9156257012262,454.9156257012262,454.9156257012262,454.9156257012262,454.9156257012262,0.0,0.0,0.0,454.9156257012262,454.9156257012262,454.9156257012262,454.9156257012262,454.9156257012262,0.0,4.170332899032599,4.170332899032233,4.170332899032233,4.170332899032233,4.170332899032233,4.170332899032233,4.170332899032233,4.170332899032233,4.170332899032233,0.0,0.0,0.0,0.0,0.0,0.0,0.0,0.0,0.0,14.973732010983614,14.04250702229837,14.240576449777135,14.067850079269721,15.554179675063578,14.799518097043926,16.051502603181262,16.81644900853213,17.652585893366737,3.199088118862972,3.199088118862717,2.563264084803701,2.502619106278249,3.0244758798204945,2.3016663007132045,3.1990881188625755,3.199088118862717,3.1990881188627163,-5.2886656952886595,-5.3,30.20473761133775,-4.7,-6.1,-6.2,26.903442645109966,-7.9,48.38734687670295,0.0,0.0,0.0,0.0,0.0,0.0,0.0,0.0,0.0,0.0,0.0,0.0,0.0,0.0,0.0,0.0,0.0,0.0,0.0,0.0,0.0,0.0,0.0,0.0,0.0,0.0,0.0,0.0,0.0,0.0,0.0,0.0,0.0,0.0,0.0,0.0,0.0,0.0,0.0,0.0,0.0,0.0,0.0,0.0,0.0,0.0,0.0,0.0,0.0,0.0,0.0,0.0,0.0,0.0
457.12402396665385,457.12402396665385,457.12402396665385,457.12402396665385,457.12402396665385,457.12402396665385,457.12402396665385,457.12402396665385,457.12402396665385,0.0,0.0,0.0,457.12402396665385,457.12402396665385,457.12402396665385,457.12402396665385,457.12402396665385,0.0,4.170332899032599,4.170332899032233,4.170332899032233,4.170332899032233,4.170332899032233,4.170332899032233,4.170332899032233,4.170332899032233,4.170332899032233,0.0,0.0,0.0,0.0,0.0,0.0,0.0,0.0,0.0,20.291472983775712,20.48020296456181,19.29794603590369,18.816152702368967,17.018114797139916,17.885907740363823,17.018114797139916,16.181757503260698,16.16083924140728,3.237476687196584,2.9771529561505856,3.2374766871963114,3.2374766871963114,3.2374766871963114,3.2374766871963114,3.2374766871963114,3.237476687188691,3.2374766871963114,-5.4,-5.3,26.68797745572759,46.12503335886428,-6.1,-6.2,24.958112828436384,-7.9,-9.602707435131006,0.0,0.0,0.0,0.0,0.0,0.0,0.0,0.0,0.0,0.0,0.0,0.0,0.0,0.0,0.0,0.0,0.0,0.0,0.0,0.0,0.0,0.0,0.0,0.0,0.0,0.0,0.0,0.0,0.0,0.0,0.0,0.0,0.0,0.0,0.0,0.0,0.0,0.0,0.0,0.0,0.0,0.0,0.0,0.0,0.0,0.0,0.0,0.0,0.0,0.0,0.0,0.0,0.0,0.0
479.34243233621794,479.34243233621794,479.34243233621794,479.34243233621794,479.34243233621794,479.34243233621794,479.34243233621794,479.34243233621794,479.34243233621794,0.0,0.0,0.0,479.34243233621794,479.34243233621794,479.34243233621794,479.34243233621794,479.34243233621794,0.0,4.170332899032233,4.170332899032233,4.170332899032233,4.170332899032233,4.170332899032233,4.170332899032233,4.170332899032233,4.170332899032233,4.170332899032233,0.0,0.0,0.0,0.0,0.0,0.0,0.0,0.0,0.0,21.584875444790057,23.01627051975276,21.687614483436498,19.106970830210148,20.343141140604594,20.100723208450955,18.53290774336495,18.816152702368964,19.7517175946449,3.6236990916019445,3.6236990916019445,3.6236990916019445,3.6236990916019445,3.6236990916019445,3.219838119006084,3.6236990916019445,3.6236990916019445,-2.222309743834571,-5.4,-5.3,-5.6,25.043126863593297,-6.1,-6.2,24.919848174119714,-7.9,48.21762579469469,0.0,0.0,0.0,0.0,0.0,0.0,0.0,0.0,0.0,0.0,0.0,0.0,0.0,0.0,0.0,0.0,0.0,0.0,0.0,0.0,0.0,0.0,0.0,0.0,0.0,0.0,0.0,0.0,0.0,0.0,0.0,0.0,0.0,0.0,0.0,0.0,0.0,0.0,0.0,0.0,0.0,0.0,0.0,0.0,0.0,0.0,0.0,0.0,0.0,0.0,0.0,0.0,0.0,0.0
456.84830254538497,456.84830254538497,456.84830254538497,456.84830254538497,456.84830254538497,456.84830254538497,456.84830254538497,456.84830254538497,456.84830254538497,0.0,0.0,0.0,456.84830254538497,456.84830254538497,456.84830254538497,456.84830254538497,456.84830254538497,0.0,4.170332899032233,4.170332899032233,4.170332899032233,4.170332899032233,4.170332899032233,4.170332899032233,4.170332899032233,4.170332899032233,4.170332899032233,0.0,0.0,0.0,0.0,0.0,0.0,0.0,0.0,0.0,20.205457695175294,21.54537706168811,20.301631022852042,17.88590774036382,19.775631747397114,18.816152702368964,20.407929643618527,19.404979492331336,20.369821659352763,3.2326838240669034,3.2326838240669034,2.9869304917046944,3.2326838240669034,3.2326838240669034,3.232683824066904,3.2326838240669034,3.2326838240669034,3.2326838240669034,-5.4,-5.3,-5.6,26.404648564993963,-6.1,-6.2,27.348725900977175,-6.183079166574009,28.109435228067763,0.0,0.0,0.0,0.0,0.0,0.0,0.0,0.0,0.0,0.0,0.0,0.0,0.0,0.0,0.0,0.0,0.0,0.0,0.0,0.0,0.0,0.0,0.0,0.0,0.0,0.0,0.0,0.0,0.0,0.0,0.0,0.0,0.0,0.0,0.0,0.0,0.0,0.0,0.0,0.0,0.0,0.0,0.0,0.0,0.0,0.0,0.0,0.0,0.0,0.0,0.0,0.0,0.0,0.0
456.31579061511343,456.31579061511343,456.31579061511343,456.31579061511343,456.31579061511343,456.31579061511343,456.31579061511343,456.31579061511343,456.31579061511343,0.0,0.0,0.0,456.31579061511343,456.31579061511343,456.31579061511343,456.31579061511343,456.31579061511343,0.0,4.170332899032233,4.170332899032233,4.170332899032233,4.170332899032233,4.170332899032233,4.170332899032233,4.170332899032233,4.170332899032233,4.170332899032233,0.0,0.0,0.0,0.0,0.0,0.0,0.0,0.0,0.0,18.816152702368964,19.981274658267434,18.82781927264289,18.357763143680813,16.603528124988646,17.450180337130632,16.150982966750295,15.357240970731393,16.120824032673116,3.2234271736955877,3.2234271736955873,3.2234271736955873,3.2234271736955873,3.223427173695562,3.2234271736955877,3.2234271736955877,3.2234271736955873,3.2234271736955877,-5.4,-5.3,-5.6,25.30414158570224,-6.1,-6.2,26.839409954840654,-6.37934673719779,-8.84304737542956,0.0,0.0,0.0,0.0,0.0,0.0,0.0,0.0,0.0,0.0,0.0,0.0,0.0,0.0,0.0,0.0,0.0,0.0,0.0,0.0,0.0,0.0,0.0,0.0,0.0,0.0,0.0,0.0,0.0,0.0,0.0,0.0,0.0,0.0,0.0,0.0,0.0,0.0,0.0,0.0,0.0,0.0,0.0,0.0,0.0,0.0,0.0,0.0,0.0,0.0,0.0,0.0,0.0,0.0
447.38866089528733,447.38866089528733,447.38866089528733,447.38866089528733,447.38866089528733,447.38866089528733,447.38866089528733,447.38866089528733,447.38866089528733,0.0,0.0,0.0,447.38866089528733,447.38866089528733,447.38866089528733,447.38866089528733,447.38866089528733,0.0,4.170332899032233,4.170332899032233,4.170332899032233,4.170332899032233,4.170332899032233,4.170332899032233,4.170332899032233,4.170332899032233,4.170332899032233,0.0,0.0,0.0,0.0,0.0,0.0,0.0,0.0,0.0,17.522374789035695,16.432648243062438,17.439367414388613,19.79477964765936,18.59193104467762,18.816152702368964,20.40792964361853,19.404979492331336,20.369821659352766,3.0682469534258368,3.0682469534258368,3.0682469534258368,3.0682469534258368,3.0682469534258368,3.0682469534258368,2.799851784031924,3.0682469534258368,3.0682469534258368,25.769150102289313,26.322678818385455,28.125796661313522,27.49741993201875,28.410483067619957,-5.468812418288212,-6.1,29.023548408442977,-5.920930084770501,0.0,0.0,0.0,0.0,0.0,0.0,0.0,0.0,0.0,0.0,0.0,0.0,0.0,0.0,0.0,0.0,0.0,0.0,0.0,0.0,0.0,0.0,0.0,0.0,0.0,0.0,0.0,0.0,0.0,0.0,0.0,0.0,0.0,0.0,0.0,0.0,0.0,0.0,0.0,0.0,0.0,0.0,0.0,0.0,0.0,0.0,0.0,0.0,0.0,0.0,0.0,0.0,0.0,0.0
455.7571338997911,455.7571338997911,455.7571338997911,455.7571338997911,455.7571338997911,455.7571338997911,455.7571338997911,455.7571338997911,455.7571338997911,0.0,0.0,0.0,455.7571338997911,455.7571338997911,455.7571338997911,455.7571338997911,455.7571338997911,0.0,4.170332899032233,4.170332899032233,4.170332899032233,4.170332899032233,4.170332899032233,4.170332899032233,4.170332899032233,4.170332899032233,4.170332899032233,0.0,0.0,0.0,0.0,0.0,0.0,0.0,0.0,0.0,18.991160802610167,18.816152702368964,19.968893354751206,22.665950798122292,21.288632750735076,21.54537706168811,23.368036291755082,23.01627051975276,24.16067102446886,3.053559093290091,3.2137160487472896,3.2137160487472896,3.0149001670165188,3.213716048742304,3.2137160487472896,0.8363332596475623,2.875431398450173,3.2137160487472896,-5.4,-4.858141731385661,26.930730967901386,29.506898686671793,28.128002464386224,-4.246404767514985,37.53308227247195,-5.308755845837464,2.524433017639669,0.0,0.0,0.0,0.0,0.0,0.0,0.0,0.0,0.0,0.0,0.0,0.0,0.0,0.0,0.0,0.0,0.0,0.0,0.0,0.0,0.0,0.0,0.0,0.0,0.0,0.0,0.0,0.0,0.0,0.0,0.0,0.0,0.0,0.0,0.0,0.0,0.0,0.0,0.0,0.0,0.0,0.0,0.0,0.0,0.0,0.0,0.0,0.0,0.0,0.0,0.0,0.0,0.0,0.0
453.81724275357135,453.81724275357135,453.81724275357135,453.81724275357135,453.81724275357135,453.81724275357135,453.81724275357135,453.81724275357135,453.81724275357135,0.0,0.0,0.0,453.81724275357135,453.81724275357135,453.81724275357135,453.81724275357135,453.81724275357135,0.0,4.170332899032233,4.170332899032233,4.170332899032233,4.170332899032233,4.170332899032233,4.170332899032233,4.170332899032233,4.170332899032233,4.170332899032233,0.0,0.0,0.0,0.0,0.0,0.0,0.0,0.0,0.0,15.997122240336349,17.05049629694769,16.066225417454607,16.477606023449606,17.128038420883964,17.334605299736143,18.801048809110327,18.518031213355968,18.816152702368964,3.1799949373915126,3.1799949373915126,3.1799949373915126,3.1799949373915126,3.1799949373915126,3.1799949373915126,0.8820031344740021,3.1799949373915126,3.1799949373915126,-5.4,-2.6637756648219466,26.232673594819328,26.321016606491877,-6.1,44.964252405663935,36.36268238091043,-7.9,26.90869216464612,0.0,0.0,0.0,0.0,0.0,0.0,0.0,0.0,0.0,0.0,0.0,0.0,0.0,0.0,0.0,0.0,0.0,0.0,0.0,0.0,0.0,0.0,0.0,0.0,0.0,0.0,0.0,0.0,0.0,0.0,0.0,0.0,0.0,0.0,0.0,0.0,0.0,0.0,0.0,0.0,0.0,0.0,0.0,0.0,0.0,0.0,0.0,0.0,0.0,0.0,0.0,0.0,0.0,0.0
479.34243233621794,479.34243233621794,479.34243233621794,479.34243233621794,479.34243233621794,479.34243233621794,479.34243233621794,479.34243233621794,479.34243233621794,0.0,0.0,0.0,479.34243233621794,479.34243233621794,479.34243233621794,479.34243233621794,479.34243233621794,0.0,4.170332899032234,4.170332899032233,4.170332899032233,4.170332899032233,4.170332899032233,4.170332899032233,4.170332899032233,4.170332899032233,4.170332899032233,0.0,0.0,0.0,0.0,0.0,0.0,0.0,0.0,0.0,17.894861538340315,17.729956098675256,18.816152702368964,19.08454606527172,17.260860970224197,18.141032100956426,18.152991937344,17.260860970224194,17.260860970224194,3.623699091601945,3.623699091601945,3.623699091601945,3.623699091601945,3.623699091601946,3.623699091601945,3.623699091601945,3.623699091601945,3.623699091601945,-5.4,-5.3,-5.6,25.03831119838731,-6.1,-6.2,23.597985890170847,-7.9,48.419019009406625,0.0,0.0,0.0,0.0,0.0,0.0,0.0,0.0,0.0,0.0,0.0,0.0,0.0,0.0,0.0,0.0,0.0,0.0,0.0,0.0,0.0,0.0,0.0,0.0,0.0,0.0,0.0,0.0,0.0,0.0,0.0,0.0,0.0,0.0,0.0,0.0,0.0,0.0,0.0,0.0,0.0,0.0,0.0,0.0,0.0,0.0,0.0,0.0,0.0,0.0,0.0,0.0,0.0,0.0
447.38866089528733,447.38866089528733,447.38866089528733,447.38866089528733,447.38866089528733,447.38866089528733,447.38866089528733,447.38866089528733,447.38866089528733,0.0,0.0,0.0,447.38866089528733,447.38866089528733,447.38866089528733,447.38866089528733,447.38866089528733,0.0,4.170332899032233,4.170332899032233,4.170332899032233,4.170332899032233,4.170332899032233,4.170332899032233,4.170332899032233,4.170332899032233,4.170332899032233,0.0,0.0,0.0,0.0,0.0,0.0,0.0,0.0,0.0,20.75359772685999,19.462919571661473,19.73744386639765,21.649345490843103,19.58057274905746,20.579031336184283,19.47931346739393,18.522000269521236,19.442939499819246,3.0682469534258368,3.0682469534258368,3.0682469534258368,3.0682469534258368,3.0682469534258368,3.0682469534258368,3.0682469534258368,3.0682469534258368,3.0682469534258368,26.463047582026405,-5.3,6.521872099252203,6.950411765096861,-6.1,46.12503335886428,28.601046343052897,-7.9,3.4914265532150948,0.0,0.0,0.0,0.0,0.0,0.0,0.0,0.0,0.0,0.0,0.0,0.0,0.0,0.0,0.0,0.0,0.0,0.0,0.0,0.0,0.0,0.0,0.0,0.0,0.0,0.0,0.0,0.0,0.0,0.0,0.0,0.0,0.0,0.0,0.0,0.0,0.0,0.0,0.0,0.0,0.0,0.0,0.0,0.0,0.0,0.0,0.0,0.0,0.0,0.0,0.0,0.0,0.0,0.0
457.69391731285197,457.69391731285197,457.69391731285197,457.69391731285197,457.69391731285197,457.69391731285197,457.69391731285197,457.69391731285197,457.69391731285197,0.0,0.0,0.0,457.69391731285197,457.69391731285197,457.69391731285197,457.69391731285197,457.69391731285197,0.0,4.170332899032224,4.170332899032233,4.170332899032233,4.170332899032233,4.170332899032233,4.170332899032233,4.170332899032233,4.170332899032233,4.170332899032233,0.0,0.0,0.0,0.0,0.0,0.0,0.0,0.0,0.0,18.816152702368992,18.991160802610064,17.894861538340315,18.816152702368964,17.903225901517253,18.816152702368964,18.816152702368964,17.891430619872715,17.04398055481702,3.2473831384039276,3.247383138403902,3.2473831384039022,3.247383138403902,3.247383138403902,3.247383138403902,3.247383138403902,3.247383138403902,3.247383138403902,-5.4,-5.3,26.184824218336278,27.714747668075713,-6.1,-4.199120250273238,-6.1,-6.483942019665853,26.1628058661975,0.0,0.0,0.0,0.0,0.0,0.0,0.0,0.0,0.0,0.0,0.0,0.0,0.0,0.0,0.0,0.0,0.0,0.0,0.0,0.0,0.0,0.0,0.0,0.0,0.0,0.0,0.0,0.0,0.0,0.0,0.0,0.0,0.0,0.0,0.0,0.0,0.0,0.0,0.0,0.0,0.0,0.0,0.0,0.0,0.0,0.0,0.0,0.0,0.0,0.0,0.0,0.0,0.0,0.0
455.64519186205666,455.64519186205666,455.64519186205666,455.64519186205666,455.64519186205666,455.64519186205666,455.64519186205666,455.64519186205666,455.64519186205666,0.0,0.0,0.0,455.64519186205666,455.64519186205666,455.64519186205666,455.64519186205666,455.64519186205666,0.0,4.170332899032233,4.170332899032233,4.170332899032233,4.170332899032233,4.170332899032233,4.170332899032233,4.170332899032233,4.170332899032233,4.170332899032233,0.0,0.0,0.0,0.0,0.0,0.0,0.0,0.0,0.0,18.816152702368964,19.960299274041905,18.808054730584054,18.816152702368964,18.101614644247107,17.885907740363823,16.49084337020951,17.34317582742964,16.52169453867777,3.2117701612539675,3.2117701612539675,3.2117701612539675,3.2117701612539675,3.2117701612539675,3.2117701612539675,3.2117701612160303,3.2117701612539675,3.2117701612539675,-5.4,-5.3,-5.6,-4.7,-6.1,-6.2,26.191908516787954,-6.069091154136579,-12.30339027293886,0.0,0.0,0.0,0.0,0.0,0.0,0.0,0.0,-5.037757346790251,0.0,0.0,0.0,0.0,0.0,0.0,0.0,0.0,-5.037757346790251,0.0,0.0,0.0,0.0,0.0,0.0,0.0,0.0,0.0,0.0,0.0,0.0,0.0,0.0,0.0,0.0,0.0,0.0,0.0,0.0,0.0,0.0,0.0,0.0,0.0,0.0,0.0,0.0,0.0,0.0,0.0,0.0,0.0,0.0,0.0,0.0
455.8707307254569,455.8707307254569,455.8707307254569,455.8707307254569,455.8707307254569,455.8707307254569,455.8707307254569,455.8707307254569,455.8707307254569,0.0,0.0,0.0,455.8707307254569,455.8707307254569,455.8707307254569,455.8707307254569,455.8707307254569,0.0,4.170332899032233,4.170332899032233,4.170332899032233,4.170332899032233,4.170332899032233,4.170332899032233,4.170332899032233,4.170332899032233,4.170332899032233,0.0,0.0,0.0,0.0,0.0,0.0,0.0,0.0,0.0,15.390713340042046,16.411344259662034,16.183082041967953,18.368816679465517,17.671266079842184,17.46068740116106,16.098789351290733,16.930858420046953,17.772683897573827,2.9114343163584344,3.1249212437218348,3.215690701405193,3.1867832444498414,3.2156907014051996,3.2156907014051996,3.2156907014052,3.2156907014051996,3.2156907014051996,27.895403614547014,-5.3,-5.6,27.870332312239572,-6.1,-6.2,-6.1,-7.9,-14.668649599534149,0.0,0.0,0.0,0.0,0.0,0.0,0.0,0.0,-9.54545440219785,0.0,0.0,0.0,0.0,0.0,0.0,0.0,0.0,-9.54545440219785,0.0,0.0,0.0,0.0,0.0,0.0,0.0,0.0,0.0,0.0,0.0,0.0,0.0,0.0,0.0,0.0,0.0,0.0,0.0,0.0,0.0,0.0,0.0,0.0,0.0,0.0,0.0,0.0,0.0,0.0,0.0,0.0,0.0,0.0,0.0,0.0
455.62989163288324,455.62989163288324,455.62989163288324,455.62989163288324,455.62989163288324,455.62989163288324,455.62989163288324,455.62989163288324,455.62989163288324,0.0,0.0,0.0,455.62989163288324,455.62989163288324,455.62989163288324,455.62989163288324,455.62989163288324,0.0,4.170332899032233,4.170332899032233,4.170332899032233,4.170332899032233,4.170332899032233,4.170332899032233,4.170332899032233,4.170332899032233,4.170332899032233,0.0,0.0,0.0,0.0,0.0,0.0,0.0,0.0,0.0,15.086414132871385,16.086865534311002,15.863116428539465,18.0056355696152,16.28504923222687,17.11546147072907,16.086865534311002,15.48592676243149,16.086865534311002,2.9144773084301425,3.2115041974999023,3.1329449151231477,3.2115041974999023,3.2115041974999023,2.1669736877763945,3.2115041974999023,3.2115041974999023,3.2115041974999023,-5.4,-5.3,28.383580643138227,-4.7,-5.255578480296865,-6.2,-6.1,-7.9,25.520430744926685,0.0,0.0,0.0,0.0,0.0,0.0,0.0,0.0,0.0,0.0,0.0,0.0,0.0,0.0,0.0,0.0,0.0,0.0,0.0,0.0,0.0,0.0,0.0,0.0,0.0,0.0,0.0,0.0,0.0,0.0,0.0,0.0,0.0,0.0,0.0,0.0,0.0,0.0,0.0,0.0,0.0,0.0,0.0,0.0,0.0,0.0,0.0,0.0,0.0,0.0,0.0,0.0,0.0,0.0
456.1139137849591,456.1139137849591,456.1139137849591,456.1139137849591,456.1139137849591,456.1139137849591,456.1139137849591,456.1139137849591,456.1139137849591,0.0,0.0,0.0,456.1139137849591,456.1139137849591,456.1139137849591,456.1139137849591,456.1139137849591,0.0,4.170332899032233,4.170332899032233,4.170332899032233,4.170332899032233,4.170332899032233,4.170332899032233,4.170332899032233,4.170332899032233,4.170332899032233,0.0,0.0,0.0,0.0,0.0,0.0,0.0,0.0,0.0,14.952754647939903,15.944342457419385,15.722575677598064,17.846112971673584,16.14077032848654,16.96382545275991,16.943520568398405,16.110829216841992,16.110829216841992,3.0136451068326795,3.1614637264815966,3.219917950467753,3.000380833467927,3.219917950467753,2.168490047956084,3.219917950467753,3.219917950467753,3.219917950467753,-5.4,-5.3,-5.6,-4.7,-6.1,-6.2,-6.011202811676336,-7.9,27.247838641340447,0.0,0.0,0.0,0.0,0.0,0.0,0.0,0.0,0.0,0.0,0.0,0.0,0.0,0.0,0.0,0.0,0.0,0.0,0.0,0.0,0.0,0.0,0.0,0.0,0.0,0.0,0.0,0.0,0.0,0.0,0.0,0.0,0.0,0.0,0.0,0.0,0.0,0.0,0.0,0.0,0.0,0.0,0.0,0.0,0.0,0.0,0.0,0.0,0.0,0.0,0.0,0.0,0.0,0.0
