,commodity,commodity_subtype,node_in,node_out,resource_id,component_id,type,variable,time,weighted_value,time_weight,zone,weighted_value_flow
0,CO2,flow,SE_ATR_wCCS_94pct_transforms,co2_sink,SE_ATR_wCCS_94pct,SE_ATR_wCCS_94pct_co2_edge,ThermalHydrogenCCS{NaturalGas},flow,504,0.0,,all,0.0
1,CO2,flow,SE_BECCS_Electricity_Herb_transforms,co2_sink,SE_BECCS_Electricity_Herb,SE_BECCS_Electricity_Herb_co2_emission_edge,BECCSElectricity,flow,504,0.0,,all,0.0
2,CO2,flow,SE_BECCS_Electricity_Wood_transforms,co2_sink,SE_BECCS_Electricity_Wood,SE_BECCS_Electricity_Wood_co2_emission_edge,BECCSElectricity,flow,504,0.0,,all,0.0
3,CO2,flow,SE_BECCS_FT_Herb_transforms,co2_sink,SE_BECCS_FT_Herb,SE_BECCS_FT_Herb_co2_emission_edge,BECCSLiquidFuels,flow,504,0.0,,all,0.0
4,CO2,flow,SE_BECCS_FT_Wood_transforms,co2_sink,SE_BECCS_FT_Wood,SE_BECCS_FT_Wood_co2_emission_edge,BECCSLiquidFuels,flow,504,0.0,,all,0.0
5,CO2,flow,SE_BECCS_H2_Herb_transforms,co2_sink,SE_BECCS_H2_Herb,SE_BECCS_H2_Herb_co2_emission_edge,BECCSHydrogen,flow,504,0.0,,all,0.0
6,CO2,flow,SE_BECCS_H2_Wood_transforms,co2_sink,SE_BECCS_H2_Wood,SE_BECCS_H2_Wood_co2_emission_edge,BECCSHydrogen,flow,504,0.0,,all,0.0
7,CO2,flow,SE_BECCS_NaturalGas_Herb_transforms,co2_sink,SE_BECCS_NaturalGas_Herb,SE_BECCS_NaturalGas_Herb_co2_emission_edge,BECCSNaturalGas,flow,504,0.0,,all,0.0
8,CO2,flow,SE_BECCS_NaturalGas_Wood_transforms,co2_sink,SE_BECCS_NaturalGas_Wood,SE_BECCS_NaturalGas_Wood_co2_emission_edge,BECCSNaturalGas,flow,504,0.0,,all,0.0
9,CO2,flow,SE_Bio_FT_Herb_transforms,co2_sink,SE_Bio_FT_Herb,SE_Bio_FT_Herb_co2_emission_edge,BECCSLiquidFuels,flow,504,0.0,,all,0.0
10,CO2,flow,SE_Bio_FT_Wood_transforms,co2_sink,SE_Bio_FT_Wood,SE_Bio_FT_Wood_co2_emission_edge,BECCSLiquidFuels,flow,504,0.0,,all,0.0
11,CO2,flow,SE_Bio_Gasoline_Herb_transforms,co2_sink,SE_Bio_Gasoline_Herb,SE_Bio_Gasoline_Herb_co2_emission_edge,BECCSGasoline,flow,504,85754288.232096,,all,85754288.232096
12,CO2,flow,SE_Bio_Gasoline_Wood_transforms,co2_sink,SE_Bio_Gasoline_Wood,SE_Bio_Gasoline_Wood_co2_emission_edge,BECCSGasoline,flow,504,113899366.5186382,,all,113899366.5186382
13,CO2,flow,SE_Bio_NaturalGas_Herb_transforms,co2_sink,SE_Bio_NaturalGas_Herb,SE_Bio_NaturalGas_Herb_co2_emission_edge,BECCSNaturalGas,flow,504,0.0,,all,0.0
14,CO2,flow,SE_Bio_NaturalGas_Wood_transforms,co2_sink,SE_Bio_NaturalGas_Wood,SE_Bio_NaturalGas_Wood_co2_emission_edge,BECCSNaturalGas,flow,504,0.0,,all,0.0
15,CO2,flow,SE_Biochemical_CCS_20_transforms,co2_sink,SE_Biochemical_CCS_20,SE_Biochemical_CCS_20_co2_emission_edge,BioEthanol,flow,504,1.7651206990469565e-11,,all,1.7651206990469565e-11
16,CO2,flow,SE_Biochemical_CCS_86_transforms,co2_sink,SE_Biochemical_CCS_86,SE_Biochemical_CCS_86_co2_emission_edge,BioEthanol,flow,504,0.0,,all,0.0
17,CO2,flow,SE_Biochemical_Non_CCS_transforms,co2_sink,SE_Biochemical_Non_CCS,SE_Biochemical_Non_CCS_co2_emission_edge,BioEthanol,flow,504,0.0,,all,0.0
18,CO2,flow,SE_CCGT-H2_transforms,co2_sink,SE_CCGT-H2,SE_CCGT-H2_co2_edge,ThermalPower{Hydrogen},flow,504,0.0,,all,0.0
19,CO2,flow,SE_Diesel_Fossil_Upstream_transforms,co2_sink,SE_Diesel_Fossil_Upstream,SE_Diesel_Fossil_Upstream_co2_edge,FossilFuelsUpstream{LiquidFuels},flow,504,0.0,,all,0.0
20,CO2,flow,SE_Diesel_Use_transforms,co2_sink,SE_Diesel_Use,SE_Diesel_Use_co2_edge,FuelsEndUse{UserAdditions.Diesel},flow,504,45186912.181042895,,all,45186912.181042895
21,CO2,flow,SE_DryMill_Existing_Non_CCS_transforms,co2_sink,SE_DryMill_Existing_Non_CCS,SE_DryMill_Existing_Non_CCS_co2_emission_edge,BioEthanol,flow,504,15104167.200000001,,all,15104167.200000001
22,CO2,flow,SE_Ethanol_Diesel_Upgrade_transforms,co2_sink,SE_Ethanol_Diesel_Upgrade,SE_Ethanol_Diesel_Upgrade_co2_emission_edge,EthanolUpgrade,flow,504,0.0,,all,0.0
23,CO2,flow,SE_Ethanol_Gasoline_Upgrade_transforms,co2_sink,SE_Ethanol_Gasoline_Upgrade,SE_Ethanol_Gasoline_Upgrade_co2_emission_edge,EthanolUpgrade,flow,504,0.0,,all,0.0
24,CO2,flow,SE_Ethanol_JetFuel_Upgrade_transforms,co2_sink,SE_Ethanol_JetFuel_Upgrade,SE_Ethanol_JetFuel_Upgrade_co2_emission_edge,EthanolUpgrade,flow,504,0.0,,all,0.0
25,CO2,flow,SE_Ethanol_Multiproduct_Upgrade_transforms,co2_sink,SE_Ethanol_Multiproduct_Upgrade,SE_Ethanol_Multiproduct_Upgrade_co2_emission_edge,EthanolUpgrade,flow,504,0.0,,all,0.0
26,CO2,flow,SE_Gasoline_Fossil_Upstream_transforms,co2_sink,SE_Gasoline_Fossil_Upstream,SE_Gasoline_Fossil_Upstream_co2_edge,FossilFuelsUpstream{LiquidFuels},flow,504,0.0,,all,0.0
27,CO2,flow,SE_Gasoline_Use_transforms,co2_sink,SE_Gasoline_Use,SE_Gasoline_Use_co2_edge,FuelsEndUse{UserAdditions.Gasoline},flow,504,91888430.76513305,,all,91888430.76513305
28,CO2,flow,SE_JetFuel_Fossil_Upstream_transforms,co2_sink,SE_JetFuel_Fossil_Upstream,SE_JetFuel_Fossil_Upstream_co2_edge,FossilFuelsUpstream{LiquidFuels},flow,504,0.0,,all,0.0
29,CO2,flow,SE_JetFuel_Use_transforms,co2_sink,SE_JetFuel_Use,SE_JetFuel_Use_co2_edge,FuelsEndUse{UserAdditions.JetFuel},flow,504,37499264.89539184,,all,37499264.89539184
30,CO2,flow,SE_Large_SMR_Non_CCS_transforms,co2_sink,SE_Large_SMR_Non_CCS,SE_Large_SMR_Non_CCS_co2_edge,ThermalHydrogen{NaturalGas},flow,504,8846359.02129778,,all,8846359.02129778
31,CO2,flow,SE_Large_SMR_wCCS_96pct_transforms,co2_sink,SE_Large_SMR_wCCS_96pct,SE_Large_SMR_wCCS_96pct_co2_edge,ThermalHydrogenCCS{NaturalGas},flow,504,0.0,,all,0.0
32,CO2,flow,SE_NG_End_Use_transforms,co2_sink,SE_NG_End_Use,SE_NG_End_Use_co2_edge,FuelsEndUse{NaturalGas},flow,504,37652963.054562815,,all,37652963.054562815
33,CO2,flow,SE_NG_Fossil_Upstream_transforms,co2_sink,SE_NG_Fossil_Upstream,SE_NG_Fossil_Upstream_co2_edge,FossilFuelsUpstream{NaturalGas},flow,504,0.0,,all,0.0
34,CO2,flow,SE_OCGT-H2_transforms,co2_sink,SE_OCGT-H2,SE_OCGT-H2_co2_edge,ThermalPower{Hydrogen},flow,504,0.0,,all,0.0
35,CO2,flow,SE_Solvent_DAC_transforms,co2_sink,SE_Solvent_DAC,SE_Solvent_DAC_co2_emission_edge,NaturalGasDAC,flow,504,0.0,,all,0.0
36,CO2,flow,SE_Synthetic_FT_transforms,co2_sink,SE_Synthetic_FT,SE_Synthetic_FT_co2_emission_edge,SyntheticLiquidFuels,flow,504,0.0,,all,0.0
37,CO2,flow,SE_Synthetic_NaturalGas_transforms,co2_sink,SE_Synthetic_NaturalGas,SE_Synthetic_NaturalGas_co2_emission_edge,SyntheticNaturalGas,flow,504,0.0,,all,0.0
38,CO2,flow,SE_natural_gas_fired_combined_cycle_1_transforms,co2_sink,SE_natural_gas_fired_combined_cycle_1,SE_natural_gas_fired_combined_cycle_1_co2_edge,ThermalPower{NaturalGas},flow,504,13641189.197587842,,all,13641189.197587842
39,CO2,flow,SE_natural_gas_fired_combined_cycle_2_transforms,co2_sink,SE_natural_gas_fired_combined_cycle_2,SE_natural_gas_fired_combined_cycle_2_co2_edge,ThermalPower{NaturalGas},flow,504,0.0,,all,0.0
40,CO2,flow,SE_natural_gas_fired_combined_cycle_3_transforms,co2_sink,SE_natural_gas_fired_combined_cycle_3,SE_natural_gas_fired_combined_cycle_3_co2_edge,ThermalPower{NaturalGas},flow,504,33152590.70927665,,all,33152590.70927665
41,CO2,flow,SE_natural_gas_fired_combined_cycle_4_transforms,co2_sink,SE_natural_gas_fired_combined_cycle_4,SE_natural_gas_fired_combined_cycle_4_co2_edge,ThermalPower{NaturalGas},flow,504,0.0,,all,0.0
42,CO2,flow,SE_natural_gas_fired_combustion_turbine_1_transforms,co2_sink,SE_natural_gas_fired_combustion_turbine_1,SE_natural_gas_fired_combustion_turbine_1_co2_edge,ThermalPower{NaturalGas},flow,504,49696.71910158173,,all,49696.71910158173
43,CO2,flow,SE_natural_gas_fired_combustion_turbine_2_transforms,co2_sink,SE_natural_gas_fired_combustion_turbine_2,SE_natural_gas_fired_combustion_turbine_2_co2_edge,ThermalPower{NaturalGas},flow,504,0.0,,all,0.0
44,CO2,flow,SE_naturalgas_ccavgcf_moderate_0_transforms,co2_sink,SE_naturalgas_ccavgcf_moderate_0,SE_naturalgas_ccavgcf_moderate_0_co2_edge,ThermalPower{NaturalGas},flow,504,0.0,,all,0.0
45,CO2,flow,SE_naturalgas_ccccsavgcf_conservative_0_transforms,co2_sink,SE_naturalgas_ccccsavgcf_conservative_0,SE_naturalgas_ccccsavgcf_conservative_0_co2_edge,ThermalPowerCCS{NaturalGas},flow,504,0.0,,all,0.0
46,CO2,flow,SE_naturalgas_ctavgcf_moderate_0_transforms,co2_sink,SE_naturalgas_ctavgcf_moderate_0,SE_naturalgas_ctavgcf_moderate_0_co2_edge,ThermalPower{NaturalGas},flow,504,0.0,,all,0.0
47,CO2,flow,SE_nuclear_1_transforms,co2_sink,SE_nuclear_1,SE_nuclear_1_co2_edge,ThermalPower{Uranium},flow,504,0.0,,all,0.0
48,CO2,flow,SE_nuclear_2_transforms,co2_sink,SE_nuclear_2,SE_nuclear_2_co2_edge,ThermalPower{Uranium},flow,504,0.0,,all,0.0
49,CO2,flow,SE_nuclear_mid_0_transforms,co2_sink,SE_nuclear_mid_0,SE_nuclear_mid_0_co2_edge,ThermalPower{Uranium},flow,504,0.0,,all,0.0
50,CO2,flow,co2_sink,SE_BECCS_Electricity_Herb_transforms,SE_BECCS_Electricity_Herb,SE_BECCS_Electricity_Herb_co2_edge,BECCSElectricity,flow,504,0.0,,all,-0.0
51,CO2,flow,co2_sink,SE_BECCS_Electricity_Wood_transforms,SE_BECCS_Electricity_Wood,SE_BECCS_Electricity_Wood_co2_edge,BECCSElectricity,flow,504,-4.6732753583819445e-12,,all,4.6732753583819445e-12
52,CO2,flow,co2_sink,SE_BECCS_FT_Herb_transforms,SE_BECCS_FT_Herb,SE_BECCS_FT_Herb_co2_edge,BECCSLiquidFuels,flow,504,0.0,,all,-0.0
53,CO2,flow,co2_sink,SE_BECCS_FT_Wood_transforms,SE_BECCS_FT_Wood,SE_BECCS_FT_Wood_co2_edge,BECCSLiquidFuels,flow,504,0.0,,all,-0.0
54,CO2,flow,co2_sink,SE_BECCS_H2_Herb_transforms,SE_BECCS_H2_Herb,SE_BECCS_H2_Herb_co2_edge,BECCSHydrogen,flow,504,0.0,,all,-0.0
55,CO2,flow,co2_sink,SE_BECCS_H2_Wood_transforms,SE_BECCS_H2_Wood,SE_BECCS_H2_Wood_co2_edge,BECCSHydrogen,flow,504,0.0,,all,-0.0
56,CO2,flow,co2_sink,SE_BECCS_NaturalGas_Herb_transforms,SE_BECCS_NaturalGas_Herb,SE_BECCS_NaturalGas_Herb_co2_edge,BECCSNaturalGas,flow,504,0.0,,all,-0.0
57,CO2,flow,co2_sink,SE_BECCS_NaturalGas_Wood_transforms,SE_BECCS_NaturalGas_Wood,SE_BECCS_NaturalGas_Wood_co2_edge,BECCSNaturalGas,flow,504,0.0,,all,-0.0
58,CO2,flow,co2_sink,SE_Bio_FT_Herb_transforms,SE_Bio_FT_Herb,SE_Bio_FT_Herb_co2_edge,BECCSLiquidFuels,flow,504,0.0,,all,-0.0
59,CO2,flow,co2_sink,SE_Bio_FT_Wood_transforms,SE_Bio_FT_Wood,SE_Bio_FT_Wood_co2_edge,BECCSLiquidFuels,flow,504,0.0,,all,-0.0
60,CO2,flow,co2_sink,SE_Bio_Gasoline_Herb_transforms,SE_Bio_Gasoline_Herb,SE_Bio_Gasoline_Herb_co2_edge,BECCSGasoline,flow,504,119772650.8704,,all,-119772650.8704
61,CO2,flow,co2_sink,SE_Bio_Gasoline_Wood_transforms,SE_Bio_Gasoline_Wood,SE_Bio_Gasoline_Wood_co2_edge,BECCSGasoline,flow,504,159082762.40919992,,all,-159082762.40919992
62,CO2,flow,co2_sink,SE_Bio_NaturalGas_Herb_transforms,SE_Bio_NaturalGas_Herb,SE_Bio_NaturalGas_Herb_co2_edge,BECCSNaturalGas,flow,504,0.0,,all,-0.0
63,CO2,flow,co2_sink,SE_Bio_NaturalGas_Wood_transforms,SE_Bio_NaturalGas_Wood,SE_Bio_NaturalGas_Wood_co2_edge,BECCSNaturalGas,flow,504,0.0,,all,-0.0
64,CO2,flow,co2_sink,SE_Biochemical_CCS_20_transforms,SE_Biochemical_CCS_20,SE_Biochemical_CCS_20_co2_content_edge,BioEthanol,flow,504,3.025921198366212e-11,,all,-3.025921198366212e-11
65,CO2,flow,co2_sink,SE_Biochemical_CCS_86_transforms,SE_Biochemical_CCS_86,SE_Biochemical_CCS_86_co2_content_edge,BioEthanol,flow,504,0.0,,all,-0.0
66,CO2,flow,co2_sink,SE_Biochemical_Non_CCS_transforms,SE_Biochemical_Non_CCS,SE_Biochemical_Non_CCS_co2_content_edge,BioEthanol,flow,504,0.0,,all,-0.0
67,CO2,flow,co2_sink,SE_DryMill_Existing_Non_CCS_transforms,SE_DryMill_Existing_Non_CCS,SE_DryMill_Existing_Non_CCS_co2_content_edge,BioEthanol,flow,504,24195995.999999996,,all,-24195995.999999996
68,CO2,flow,co2_sink,SE_Solvent_DAC_transforms,SE_Solvent_DAC,SE_Solvent_DAC_co2_edge,NaturalGasDAC,flow,504,0.0,,all,-0.0
69,CO2,flow,co2_sink,SE_Sorbent_DAC_transforms,SE_Sorbent_DAC,SE_Sorbent_DAC_co2_edge,ElectricDAC,flow,504,0.0,,all,-0.0
